Blender 4.4.3 (hash 802179c51ccc built 2025-04-29 15:39:58)
Read blend: "E:\Games_Develop\Little-Castle_Assets_cliffkit\Source\Environment\CliffKit\v001\CliffKit.blend"
Fra:1 Mem:23.25M (Peak 23.25M) | Time:00:00.00 | Mem:0.00M, Peak:0.00M | Scene, ViewLayer | Synchronizing object | Cliff_Straight_A_LOD0
Fra:1 Mem:23.25M (Peak 23.25M) | Time:00:00.00 | Mem:0.00M, Peak:0.00M | Scene, ViewLayer | Synchronizing object | Plane
Fra:1 Mem:23.37M (Peak 23.37M) | Time:00:00.00 | Mem:0.00M, Peak:0.00M | Scene, ViewLayer | Initializing
Fra:1 Mem:23.36M (Peak 23.37M) | Time:00:00.00 | Mem:0.00M, Peak:0.00M | Scene, ViewLayer | Updating Images | Loading Normal_OpenGL.png.002
Fra:1 Mem:23.36M (Peak 23.37M) | Time:00:00.00 | Mem:0.00M, Peak:0.00M | Scene, ViewLayer | Updating Images | Loading BaseColor.png
Fra:1 Mem:23.36M (Peak 23.37M) | Time:00:00.00 | Mem:0.00M, Peak:0.00M | Scene, ViewLayer | Updating Images | Loading Normal_OpenGL.png
Fra:1 Mem:23.36M (Peak 23.37M) | Time:00:00.00 | Mem:0.00M, Peak:0.00M | Scene, ViewLayer | Updating Images | Loading Roughness.png.002
Fra:1 Mem:47.05M (Peak 55.39M) | Time:00:00.03 | Mem:24.00M, Peak:24.00M | Scene, ViewLayer | Waiting for render to start
Fra:1 Mem:47.05M (Peak 55.39M) | Time:00:00.03 | Mem:24.00M, Peak:24.00M | Scene, ViewLayer | Loading render kernels (may take a few minutes the first time)
Fra:1 Mem:47.05M (Peak 55.39M) | Time:00:00.03 | Mem:24.00M, Peak:24.00M | Scene, ViewLayer | Updating Scene
Fra:1 Mem:47.05M (Peak 55.39M) | Time:00:00.03 | Mem:24.00M, Peak:24.00M | Scene, ViewLayer | Updating Shaders
Fra:1 Mem:47.13M (Peak 55.39M) | Time:00:00.03 | Mem:24.00M, Peak:24.00M | Scene, ViewLayer | Updating Procedurals
Fra:1 Mem:47.13M (Peak 55.39M) | Time:00:00.03 | Mem:24.00M, Peak:24.00M | Scene, ViewLayer | Updating Background
Fra:1 Mem:47.13M (Peak 55.39M) | Time:00:00.03 | Mem:24.00M, Peak:24.00M | Scene, ViewLayer | Updating Camera
Fra:1 Mem:47.13M (Peak 55.39M) | Time:00:00.03 | Mem:24.00M, Peak:24.00M | Scene, ViewLayer | Updating Meshes Flags
Fra:1 Mem:47.13M (Peak 55.39M) | Time:00:00.03 | Mem:24.00M, Peak:24.00M | Scene, ViewLayer | Updating Objects
Fra:1 Mem:47.13M (Peak 55.39M) | Time:00:00.03 | Mem:24.00M, Peak:24.00M | Scene, ViewLayer | Updating Objects | Copying Transformations to device
Fra:1 Mem:47.14M (Peak 55.39M) | Time:00:00.03 | Mem:24.00M, Peak:24.00M | Scene, ViewLayer | Updating Objects | Applying Static Transformations
Fra:1 Mem:47.14M (Peak 55.39M) | Time:00:00.03 | Mem:24.00M, Peak:24.00M | Scene, ViewLayer | Updating Particle Systems
Fra:1 Mem:47.14M (Peak 55.39M) | Time:00:00.03 | Mem:24.00M, Peak:24.00M | Scene, ViewLayer | Updating Particle Systems | Copying Particles to device
Fra:1 Mem:47.14M (Peak 55.39M) | Time:00:00.03 | Mem:24.00M, Peak:24.00M | Scene, ViewLayer | Updating Meshes
Fra:1 Mem:47.15M (Peak 55.39M) | Time:00:00.03 | Mem:24.00M, Peak:24.00M | Scene, ViewLayer | Updating Mesh | Computing attributes
Fra:1 Mem:47.22M (Peak 55.39M) | Time:00:00.03 | Mem:24.00M, Peak:24.00M | Scene, ViewLayer | Updating Mesh | Copying Attributes to device
Fra:1 Mem:47.22M (Peak 55.39M) | Time:00:00.03 | Mem:24.07M, Peak:24.07M | Scene, ViewLayer | Updating Scene BVH | Building
Fra:1 Mem:47.22M (Peak 55.39M) | Time:00:00.03 | Mem:24.07M, Peak:24.07M | Scene, ViewLayer | Updating Scene BVH | Building BVH
Fra:1 Mem:47.22M (Peak 55.39M) | Time:00:00.03 | Mem:24.10M, Peak:24.10M | Scene, ViewLayer | Updating Scene BVH | Building BVH 0%
Fra:1 Mem:47.22M (Peak 55.39M) | Time:00:00.03 | Mem:24.13M, Peak:24.16M | Scene, ViewLayer | Updating Scene BVH | Copying BVH to device
Fra:1 Mem:47.22M (Peak 55.39M) | Time:00:00.03 | Mem:24.13M, Peak:24.16M | Scene, ViewLayer | Updating Mesh | Computing normals
Fra:1 Mem:47.25M (Peak 55.39M) | Time:00:00.03 | Mem:24.13M, Peak:24.16M | Scene, ViewLayer | Updating Mesh | Copying Mesh to device
Fra:1 Mem:47.25M (Peak 55.39M) | Time:00:00.03 | Mem:24.16M, Peak:24.16M | Scene, ViewLayer | Updating Objects Flags
Fra:1 Mem:47.25M (Peak 55.39M) | Time:00:00.03 | Mem:24.16M, Peak:24.16M | Scene, ViewLayer | Updating Primitive Offsets
Fra:1 Mem:47.25M (Peak 55.39M) | Time:00:00.03 | Mem:24.16M, Peak:24.16M | Scene, ViewLayer | Updating Images
Fra:1 Mem:47.25M (Peak 55.39M) | Time:00:00.03 | Mem:24.16M, Peak:24.16M | Scene, ViewLayer | Updating Camera Volume
Fra:1 Mem:47.25M (Peak 55.39M) | Time:00:00.03 | Mem:24.16M, Peak:24.16M | Scene, ViewLayer | Updating Lookup Tables
Fra:1 Mem:47.25M (Peak 55.39M) | Time:00:00.03 | Mem:24.25M, Peak:24.25M | Scene, ViewLayer | Updating Lights
Fra:1 Mem:47.25M (Peak 55.39M) | Time:00:00.03 | Mem:24.25M, Peak:24.25M | Scene, ViewLayer | Updating Lights | Computing tree
Fra:1 Mem:47.25M (Peak 55.39M) | Time:00:00.03 | Mem:24.25M, Peak:24.25M | Scene, ViewLayer | Updating Integrator
Fra:1 Mem:47.25M (Peak 55.39M) | Time:00:00.03 | Mem:24.25M, Peak:24.25M | Scene, ViewLayer | Updating Film
Fra:1 Mem:47.26M (Peak 55.39M) | Time:00:00.03 | Mem:24.17M, Peak:24.25M | Scene, ViewLayer | Updating Lookup Tables
Fra:1 Mem:47.26M (Peak 55.39M) | Time:00:00.03 | Mem:24.25M, Peak:24.25M | Scene, ViewLayer | Updating Baking
Fra:1 Mem:47.26M (Peak 55.39M) | Time:00:00.03 | Mem:24.25M, Peak:24.25M | Scene, ViewLayer | Updating Device | Writing constant memory
Fra:1 Mem:47.26M (Peak 55.39M) | Time:00:00.03 | Mem:24.25M, Peak:24.25M | Scene, ViewLayer | Loading denoising kernels (may take a few minutes the first time)
Fra:1 Mem:47.26M (Peak 55.39M) | Time:00:00.03 | Mem:24.25M, Peak:24.25M | Scene, ViewLayer | Sample 0/12
Fra:1 Mem:64.58M (Peak 64.58M) | Time:00:00.07 | Remaining:00:00.35 | Mem:41.31M, Peak:41.31M | Scene, ViewLayer | Sample 1/12
Fra:1 Mem:71.76M (Peak 82.53M) | Time:00:00.82 | Mem:41.31M, Peak:41.31M | Scene, ViewLayer | Sample 12/12
Fra:1 Mem:71.76M (Peak 82.53M) | Time:00:00.82 | Mem:41.31M, Peak:41.31M | Scene, ViewLayer | Finished
Saved: 'E:\Games_Develop\Little-Castle_Assets_cliffkit\Source\Environment\CliffKit\v001\QA\Cliff_Straight_A_LOD0.png'
Time: 00:00.91 (Saving: 00:00.09)

Fra:1 Mem:23.26M (Peak 23.26M) | Time:00:00.00 | Mem:0.00M, Peak:0.00M | Scene, ViewLayer | Synchronizing object | Cliff_Straight_A_LOD1
Fra:1 Mem:23.30M (Peak 23.30M) | Time:00:00.00 | Mem:0.00M, Peak:0.00M | Scene, ViewLayer | Synchronizing object | Plane
Fra:1 Mem:23.30M (Peak 23.30M) | Time:00:00.00 | Mem:0.00M, Peak:0.00M | Scene, ViewLayer | Initializing
Fra:1 Mem:23.29M (Peak 23.30M) | Time:00:00.00 | Mem:0.00M, Peak:0.00M | Scene, ViewLayer | Updating Images | Loading Normal_OpenGL.png.002
Fra:1 Mem:23.29M (Peak 23.30M) | Time:00:00.00 | Mem:0.00M, Peak:0.00M | Scene, ViewLayer | Updating Images | Loading Normal_OpenGL.png
Fra:1 Mem:23.29M (Peak 23.30M) | Time:00:00.00 | Mem:0.00M, Peak:0.00M | Scene, ViewLayer | Updating Images | Loading Roughness.png.002
Fra:1 Mem:46.98M (Peak 55.32M) | Time:00:00.01 | Mem:24.00M, Peak:24.00M | Scene, ViewLayer | Waiting for render to start
Fra:1 Mem:46.98M (Peak 55.32M) | Time:00:00.01 | Mem:24.00M, Peak:24.00M | Scene, ViewLayer | Loading render kernels (may take a few minutes the first time)
Fra:1 Mem:46.98M (Peak 55.32M) | Time:00:00.01 | Mem:24.00M, Peak:24.00M | Scene, ViewLayer | Updating Scene
Fra:1 Mem:46.98M (Peak 55.32M) | Time:00:00.01 | Mem:24.00M, Peak:24.00M | Scene, ViewLayer | Updating Shaders
Fra:1 Mem:47.06M (Peak 55.32M) | Time:00:00.01 | Mem:24.00M, Peak:24.00M | Scene, ViewLayer | Updating Procedurals
Fra:1 Mem:47.06M (Peak 55.32M) | Time:00:00.01 | Mem:24.00M, Peak:24.00M | Scene, ViewLayer | Updating Background
Fra:1 Mem:47.06M (Peak 55.32M) | Time:00:00.01 | Mem:24.00M, Peak:24.00M | Scene, ViewLayer | Updating Camera
Fra:1 Mem:47.06M (Peak 55.32M) | Time:00:00.01 | Mem:24.00M, Peak:24.00M | Scene, ViewLayer | Updating Meshes Flags
Fra:1 Mem:47.06M (Peak 55.32M) | Time:00:00.01 | Mem:24.00M, Peak:24.00M | Scene, ViewLayer | Updating Objects
Fra:1 Mem:47.06M (Peak 55.32M) | Time:00:00.01 | Mem:24.00M, Peak:24.00M | Scene, ViewLayer | Updating Objects | Copying Transformations to device
Fra:1 Mem:47.06M (Peak 55.32M) | Time:00:00.01 | Mem:24.00M, Peak:24.00M | Scene, ViewLayer | Updating Objects | Applying Static Transformations
Fra:1 Mem:47.06M (Peak 55.32M) | Time:00:00.01 | Mem:24.00M, Peak:24.00M | Scene, ViewLayer | Updating Particle Systems
Fra:1 Mem:47.06M (Peak 55.32M) | Time:00:00.01 | Mem:24.00M, Peak:24.00M | Scene, ViewLayer | Updating Particle Systems | Copying Particles to device
Fra:1 Mem:47.06M (Peak 55.32M) | Time:00:00.01 | Mem:24.00M, Peak:24.00M | Scene, ViewLayer | Updating Meshes
Fra:1 Mem:47.07M (Peak 55.32M) | Time:00:00.01 | Mem:24.00M, Peak:24.00M | Scene, ViewLayer | Updating Mesh | Computing attributes
Fra:1 Mem:47.09M (Peak 55.32M) | Time:00:00.01 | Mem:24.00M, Peak:24.00M | Scene, ViewLayer | Updating Mesh | Copying Attributes to device
Fra:1 Mem:47.09M (Peak 55.32M) | Time:00:00.01 | Mem:24.02M, Peak:24.02M | Scene, ViewLayer | Updating Scene BVH | Building
Fra:1 Mem:47.09M (Peak 55.32M) | Time:00:00.01 | Mem:24.02M, Peak:24.02M | Scene, ViewLayer | Updating Scene BVH | Building BVH
Fra:1 Mem:47.09M (Peak 55.32M) | Time:00:00.01 | Mem:24.03M, Peak:24.03M | Scene, ViewLayer | Updating Scene BVH | Building BVH 0%
Fra:1 Mem:47.09M (Peak 55.32M) | Time:00:00.01 | Mem:24.04M, Peak:24.05M | Scene, ViewLayer | Updating Scene BVH | Copying BVH to device
Fra:1 Mem:47.09M (Peak 55.32M) | Time:00:00.01 | Mem:24.04M, Peak:24.05M | Scene, ViewLayer | Updating Mesh | Computing normals
Fra:1 Mem:47.10M (Peak 55.32M) | Time:00:00.01 | Mem:24.04M, Peak:24.05M | Scene, ViewLayer | Updating Mesh | Copying Mesh to device
Fra:1 Mem:47.10M (Peak 55.32M) | Time:00:00.01 | Mem:24.05M, Peak:24.05M | Scene, ViewLayer | Updating Objects Flags
Fra:1 Mem:47.10M (Peak 55.32M) | Time:00:00.01 | Mem:24.05M, Peak:24.05M | Scene, ViewLayer | Updating Primitive Offsets
Fra:1 Mem:47.10M (Peak 55.32M) | Time:00:00.01 | Mem:24.05M, Peak:24.05M | Scene, ViewLayer | Updating Images
Fra:1 Mem:47.10M (Peak 55.32M) | Time:00:00.01 | Mem:24.05M, Peak:24.05M | Scene, ViewLayer | Updating Camera Volume
Fra:1 Mem:47.10M (Peak 55.32M) | Time:00:00.01 | Mem:24.05M, Peak:24.05M | Scene, ViewLayer | Updating Lookup Tables
Fra:1 Mem:47.10M (Peak 55.32M) | Time:00:00.01 | Mem:24.13M, Peak:24.13M | Scene, ViewLayer | Updating Lights
Fra:1 Mem:47.10M (Peak 55.32M) | Time:00:00.01 | Mem:24.13M, Peak:24.13M | Scene, ViewLayer | Updating Lights | Computing tree
Fra:1 Mem:47.10M (Peak 55.32M) | Time:00:00.01 | Mem:24.13M, Peak:24.13M | Scene, ViewLayer | Updating Integrator
Fra:1 Mem:47.10M (Peak 55.32M) | Time:00:00.01 | Mem:24.13M, Peak:24.13M | Scene, ViewLayer | Updating Film
Fra:1 Mem:47.10M (Peak 55.32M) | Time:00:00.01 | Mem:24.05M, Peak:24.13M | Scene, ViewLayer | Updating Lookup Tables
Fra:1 Mem:47.10M (Peak 55.32M) | Time:00:00.01 | Mem:24.14M, Peak:24.14M | Scene, ViewLayer | Updating Baking
Fra:1 Mem:47.10M (Peak 55.32M) | Time:00:00.01 | Mem:24.14M, Peak:24.14M | Scene, ViewLayer | Updating Device | Writing constant memory
Fra:1 Mem:47.10M (Peak 55.32M) | Time:00:00.01 | Mem:24.14M, Peak:24.14M | Scene, ViewLayer | Loading denoising kernels (may take a few minutes the first time)
Fra:1 Mem:47.10M (Peak 55.32M) | Time:00:00.01 | Mem:24.14M, Peak:24.14M | Scene, ViewLayer | Sample 0/12
Fra:1 Mem:64.43M (Peak 64.43M) | Time:00:00.04 | Remaining:00:00.33 | Mem:41.20M, Peak:41.20M | Scene, ViewLayer | Sample 1/12
Fra:1 Mem:71.61M (Peak 82.38M) | Time:00:00.79 | Mem:41.20M, Peak:41.20M | Scene, ViewLayer | Sample 12/12
Fra:1 Mem:71.61M (Peak 82.38M) | Time:00:00.79 | Mem:41.20M, Peak:41.20M | Scene, ViewLayer | Finished
Saved: 'E:\Games_Develop\Little-Castle_Assets_cliffkit\Source\Environment\CliffKit\v001\QA\Cliff_Straight_A_LOD1.png'
Time: 00:00.81 (Saving: 00:00.01)

Fra:1 Mem:23.27M (Peak 23.27M) | Time:00:00.00 | Mem:0.00M, Peak:0.00M | Scene, ViewLayer | Synchronizing object | Cliff_Straight_A_LOD2
Fra:1 Mem:23.27M (Peak 23.27M) | Time:00:00.00 | Mem:0.00M, Peak:0.00M | Scene, ViewLayer | Synchronizing object | Plane
Fra:1 Mem:23.29M (Peak 23.29M) | Time:00:00.00 | Mem:0.00M, Peak:0.00M | Scene, ViewLayer | Initializing
Fra:1 Mem:23.28M (Peak 23.29M) | Time:00:00.00 | Mem:0.00M, Peak:0.00M | Scene, ViewLayer | Updating Images | Loading Normal_OpenGL.png.002
Fra:1 Mem:23.28M (Peak 23.29M) | Time:00:00.00 | Mem:0.00M, Peak:0.00M | Scene, ViewLayer | Updating Images | Loading Roughness.png.002
Fra:1 Mem:46.97M (Peak 55.31M) | Time:00:00.01 | Mem:24.00M, Peak:24.00M | Scene, ViewLayer | Waiting for render to start
Fra:1 Mem:46.97M (Peak 55.31M) | Time:00:00.01 | Mem:24.00M, Peak:24.00M | Scene, ViewLayer | Loading render kernels (may take a few minutes the first time)
Fra:1 Mem:46.97M (Peak 55.31M) | Time:00:00.01 | Mem:24.00M, Peak:24.00M | Scene, ViewLayer | Updating Scene
Fra:1 Mem:46.97M (Peak 55.31M) | Time:00:00.01 | Mem:24.00M, Peak:24.00M | Scene, ViewLayer | Updating Shaders
Fra:1 Mem:47.05M (Peak 55.31M) | Time:00:00.01 | Mem:24.00M, Peak:24.00M | Scene, ViewLayer | Updating Procedurals
Fra:1 Mem:47.05M (Peak 55.31M) | Time:00:00.01 | Mem:24.00M, Peak:24.00M | Scene, ViewLayer | Updating Background
Fra:1 Mem:47.05M (Peak 55.31M) | Time:00:00.01 | Mem:24.00M, Peak:24.00M | Scene, ViewLayer | Updating Camera
Fra:1 Mem:47.05M (Peak 55.31M) | Time:00:00.01 | Mem:24.00M, Peak:24.00M | Scene, ViewLayer | Updating Meshes Flags
Fra:1 Mem:47.05M (Peak 55.31M) | Time:00:00.01 | Mem:24.00M, Peak:24.00M | Scene, ViewLayer | Updating Objects
Fra:1 Mem:47.05M (Peak 55.31M) | Time:00:00.01 | Mem:24.00M, Peak:24.00M | Scene, ViewLayer | Updating Objects | Copying Transformations to device
Fra:1 Mem:47.05M (Peak 55.31M) | Time:00:00.01 | Mem:24.00M, Peak:24.00M | Scene, ViewLayer | Updating Objects | Applying Static Transformations
Fra:1 Mem:47.05M (Peak 55.31M) | Time:00:00.01 | Mem:24.00M, Peak:24.00M | Scene, ViewLayer | Updating Particle Systems
Fra:1 Mem:47.05M (Peak 55.31M) | Time:00:00.01 | Mem:24.00M, Peak:24.00M | Scene, ViewLayer | Updating Particle Systems | Copying Particles to device
Fra:1 Mem:47.05M (Peak 55.31M) | Time:00:00.01 | Mem:24.00M, Peak:24.00M | Scene, ViewLayer | Updating Meshes
Fra:1 Mem:47.06M (Peak 55.31M) | Time:00:00.01 | Mem:24.00M, Peak:24.00M | Scene, ViewLayer | Updating Mesh | Computing attributes
Fra:1 Mem:47.07M (Peak 55.31M) | Time:00:00.01 | Mem:24.00M, Peak:24.00M | Scene, ViewLayer | Updating Mesh | Copying Attributes to device
Fra:1 Mem:47.07M (Peak 55.31M) | Time:00:00.01 | Mem:24.02M, Peak:24.02M | Scene, ViewLayer | Updating Scene BVH | Building
Fra:1 Mem:47.07M (Peak 55.31M) | Time:00:00.01 | Mem:24.02M, Peak:24.02M | Scene, ViewLayer | Updating Scene BVH | Building BVH
Fra:1 Mem:47.07M (Peak 55.31M) | Time:00:00.01 | Mem:24.02M, Peak:24.02M | Scene, ViewLayer | Updating Scene BVH | Building BVH 0%
Fra:1 Mem:47.07M (Peak 55.31M) | Time:00:00.01 | Mem:24.03M, Peak:24.03M | Scene, ViewLayer | Updating Scene BVH | Copying BVH to device
Fra:1 Mem:47.07M (Peak 55.31M) | Time:00:00.01 | Mem:24.03M, Peak:24.03M | Scene, ViewLayer | Updating Mesh | Computing normals
Fra:1 Mem:47.07M (Peak 55.31M) | Time:00:00.01 | Mem:24.03M, Peak:24.03M | Scene, ViewLayer | Updating Mesh | Copying Mesh to device
Fra:1 Mem:47.07M (Peak 55.31M) | Time:00:00.01 | Mem:24.04M, Peak:24.04M | Scene, ViewLayer | Updating Objects Flags
Fra:1 Mem:47.07M (Peak 55.31M) | Time:00:00.01 | Mem:24.04M, Peak:24.04M | Scene, ViewLayer | Updating Primitive Offsets
Fra:1 Mem:47.07M (Peak 55.31M) | Time:00:00.01 | Mem:24.04M, Peak:24.04M | Scene, ViewLayer | Updating Images
Fra:1 Mem:47.07M (Peak 55.31M) | Time:00:00.01 | Mem:24.04M, Peak:24.04M | Scene, ViewLayer | Updating Camera Volume
Fra:1 Mem:47.07M (Peak 55.31M) | Time:00:00.01 | Mem:24.04M, Peak:24.04M | Scene, ViewLayer | Updating Lookup Tables
Fra:1 Mem:47.07M (Peak 55.31M) | Time:00:00.01 | Mem:24.12M, Peak:24.12M | Scene, ViewLayer | Updating Lights
Fra:1 Mem:47.07M (Peak 55.31M) | Time:00:00.01 | Mem:24.12M, Peak:24.12M | Scene, ViewLayer | Updating Lights | Computing tree
Fra:1 Mem:47.08M (Peak 55.31M) | Time:00:00.01 | Mem:24.12M, Peak:24.12M | Scene, ViewLayer | Updating Integrator
Fra:1 Mem:47.08M (Peak 55.31M) | Time:00:00.01 | Mem:24.12M, Peak:24.12M | Scene, ViewLayer | Updating Film
Fra:1 Mem:47.08M (Peak 55.31M) | Time:00:00.01 | Mem:24.04M, Peak:24.12M | Scene, ViewLayer | Updating Lookup Tables
Fra:1 Mem:47.08M (Peak 55.31M) | Time:00:00.01 | Mem:24.12M, Peak:24.12M | Scene, ViewLayer | Updating Baking
Fra:1 Mem:47.08M (Peak 55.31M) | Time:00:00.01 | Mem:24.12M, Peak:24.12M | Scene, ViewLayer | Updating Device | Writing constant memory
Fra:1 Mem:47.08M (Peak 55.31M) | Time:00:00.01 | Mem:24.12M, Peak:24.12M | Scene, ViewLayer | Loading denoising kernels (may take a few minutes the first time)
Fra:1 Mem:47.08M (Peak 55.31M) | Time:00:00.01 | Mem:24.12M, Peak:24.12M | Scene, ViewLayer | Sample 0/12
Fra:1 Mem:64.41M (Peak 64.41M) | Time:00:00.04 | Remaining:00:00.32 | Mem:41.18M, Peak:41.18M | Scene, ViewLayer | Sample 1/12
Fra:1 Mem:71.59M (Peak 82.36M) | Time:00:00.77 | Mem:41.18M, Peak:41.18M | Scene, ViewLayer | Sample 12/12
Fra:1 Mem:71.59M (Peak 82.36M) | Time:00:00.77 | Mem:41.18M, Peak:41.18M | Scene, ViewLayer | Finished
Saved: 'E:\Games_Develop\Little-Castle_Assets_cliffkit\Source\Environment\CliffKit\v001\QA\Cliff_Straight_A_LOD2.png'
Time: 00:00.79 (Saving: 00:00.01)

Fra:1 Mem:23.27M (Peak 23.27M) | Time:00:00.00 | Mem:0.00M, Peak:0.00M | Scene, ViewLayer | Synchronizing object | Cliff_Straight_A_LOD0
Fra:1 Mem:23.27M (Peak 23.27M) | Time:00:00.00 | Mem:0.00M, Peak:0.00M | Scene, ViewLayer | Synchronizing object | Plane
Fra:1 Mem:23.38M (Peak 23.38M) | Time:00:00.00 | Mem:0.00M, Peak:0.00M | Scene, ViewLayer | Initializing
Fra:1 Mem:23.37M (Peak 23.38M) | Time:00:00.00 | Mem:0.00M, Peak:0.00M | Scene, ViewLayer | Updating Images | Loading Normal_OpenGL.png.002
Fra:1 Mem:23.37M (Peak 23.38M) | Time:00:00.00 | Mem:0.00M, Peak:0.00M | Scene, ViewLayer | Updating Images | Loading BaseColor.png
Fra:1 Mem:23.37M (Peak 23.38M) | Time:00:00.00 | Mem:0.00M, Peak:0.00M | Scene, ViewLayer | Updating Images | Loading Roughness.png.002
Fra:1 Mem:47.06M (Peak 55.40M) | Time:00:00.01 | Mem:24.00M, Peak:24.00M | Scene, ViewLayer | Waiting for render to start
Fra:1 Mem:47.06M (Peak 55.40M) | Time:00:00.01 | Mem:24.00M, Peak:24.00M | Scene, ViewLayer | Loading render kernels (may take a few minutes the first time)
Fra:1 Mem:47.06M (Peak 55.40M) | Time:00:00.01 | Mem:24.00M, Peak:24.00M | Scene, ViewLayer | Updating Scene
Fra:1 Mem:47.06M (Peak 55.40M) | Time:00:00.01 | Mem:24.00M, Peak:24.00M | Scene, ViewLayer | Updating Shaders
Fra:1 Mem:47.14M (Peak 55.40M) | Time:00:00.01 | Mem:24.00M, Peak:24.00M | Scene, ViewLayer | Updating Procedurals
Fra:1 Mem:47.14M (Peak 55.40M) | Time:00:00.01 | Mem:24.00M, Peak:24.00M | Scene, ViewLayer | Updating Background
Fra:1 Mem:47.14M (Peak 55.40M) | Time:00:00.01 | Mem:24.00M, Peak:24.00M | Scene, ViewLayer | Updating Camera
Fra:1 Mem:47.14M (Peak 55.40M) | Time:00:00.01 | Mem:24.00M, Peak:24.00M | Scene, ViewLayer | Updating Meshes Flags
Fra:1 Mem:47.14M (Peak 55.40M) | Time:00:00.01 | Mem:24.00M, Peak:24.00M | Scene, ViewLayer | Updating Objects
Fra:1 Mem:47.14M (Peak 55.40M) | Time:00:00.01 | Mem:24.00M, Peak:24.00M | Scene, ViewLayer | Updating Objects | Copying Transformations to device
Fra:1 Mem:47.14M (Peak 55.40M) | Time:00:00.01 | Mem:24.00M, Peak:24.00M | Scene, ViewLayer | Updating Objects | Applying Static Transformations
Fra:1 Mem:47.14M (Peak 55.40M) | Time:00:00.01 | Mem:24.00M, Peak:24.00M | Scene, ViewLayer | Updating Particle Systems
Fra:1 Mem:47.14M (Peak 55.40M) | Time:00:00.01 | Mem:24.00M, Peak:24.00M | Scene, ViewLayer | Updating Particle Systems | Copying Particles to device
Fra:1 Mem:47.14M (Peak 55.40M) | Time:00:00.01 | Mem:24.00M, Peak:24.00M | Scene, ViewLayer | Updating Meshes
Fra:1 Mem:47.16M (Peak 55.40M) | Time:00:00.01 | Mem:24.00M, Peak:24.00M | Scene, ViewLayer | Updating Mesh | Computing attributes
Fra:1 Mem:47.23M (Peak 55.40M) | Time:00:00.01 | Mem:24.00M, Peak:24.00M | Scene, ViewLayer | Updating Mesh | Copying Attributes to device
Fra:1 Mem:47.23M (Peak 55.40M) | Time:00:00.01 | Mem:24.07M, Peak:24.07M | Scene, ViewLayer | Updating Scene BVH | Building
Fra:1 Mem:47.23M (Peak 55.40M) | Time:00:00.01 | Mem:24.07M, Peak:24.07M | Scene, ViewLayer | Updating Scene BVH | Building BVH
Fra:1 Mem:47.23M (Peak 55.40M) | Time:00:00.01 | Mem:24.10M, Peak:24.10M | Scene, ViewLayer | Updating Scene BVH | Building BVH 0%
Fra:1 Mem:47.23M (Peak 55.40M) | Time:00:00.01 | Mem:24.13M, Peak:24.16M | Scene, ViewLayer | Updating Scene BVH | Copying BVH to device
Fra:1 Mem:47.23M (Peak 55.40M) | Time:00:00.01 | Mem:24.13M, Peak:24.16M | Scene, ViewLayer | Updating Mesh | Computing normals
Fra:1 Mem:47.26M (Peak 55.40M) | Time:00:00.01 | Mem:24.13M, Peak:24.16M | Scene, ViewLayer | Updating Mesh | Copying Mesh to device
Fra:1 Mem:47.26M (Peak 55.40M) | Time:00:00.01 | Mem:24.16M, Peak:24.16M | Scene, ViewLayer | Updating Objects Flags
Fra:1 Mem:47.26M (Peak 55.40M) | Time:00:00.01 | Mem:24.16M, Peak:24.16M | Scene, ViewLayer | Updating Primitive Offsets
Fra:1 Mem:47.26M (Peak 55.40M) | Time:00:00.01 | Mem:24.16M, Peak:24.16M | Scene, ViewLayer | Updating Images
Fra:1 Mem:47.26M (Peak 55.40M) | Time:00:00.01 | Mem:24.16M, Peak:24.16M | Scene, ViewLayer | Updating Camera Volume
Fra:1 Mem:47.26M (Peak 55.40M) | Time:00:00.01 | Mem:24.16M, Peak:24.16M | Scene, ViewLayer | Updating Lookup Tables
Fra:1 Mem:47.26M (Peak 55.40M) | Time:00:00.01 | Mem:24.25M, Peak:24.25M | Scene, ViewLayer | Updating Lights
Fra:1 Mem:47.26M (Peak 55.40M) | Time:00:00.01 | Mem:24.25M, Peak:24.25M | Scene, ViewLayer | Updating Lights | Computing tree
Fra:1 Mem:47.26M (Peak 55.40M) | Time:00:00.01 | Mem:24.25M, Peak:24.25M | Scene, ViewLayer | Updating Integrator
Fra:1 Mem:47.26M (Peak 55.40M) | Time:00:00.01 | Mem:24.25M, Peak:24.25M | Scene, ViewLayer | Updating Film
Fra:1 Mem:47.26M (Peak 55.40M) | Time:00:00.01 | Mem:24.17M, Peak:24.25M | Scene, ViewLayer | Updating Lookup Tables
Fra:1 Mem:47.26M (Peak 55.40M) | Time:00:00.01 | Mem:24.25M, Peak:24.25M | Scene, ViewLayer | Updating Baking
Fra:1 Mem:47.26M (Peak 55.40M) | Time:00:00.01 | Mem:24.25M, Peak:24.25M | Scene, ViewLayer | Updating Device | Writing constant memory
Fra:1 Mem:47.26M (Peak 55.40M) | Time:00:00.01 | Mem:24.25M, Peak:24.25M | Scene, ViewLayer | Loading denoising kernels (may take a few minutes the first time)
Fra:1 Mem:47.26M (Peak 55.40M) | Time:00:00.01 | Mem:24.25M, Peak:24.25M | Scene, ViewLayer | Sample 0/12
Fra:1 Mem:64.59M (Peak 64.59M) | Time:00:00.04 | Remaining:00:00.34 | Mem:41.31M, Peak:41.31M | Scene, ViewLayer | Sample 1/12
Fra:1 Mem:71.77M (Peak 82.54M) | Time:00:00.78 | Mem:41.31M, Peak:41.31M | Scene, ViewLayer | Sample 12/12
Fra:1 Mem:71.77M (Peak 82.54M) | Time:00:00.78 | Mem:41.31M, Peak:41.31M | Scene, ViewLayer | Finished
Saved: 'E:\Games_Develop\Little-Castle_Assets_cliffkit\Source\Environment\CliffKit\v001\QA\Cliff_Straight_A_front.png'
Time: 00:00.80 (Saving: 00:00.01)

Fra:1 Mem:23.27M (Peak 23.27M) | Time:00:00.00 | Mem:0.00M, Peak:0.00M | Scene, ViewLayer | Synchronizing object | Cliff_Straight_A_LOD0
Fra:1 Mem:23.27M (Peak 23.27M) | Time:00:00.00 | Mem:0.00M, Peak:0.00M | Scene, ViewLayer | Synchronizing object | Plane
Fra:1 Mem:23.38M (Peak 23.38M) | Time:00:00.00 | Mem:0.00M, Peak:0.00M | Scene, ViewLayer | Initializing
Fra:1 Mem:23.37M (Peak 23.38M) | Time:00:00.00 | Mem:0.00M, Peak:0.00M | Scene, ViewLayer | Updating Images | Loading Normal_OpenGL.png.002
Fra:1 Mem:23.37M (Peak 23.38M) | Time:00:00.00 | Mem:0.00M, Peak:0.00M | Scene, ViewLayer | Updating Images | Loading BaseColor.png.002
Fra:1 Mem:47.06M (Peak 59.41M) | Time:00:00.01 | Mem:24.00M, Peak:24.00M | Scene, ViewLayer | Waiting for render to start
Fra:1 Mem:47.06M (Peak 59.41M) | Time:00:00.01 | Mem:24.00M, Peak:24.00M | Scene, ViewLayer | Loading render kernels (may take a few minutes the first time)
Fra:1 Mem:47.06M (Peak 59.41M) | Time:00:00.01 | Mem:24.00M, Peak:24.00M | Scene, ViewLayer | Updating Scene
Fra:1 Mem:47.06M (Peak 59.41M) | Time:00:00.01 | Mem:24.00M, Peak:24.00M | Scene, ViewLayer | Updating Shaders
Fra:1 Mem:47.14M (Peak 59.41M) | Time:00:00.01 | Mem:24.00M, Peak:24.00M | Scene, ViewLayer | Updating Procedurals
Fra:1 Mem:47.14M (Peak 59.41M) | Time:00:00.01 | Mem:24.00M, Peak:24.00M | Scene, ViewLayer | Updating Background
Fra:1 Mem:47.14M (Peak 59.41M) | Time:00:00.01 | Mem:24.00M, Peak:24.00M | Scene, ViewLayer | Updating Camera
Fra:1 Mem:47.14M (Peak 59.41M) | Time:00:00.01 | Mem:24.00M, Peak:24.00M | Scene, ViewLayer | Updating Meshes Flags
Fra:1 Mem:47.14M (Peak 59.41M) | Time:00:00.01 | Mem:24.00M, Peak:24.00M | Scene, ViewLayer | Updating Objects
Fra:1 Mem:47.14M (Peak 59.41M) | Time:00:00.01 | Mem:24.00M, Peak:24.00M | Scene, ViewLayer | Updating Objects | Copying Transformations to device
Fra:1 Mem:47.14M (Peak 59.41M) | Time:00:00.01 | Mem:24.00M, Peak:24.00M | Scene, ViewLayer | Updating Objects | Applying Static Transformations
Fra:1 Mem:47.14M (Peak 59.41M) | Time:00:00.01 | Mem:24.00M, Peak:24.00M | Scene, ViewLayer | Updating Particle Systems
Fra:1 Mem:47.14M (Peak 59.41M) | Time:00:00.01 | Mem:24.00M, Peak:24.00M | Scene, ViewLayer | Updating Particle Systems | Copying Particles to device
Fra:1 Mem:47.14M (Peak 59.41M) | Time:00:00.01 | Mem:24.00M, Peak:24.00M | Scene, ViewLayer | Updating Meshes
Fra:1 Mem:47.16M (Peak 59.41M) | Time:00:00.01 | Mem:24.00M, Peak:24.00M | Scene, ViewLayer | Updating Mesh | Computing attributes
Fra:1 Mem:47.23M (Peak 59.41M) | Time:00:00.01 | Mem:24.00M, Peak:24.00M | Scene, ViewLayer | Updating Mesh | Copying Attributes to device
Fra:1 Mem:47.23M (Peak 59.41M) | Time:00:00.01 | Mem:24.07M, Peak:24.07M | Scene, ViewLayer | Updating Scene BVH | Building
Fra:1 Mem:47.23M (Peak 59.41M) | Time:00:00.01 | Mem:24.07M, Peak:24.07M | Scene, ViewLayer | Updating Scene BVH | Building BVH
Fra:1 Mem:47.23M (Peak 59.41M) | Time:00:00.01 | Mem:24.10M, Peak:24.10M | Scene, ViewLayer | Updating Scene BVH | Building BVH 0%
Fra:1 Mem:47.23M (Peak 59.41M) | Time:00:00.01 | Mem:24.13M, Peak:24.16M | Scene, ViewLayer | Updating Scene BVH | Copying BVH to device
Fra:1 Mem:47.23M (Peak 59.41M) | Time:00:00.01 | Mem:24.13M, Peak:24.16M | Scene, ViewLayer | Updating Mesh | Computing normals
Fra:1 Mem:47.26M (Peak 59.41M) | Time:00:00.01 | Mem:24.13M, Peak:24.16M | Scene, ViewLayer | Updating Mesh | Copying Mesh to device
Fra:1 Mem:47.26M (Peak 59.41M) | Time:00:00.01 | Mem:24.16M, Peak:24.16M | Scene, ViewLayer | Updating Objects Flags
Fra:1 Mem:47.26M (Peak 59.41M) | Time:00:00.01 | Mem:24.16M, Peak:24.16M | Scene, ViewLayer | Updating Primitive Offsets
Fra:1 Mem:47.26M (Peak 59.41M) | Time:00:00.01 | Mem:24.16M, Peak:24.16M | Scene, ViewLayer | Updating Images
Fra:1 Mem:47.26M (Peak 59.41M) | Time:00:00.01 | Mem:24.16M, Peak:24.16M | Scene, ViewLayer | Updating Camera Volume
Fra:1 Mem:47.26M (Peak 59.41M) | Time:00:00.01 | Mem:24.16M, Peak:24.16M | Scene, ViewLayer | Updating Lookup Tables
Fra:1 Mem:47.26M (Peak 59.41M) | Time:00:00.01 | Mem:24.25M, Peak:24.25M | Scene, ViewLayer | Updating Lights
Fra:1 Mem:47.26M (Peak 59.41M) | Time:00:00.01 | Mem:24.25M, Peak:24.25M | Scene, ViewLayer | Updating Lights | Computing tree
Fra:1 Mem:47.26M (Peak 59.41M) | Time:00:00.01 | Mem:24.25M, Peak:24.25M | Scene, ViewLayer | Updating Integrator
Fra:1 Mem:47.26M (Peak 59.41M) | Time:00:00.01 | Mem:24.25M, Peak:24.25M | Scene, ViewLayer | Updating Film
Fra:1 Mem:47.26M (Peak 59.41M) | Time:00:00.01 | Mem:24.17M, Peak:24.25M | Scene, ViewLayer | Updating Lookup Tables
Fra:1 Mem:47.26M (Peak 59.41M) | Time:00:00.01 | Mem:24.25M, Peak:24.25M | Scene, ViewLayer | Updating Baking
Fra:1 Mem:47.26M (Peak 59.41M) | Time:00:00.01 | Mem:24.25M, Peak:24.25M | Scene, ViewLayer | Updating Device | Writing constant memory
Fra:1 Mem:47.26M (Peak 59.41M) | Time:00:00.01 | Mem:24.25M, Peak:24.25M | Scene, ViewLayer | Loading denoising kernels (may take a few minutes the first time)
Fra:1 Mem:47.26M (Peak 59.41M) | Time:00:00.01 | Mem:24.25M, Peak:24.25M | Scene, ViewLayer | Sample 0/12
Fra:1 Mem:64.59M (Peak 64.59M) | Time:00:00.05 | Remaining:00:00.35 | Mem:41.31M, Peak:41.31M | Scene, ViewLayer | Sample 1/12
Fra:1 Mem:71.77M (Peak 82.54M) | Time:00:00.76 | Mem:41.31M, Peak:41.31M | Scene, ViewLayer | Sample 12/12
Fra:1 Mem:71.77M (Peak 82.54M) | Time:00:00.76 | Mem:41.31M, Peak:41.31M | Scene, ViewLayer | Finished
Saved: 'E:\Games_Develop\Little-Castle_Assets_cliffkit\Source\Environment\CliffKit\v001\QA\Cliff_Straight_A_rear.png'
Time: 00:00.78 (Saving: 00:00.01)

Fra:1 Mem:23.27M (Peak 23.27M) | Time:00:00.00 | Mem:0.00M, Peak:0.00M | Scene, ViewLayer | Synchronizing object | Cliff_Straight_B_LOD0
Fra:1 Mem:23.27M (Peak 23.27M) | Time:00:00.00 | Mem:0.00M, Peak:0.00M | Scene, ViewLayer | Synchronizing object | Plane
Fra:1 Mem:23.39M (Peak 23.39M) | Time:00:00.00 | Mem:0.00M, Peak:0.00M | Scene, ViewLayer | Initializing
Fra:1 Mem:23.38M (Peak 23.39M) | Time:00:00.00 | Mem:0.00M, Peak:0.00M | Scene, ViewLayer | Updating Images | Loading Normal_OpenGL.png.002
Fra:1 Mem:23.38M (Peak 23.39M) | Time:00:00.00 | Mem:0.00M, Peak:0.00M | Scene, ViewLayer | Updating Images | Loading BaseColor.png
Fra:1 Mem:23.38M (Peak 23.39M) | Time:00:00.00 | Mem:0.00M, Peak:0.00M | Scene, ViewLayer | Updating Images | Loading Roughness.png.002
Fra:1 Mem:47.07M (Peak 55.42M) | Time:00:00.01 | Mem:24.00M, Peak:24.00M | Scene, ViewLayer | Waiting for render to start
Fra:1 Mem:47.07M (Peak 55.42M) | Time:00:00.01 | Mem:24.00M, Peak:24.00M | Scene, ViewLayer | Loading render kernels (may take a few minutes the first time)
Fra:1 Mem:47.07M (Peak 55.42M) | Time:00:00.01 | Mem:24.00M, Peak:24.00M | Scene, ViewLayer | Updating Scene
Fra:1 Mem:47.07M (Peak 55.42M) | Time:00:00.01 | Mem:24.00M, Peak:24.00M | Scene, ViewLayer | Updating Shaders
Fra:1 Mem:47.16M (Peak 55.42M) | Time:00:00.01 | Mem:24.00M, Peak:24.00M | Scene, ViewLayer | Updating Procedurals
Fra:1 Mem:47.16M (Peak 55.42M) | Time:00:00.01 | Mem:24.00M, Peak:24.00M | Scene, ViewLayer | Updating Background
Fra:1 Mem:47.16M (Peak 55.42M) | Time:00:00.01 | Mem:24.00M, Peak:24.00M | Scene, ViewLayer | Updating Camera
Fra:1 Mem:47.16M (Peak 55.42M) | Time:00:00.01 | Mem:24.00M, Peak:24.00M | Scene, ViewLayer | Updating Meshes Flags
Fra:1 Mem:47.16M (Peak 55.42M) | Time:00:00.01 | Mem:24.00M, Peak:24.00M | Scene, ViewLayer | Updating Objects
Fra:1 Mem:47.16M (Peak 55.42M) | Time:00:00.01 | Mem:24.00M, Peak:24.00M | Scene, ViewLayer | Updating Objects | Copying Transformations to device
Fra:1 Mem:47.16M (Peak 55.42M) | Time:00:00.01 | Mem:24.00M, Peak:24.00M | Scene, ViewLayer | Updating Objects | Applying Static Transformations
Fra:1 Mem:47.16M (Peak 55.42M) | Time:00:00.01 | Mem:24.00M, Peak:24.00M | Scene, ViewLayer | Updating Particle Systems
Fra:1 Mem:47.16M (Peak 55.42M) | Time:00:00.01 | Mem:24.00M, Peak:24.00M | Scene, ViewLayer | Updating Particle Systems | Copying Particles to device
Fra:1 Mem:47.16M (Peak 55.42M) | Time:00:00.01 | Mem:24.00M, Peak:24.00M | Scene, ViewLayer | Updating Meshes
Fra:1 Mem:47.17M (Peak 55.42M) | Time:00:00.01 | Mem:24.00M, Peak:24.00M | Scene, ViewLayer | Updating Mesh | Computing attributes
Fra:1 Mem:47.24M (Peak 55.42M) | Time:00:00.01 | Mem:24.00M, Peak:24.00M | Scene, ViewLayer | Updating Mesh | Copying Attributes to device
Fra:1 Mem:47.24M (Peak 55.42M) | Time:00:00.01 | Mem:24.07M, Peak:24.07M | Scene, ViewLayer | Updating Scene BVH | Building
Fra:1 Mem:47.24M (Peak 55.42M) | Time:00:00.01 | Mem:24.07M, Peak:24.07M | Scene, ViewLayer | Updating Scene BVH | Building BVH
Fra:1 Mem:47.24M (Peak 55.42M) | Time:00:00.01 | Mem:24.10M, Peak:24.10M | Scene, ViewLayer | Updating Scene BVH | Building BVH 0%
Fra:1 Mem:47.24M (Peak 55.42M) | Time:00:00.01 | Mem:24.14M, Peak:24.16M | Scene, ViewLayer | Updating Scene BVH | Copying BVH to device
Fra:1 Mem:47.24M (Peak 55.42M) | Time:00:00.01 | Mem:24.14M, Peak:24.16M | Scene, ViewLayer | Updating Mesh | Computing normals
Fra:1 Mem:47.27M (Peak 55.42M) | Time:00:00.01 | Mem:24.14M, Peak:24.16M | Scene, ViewLayer | Updating Mesh | Copying Mesh to device
Fra:1 Mem:47.27M (Peak 55.42M) | Time:00:00.01 | Mem:24.17M, Peak:24.17M | Scene, ViewLayer | Updating Objects Flags
Fra:1 Mem:47.27M (Peak 55.42M) | Time:00:00.01 | Mem:24.17M, Peak:24.17M | Scene, ViewLayer | Updating Primitive Offsets
Fra:1 Mem:47.27M (Peak 55.42M) | Time:00:00.01 | Mem:24.17M, Peak:24.17M | Scene, ViewLayer | Updating Images
Fra:1 Mem:47.27M (Peak 55.42M) | Time:00:00.01 | Mem:24.17M, Peak:24.17M | Scene, ViewLayer | Updating Camera Volume
Fra:1 Mem:47.27M (Peak 55.42M) | Time:00:00.01 | Mem:24.17M, Peak:24.17M | Scene, ViewLayer | Updating Lookup Tables
Fra:1 Mem:47.27M (Peak 55.42M) | Time:00:00.01 | Mem:24.25M, Peak:24.25M | Scene, ViewLayer | Updating Lights
Fra:1 Mem:47.27M (Peak 55.42M) | Time:00:00.01 | Mem:24.25M, Peak:24.25M | Scene, ViewLayer | Updating Lights | Computing tree
Fra:1 Mem:47.27M (Peak 55.42M) | Time:00:00.01 | Mem:24.25M, Peak:24.25M | Scene, ViewLayer | Updating Integrator
Fra:1 Mem:47.27M (Peak 55.42M) | Time:00:00.01 | Mem:24.25M, Peak:24.25M | Scene, ViewLayer | Updating Film
Fra:1 Mem:47.28M (Peak 55.42M) | Time:00:00.01 | Mem:24.17M, Peak:24.25M | Scene, ViewLayer | Updating Lookup Tables
Fra:1 Mem:47.28M (Peak 55.42M) | Time:00:00.01 | Mem:24.25M, Peak:24.25M | Scene, ViewLayer | Updating Baking
Fra:1 Mem:47.28M (Peak 55.42M) | Time:00:00.01 | Mem:24.25M, Peak:24.25M | Scene, ViewLayer | Updating Device | Writing constant memory
Fra:1 Mem:47.28M (Peak 55.42M) | Time:00:00.01 | Mem:24.25M, Peak:24.25M | Scene, ViewLayer | Loading denoising kernels (may take a few minutes the first time)
Fra:1 Mem:47.28M (Peak 55.42M) | Time:00:00.01 | Mem:24.25M, Peak:24.25M | Scene, ViewLayer | Sample 0/12
Fra:1 Mem:64.60M (Peak 64.60M) | Time:00:00.05 | Remaining:00:00.39 | Mem:41.31M, Peak:41.31M | Scene, ViewLayer | Sample 1/12
Fra:1 Mem:71.78M (Peak 82.55M) | Time:00:00.81 | Mem:41.31M, Peak:41.31M | Scene, ViewLayer | Sample 12/12
Fra:1 Mem:71.78M (Peak 82.55M) | Time:00:00.81 | Mem:41.31M, Peak:41.31M | Scene, ViewLayer | Finished
Saved: 'E:\Games_Develop\Little-Castle_Assets_cliffkit\Source\Environment\CliffKit\v001\QA\Cliff_Straight_B_LOD0.png'
Time: 00:00.83 (Saving: 00:00.02)

Fra:1 Mem:23.28M (Peak 23.28M) | Time:00:00.00 | Mem:0.00M, Peak:0.00M | Scene, ViewLayer | Synchronizing object | Cliff_Straight_B_LOD1
Fra:1 Mem:23.28M (Peak 23.28M) | Time:00:00.00 | Mem:0.00M, Peak:0.00M | Scene, ViewLayer | Synchronizing object | Plane
Fra:1 Mem:23.32M (Peak 23.32M) | Time:00:00.00 | Mem:0.00M, Peak:0.00M | Scene, ViewLayer | Initializing
Fra:1 Mem:23.31M (Peak 23.32M) | Time:00:00.00 | Mem:0.00M, Peak:0.00M | Scene, ViewLayer | Updating Images | Loading Normal_OpenGL.png.002
Fra:1 Mem:23.31M (Peak 23.32M) | Time:00:00.00 | Mem:0.00M, Peak:0.00M | Scene, ViewLayer | Updating Images | Loading BaseColor.png
Fra:1 Mem:23.31M (Peak 23.32M) | Time:00:00.00 | Mem:0.00M, Peak:0.00M | Scene, ViewLayer | Updating Images | Loading Roughness.png
Fra:1 Mem:23.31M (Peak 23.32M) | Time:00:00.00 | Mem:0.00M, Peak:0.00M | Scene, ViewLayer | Updating Images | Loading Roughness.png.002
Fra:1 Mem:47.00M (Peak 55.34M) | Time:00:00.01 | Mem:24.00M, Peak:24.00M | Scene, ViewLayer | Waiting for render to start
Fra:1 Mem:47.00M (Peak 55.34M) | Time:00:00.01 | Mem:24.00M, Peak:24.00M | Scene, ViewLayer | Loading render kernels (may take a few minutes the first time)
Fra:1 Mem:47.00M (Peak 55.34M) | Time:00:00.01 | Mem:24.00M, Peak:24.00M | Scene, ViewLayer | Updating Scene
Fra:1 Mem:47.00M (Peak 55.34M) | Time:00:00.01 | Mem:24.00M, Peak:24.00M | Scene, ViewLayer | Updating Shaders
Fra:1 Mem:47.08M (Peak 55.34M) | Time:00:00.01 | Mem:24.00M, Peak:24.00M | Scene, ViewLayer | Updating Procedurals
Fra:1 Mem:47.08M (Peak 55.34M) | Time:00:00.01 | Mem:24.00M, Peak:24.00M | Scene, ViewLayer | Updating Background
Fra:1 Mem:47.08M (Peak 55.34M) | Time:00:00.01 | Mem:24.00M, Peak:24.00M | Scene, ViewLayer | Updating Camera
Fra:1 Mem:47.08M (Peak 55.34M) | Time:00:00.01 | Mem:24.00M, Peak:24.00M | Scene, ViewLayer | Updating Meshes Flags
Fra:1 Mem:47.08M (Peak 55.34M) | Time:00:00.01 | Mem:24.00M, Peak:24.00M | Scene, ViewLayer | Updating Objects
Fra:1 Mem:47.08M (Peak 55.34M) | Time:00:00.01 | Mem:24.00M, Peak:24.00M | Scene, ViewLayer | Updating Objects | Copying Transformations to device
Fra:1 Mem:47.08M (Peak 55.34M) | Time:00:00.01 | Mem:24.00M, Peak:24.00M | Scene, ViewLayer | Updating Objects | Applying Static Transformations
Fra:1 Mem:47.08M (Peak 55.34M) | Time:00:00.01 | Mem:24.00M, Peak:24.00M | Scene, ViewLayer | Updating Particle Systems
Fra:1 Mem:47.08M (Peak 55.34M) | Time:00:00.01 | Mem:24.00M, Peak:24.00M | Scene, ViewLayer | Updating Particle Systems | Copying Particles to device
Fra:1 Mem:47.08M (Peak 55.34M) | Time:00:00.01 | Mem:24.00M, Peak:24.00M | Scene, ViewLayer | Updating Meshes
Fra:1 Mem:47.09M (Peak 55.34M) | Time:00:00.01 | Mem:24.00M, Peak:24.00M | Scene, ViewLayer | Updating Mesh | Computing attributes
Fra:1 Mem:47.11M (Peak 55.34M) | Time:00:00.01 | Mem:24.00M, Peak:24.00M | Scene, ViewLayer | Updating Mesh | Copying Attributes to device
Fra:1 Mem:47.11M (Peak 55.34M) | Time:00:00.01 | Mem:24.02M, Peak:24.02M | Scene, ViewLayer | Updating Scene BVH | Building
Fra:1 Mem:47.11M (Peak 55.34M) | Time:00:00.01 | Mem:24.02M, Peak:24.02M | Scene, ViewLayer | Updating Scene BVH | Building BVH
Fra:1 Mem:47.11M (Peak 55.34M) | Time:00:00.01 | Mem:24.03M, Peak:24.03M | Scene, ViewLayer | Updating Scene BVH | Building BVH 0%
Fra:1 Mem:47.11M (Peak 55.34M) | Time:00:00.01 | Mem:24.04M, Peak:24.05M | Scene, ViewLayer | Updating Scene BVH | Copying BVH to device
Fra:1 Mem:47.11M (Peak 55.34M) | Time:00:00.01 | Mem:24.04M, Peak:24.05M | Scene, ViewLayer | Updating Mesh | Computing normals
Fra:1 Mem:47.12M (Peak 55.34M) | Time:00:00.01 | Mem:24.04M, Peak:24.05M | Scene, ViewLayer | Updating Mesh | Copying Mesh to device
Fra:1 Mem:47.12M (Peak 55.34M) | Time:00:00.01 | Mem:24.05M, Peak:24.05M | Scene, ViewLayer | Updating Objects Flags
Fra:1 Mem:47.12M (Peak 55.34M) | Time:00:00.01 | Mem:24.05M, Peak:24.05M | Scene, ViewLayer | Updating Primitive Offsets
Fra:1 Mem:47.12M (Peak 55.34M) | Time:00:00.01 | Mem:24.05M, Peak:24.05M | Scene, ViewLayer | Updating Images
Fra:1 Mem:47.12M (Peak 55.34M) | Time:00:00.01 | Mem:24.05M, Peak:24.05M | Scene, ViewLayer | Updating Camera Volume
Fra:1 Mem:47.12M (Peak 55.34M) | Time:00:00.01 | Mem:24.05M, Peak:24.05M | Scene, ViewLayer | Updating Lookup Tables
Fra:1 Mem:47.12M (Peak 55.34M) | Time:00:00.01 | Mem:24.13M, Peak:24.13M | Scene, ViewLayer | Updating Lights
Fra:1 Mem:47.12M (Peak 55.34M) | Time:00:00.01 | Mem:24.13M, Peak:24.13M | Scene, ViewLayer | Updating Lights | Computing tree
Fra:1 Mem:47.12M (Peak 55.34M) | Time:00:00.01 | Mem:24.13M, Peak:24.13M | Scene, ViewLayer | Updating Integrator
Fra:1 Mem:47.12M (Peak 55.34M) | Time:00:00.01 | Mem:24.13M, Peak:24.13M | Scene, ViewLayer | Updating Film
Fra:1 Mem:47.12M (Peak 55.34M) | Time:00:00.01 | Mem:24.05M, Peak:24.13M | Scene, ViewLayer | Updating Lookup Tables
Fra:1 Mem:47.12M (Peak 55.34M) | Time:00:00.01 | Mem:24.14M, Peak:24.14M | Scene, ViewLayer | Updating Baking
Fra:1 Mem:47.12M (Peak 55.34M) | Time:00:00.01 | Mem:24.14M, Peak:24.14M | Scene, ViewLayer | Updating Device | Writing constant memory
Fra:1 Mem:47.12M (Peak 55.34M) | Time:00:00.01 | Mem:24.14M, Peak:24.14M | Scene, ViewLayer | Loading denoising kernels (may take a few minutes the first time)
Fra:1 Mem:47.12M (Peak 55.34M) | Time:00:00.01 | Mem:24.14M, Peak:24.14M | Scene, ViewLayer | Sample 0/12
Fra:1 Mem:64.45M (Peak 64.45M) | Time:00:00.04 | Remaining:00:00.36 | Mem:41.20M, Peak:41.20M | Scene, ViewLayer | Sample 1/12
Fra:1 Mem:71.63M (Peak 82.40M) | Time:00:00.81 | Mem:41.20M, Peak:41.20M | Scene, ViewLayer | Sample 12/12
Fra:1 Mem:71.63M (Peak 82.40M) | Time:00:00.81 | Mem:41.20M, Peak:41.20M | Scene, ViewLayer | Finished
Saved: 'E:\Games_Develop\Little-Castle_Assets_cliffkit\Source\Environment\CliffKit\v001\QA\Cliff_Straight_B_LOD1.png'
Time: 00:00.83 (Saving: 00:00.01)

Fra:1 Mem:23.29M (Peak 23.29M) | Time:00:00.00 | Mem:0.00M, Peak:0.00M | Scene, ViewLayer | Synchronizing object | Cliff_Straight_B_LOD2
Fra:1 Mem:23.29M (Peak 23.29M) | Time:00:00.00 | Mem:0.00M, Peak:0.00M | Scene, ViewLayer | Synchronizing object | Plane
Fra:1 Mem:23.31M (Peak 23.31M) | Time:00:00.00 | Mem:0.00M, Peak:0.00M | Scene, ViewLayer | Initializing
Fra:1 Mem:23.30M (Peak 23.31M) | Time:00:00.00 | Mem:0.00M, Peak:0.00M | Scene, ViewLayer | Updating Images | Loading Normal_OpenGL.png.002
Fra:1 Mem:23.30M (Peak 23.31M) | Time:00:00.00 | Mem:0.00M, Peak:0.00M | Scene, ViewLayer | Updating Images | Loading BaseColor.png
Fra:1 Mem:23.30M (Peak 23.31M) | Time:00:00.00 | Mem:0.00M, Peak:0.00M | Scene, ViewLayer | Updating Images | Loading Roughness.png.002
Fra:1 Mem:46.99M (Peak 55.33M) | Time:00:00.01 | Mem:24.00M, Peak:24.00M | Scene, ViewLayer | Waiting for render to start
Fra:1 Mem:46.99M (Peak 55.33M) | Time:00:00.01 | Mem:24.00M, Peak:24.00M | Scene, ViewLayer | Loading render kernels (may take a few minutes the first time)
Fra:1 Mem:46.99M (Peak 55.33M) | Time:00:00.01 | Mem:24.00M, Peak:24.00M | Scene, ViewLayer | Updating Scene
Fra:1 Mem:46.99M (Peak 55.33M) | Time:00:00.01 | Mem:24.00M, Peak:24.00M | Scene, ViewLayer | Updating Shaders
Fra:1 Mem:47.07M (Peak 55.33M) | Time:00:00.01 | Mem:24.00M, Peak:24.00M | Scene, ViewLayer | Updating Procedurals
Fra:1 Mem:47.07M (Peak 55.33M) | Time:00:00.01 | Mem:24.00M, Peak:24.00M | Scene, ViewLayer | Updating Background
Fra:1 Mem:47.07M (Peak 55.33M) | Time:00:00.01 | Mem:24.00M, Peak:24.00M | Scene, ViewLayer | Updating Camera
Fra:1 Mem:47.07M (Peak 55.33M) | Time:00:00.01 | Mem:24.00M, Peak:24.00M | Scene, ViewLayer | Updating Meshes Flags
Fra:1 Mem:47.07M (Peak 55.33M) | Time:00:00.01 | Mem:24.00M, Peak:24.00M | Scene, ViewLayer | Updating Objects
Fra:1 Mem:47.07M (Peak 55.33M) | Time:00:00.01 | Mem:24.00M, Peak:24.00M | Scene, ViewLayer | Updating Objects | Copying Transformations to device
Fra:1 Mem:47.07M (Peak 55.33M) | Time:00:00.01 | Mem:24.00M, Peak:24.00M | Scene, ViewLayer | Updating Objects | Applying Static Transformations
Fra:1 Mem:47.07M (Peak 55.33M) | Time:00:00.01 | Mem:24.00M, Peak:24.00M | Scene, ViewLayer | Updating Particle Systems
Fra:1 Mem:47.07M (Peak 55.33M) | Time:00:00.01 | Mem:24.00M, Peak:24.00M | Scene, ViewLayer | Updating Particle Systems | Copying Particles to device
Fra:1 Mem:47.07M (Peak 55.33M) | Time:00:00.01 | Mem:24.00M, Peak:24.00M | Scene, ViewLayer | Updating Meshes
Fra:1 Mem:47.08M (Peak 55.33M) | Time:00:00.01 | Mem:24.00M, Peak:24.00M | Scene, ViewLayer | Updating Mesh | Computing attributes
Fra:1 Mem:47.09M (Peak 55.33M) | Time:00:00.01 | Mem:24.00M, Peak:24.00M | Scene, ViewLayer | Updating Mesh | Copying Attributes to device
Fra:1 Mem:47.09M (Peak 55.33M) | Time:00:00.01 | Mem:24.02M, Peak:24.02M | Scene, ViewLayer | Updating Scene BVH | Building
Fra:1 Mem:47.09M (Peak 55.33M) | Time:00:00.01 | Mem:24.02M, Peak:24.02M | Scene, ViewLayer | Updating Scene BVH | Building BVH
Fra:1 Mem:47.09M (Peak 55.33M) | Time:00:00.01 | Mem:24.02M, Peak:24.02M | Scene, ViewLayer | Updating Scene BVH | Building BVH 0%
Fra:1 Mem:47.09M (Peak 55.33M) | Time:00:00.01 | Mem:24.03M, Peak:24.03M | Scene, ViewLayer | Updating Scene BVH | Copying BVH to device
Fra:1 Mem:47.09M (Peak 55.33M) | Time:00:00.01 | Mem:24.03M, Peak:24.03M | Scene, ViewLayer | Updating Mesh | Computing normals
Fra:1 Mem:47.10M (Peak 55.33M) | Time:00:00.01 | Mem:24.03M, Peak:24.03M | Scene, ViewLayer | Updating Mesh | Copying Mesh to device
Fra:1 Mem:47.10M (Peak 55.33M) | Time:00:00.01 | Mem:24.04M, Peak:24.04M | Scene, ViewLayer | Updating Objects Flags
Fra:1 Mem:47.10M (Peak 55.33M) | Time:00:00.01 | Mem:24.04M, Peak:24.04M | Scene, ViewLayer | Updating Primitive Offsets
Fra:1 Mem:47.10M (Peak 55.33M) | Time:00:00.01 | Mem:24.04M, Peak:24.04M | Scene, ViewLayer | Updating Images
Fra:1 Mem:47.10M (Peak 55.33M) | Time:00:00.01 | Mem:24.04M, Peak:24.04M | Scene, ViewLayer | Updating Camera Volume
Fra:1 Mem:47.10M (Peak 55.33M) | Time:00:00.01 | Mem:24.04M, Peak:24.04M | Scene, ViewLayer | Updating Lookup Tables
Fra:1 Mem:47.10M (Peak 55.33M) | Time:00:00.01 | Mem:24.12M, Peak:24.12M | Scene, ViewLayer | Updating Lights
Fra:1 Mem:47.10M (Peak 55.33M) | Time:00:00.01 | Mem:24.12M, Peak:24.12M | Scene, ViewLayer | Updating Lights | Computing tree
Fra:1 Mem:47.10M (Peak 55.33M) | Time:00:00.01 | Mem:24.12M, Peak:24.12M | Scene, ViewLayer | Updating Integrator
Fra:1 Mem:47.10M (Peak 55.33M) | Time:00:00.01 | Mem:24.12M, Peak:24.12M | Scene, ViewLayer | Updating Film
Fra:1 Mem:47.10M (Peak 55.33M) | Time:00:00.01 | Mem:24.04M, Peak:24.12M | Scene, ViewLayer | Updating Lookup Tables
Fra:1 Mem:47.10M (Peak 55.33M) | Time:00:00.01 | Mem:24.12M, Peak:24.12M | Scene, ViewLayer | Updating Baking
Fra:1 Mem:47.10M (Peak 55.33M) | Time:00:00.01 | Mem:24.12M, Peak:24.12M | Scene, ViewLayer | Updating Device | Writing constant memory
Fra:1 Mem:47.10M (Peak 55.33M) | Time:00:00.01 | Mem:24.12M, Peak:24.12M | Scene, ViewLayer | Loading denoising kernels (may take a few minutes the first time)
Fra:1 Mem:47.10M (Peak 55.33M) | Time:00:00.01 | Mem:24.12M, Peak:24.12M | Scene, ViewLayer | Sample 0/12
Fra:1 Mem:64.43M (Peak 64.43M) | Time:00:00.04 | Remaining:00:00.36 | Mem:41.18M, Peak:41.18M | Scene, ViewLayer | Sample 1/12
Fra:1 Mem:71.61M (Peak 82.38M) | Time:00:00.81 | Mem:41.18M, Peak:41.18M | Scene, ViewLayer | Sample 12/12
Fra:1 Mem:71.61M (Peak 82.38M) | Time:00:00.81 | Mem:41.18M, Peak:41.18M | Scene, ViewLayer | Finished
Saved: 'E:\Games_Develop\Little-Castle_Assets_cliffkit\Source\Environment\CliffKit\v001\QA\Cliff_Straight_B_LOD2.png'
Time: 00:00.83 (Saving: 00:00.01)

Fra:1 Mem:23.29M (Peak 23.29M) | Time:00:00.00 | Mem:0.00M, Peak:0.00M | Scene, ViewLayer | Synchronizing object | Cliff_Straight_B_LOD0
Fra:1 Mem:23.29M (Peak 23.29M) | Time:00:00.00 | Mem:0.00M, Peak:0.00M | Scene, ViewLayer | Synchronizing object | Plane
Fra:1 Mem:23.40M (Peak 23.40M) | Time:00:00.00 | Mem:0.00M, Peak:0.00M | Scene, ViewLayer | Initializing
Fra:1 Mem:23.39M (Peak 23.40M) | Time:00:00.00 | Mem:0.00M, Peak:0.00M | Scene, ViewLayer | Updating Images | Loading Normal_OpenGL.png.002
Fra:1 Mem:23.39M (Peak 23.40M) | Time:00:00.00 | Mem:0.00M, Peak:0.00M | Scene, ViewLayer | Updating Images | Loading Roughness.png.002
Fra:1 Mem:47.08M (Peak 55.42M) | Time:00:00.01 | Mem:24.00M, Peak:24.00M | Scene, ViewLayer | Waiting for render to start
Fra:1 Mem:47.08M (Peak 55.42M) | Time:00:00.01 | Mem:24.00M, Peak:24.00M | Scene, ViewLayer | Loading render kernels (may take a few minutes the first time)
Fra:1 Mem:47.08M (Peak 55.42M) | Time:00:00.01 | Mem:24.00M, Peak:24.00M | Scene, ViewLayer | Updating Scene
Fra:1 Mem:47.08M (Peak 55.42M) | Time:00:00.01 | Mem:24.00M, Peak:24.00M | Scene, ViewLayer | Updating Shaders
Fra:1 Mem:47.16M (Peak 55.42M) | Time:00:00.01 | Mem:24.00M, Peak:24.00M | Scene, ViewLayer | Updating Procedurals
Fra:1 Mem:47.16M (Peak 55.42M) | Time:00:00.01 | Mem:24.00M, Peak:24.00M | Scene, ViewLayer | Updating Background
Fra:1 Mem:47.16M (Peak 55.42M) | Time:00:00.01 | Mem:24.00M, Peak:24.00M | Scene, ViewLayer | Updating Camera
Fra:1 Mem:47.16M (Peak 55.42M) | Time:00:00.01 | Mem:24.00M, Peak:24.00M | Scene, ViewLayer | Updating Meshes Flags
Fra:1 Mem:47.16M (Peak 55.42M) | Time:00:00.01 | Mem:24.00M, Peak:24.00M | Scene, ViewLayer | Updating Objects
Fra:1 Mem:47.16M (Peak 55.42M) | Time:00:00.01 | Mem:24.00M, Peak:24.00M | Scene, ViewLayer | Updating Objects | Copying Transformations to device
Fra:1 Mem:47.16M (Peak 55.42M) | Time:00:00.01 | Mem:24.00M, Peak:24.00M | Scene, ViewLayer | Updating Objects | Applying Static Transformations
Fra:1 Mem:47.16M (Peak 55.42M) | Time:00:00.01 | Mem:24.00M, Peak:24.00M | Scene, ViewLayer | Updating Particle Systems
Fra:1 Mem:47.16M (Peak 55.42M) | Time:00:00.01 | Mem:24.00M, Peak:24.00M | Scene, ViewLayer | Updating Particle Systems | Copying Particles to device
Fra:1 Mem:47.16M (Peak 55.42M) | Time:00:00.01 | Mem:24.00M, Peak:24.00M | Scene, ViewLayer | Updating Meshes
Fra:1 Mem:47.18M (Peak 55.42M) | Time:00:00.01 | Mem:24.00M, Peak:24.00M | Scene, ViewLayer | Updating Mesh | Computing attributes
Fra:1 Mem:47.25M (Peak 55.42M) | Time:00:00.01 | Mem:24.00M, Peak:24.00M | Scene, ViewLayer | Updating Mesh | Copying Attributes to device
Fra:1 Mem:47.25M (Peak 55.42M) | Time:00:00.01 | Mem:24.07M, Peak:24.07M | Scene, ViewLayer | Updating Scene BVH | Building
Fra:1 Mem:47.25M (Peak 55.42M) | Time:00:00.01 | Mem:24.07M, Peak:24.07M | Scene, ViewLayer | Updating Scene BVH | Building BVH
Fra:1 Mem:47.25M (Peak 55.42M) | Time:00:00.01 | Mem:24.10M, Peak:24.10M | Scene, ViewLayer | Updating Scene BVH | Building BVH 0%
Fra:1 Mem:47.25M (Peak 55.42M) | Time:00:00.01 | Mem:24.14M, Peak:24.16M | Scene, ViewLayer | Updating Scene BVH | Copying BVH to device
Fra:1 Mem:47.25M (Peak 55.42M) | Time:00:00.01 | Mem:24.14M, Peak:24.16M | Scene, ViewLayer | Updating Mesh | Computing normals
Fra:1 Mem:47.28M (Peak 55.42M) | Time:00:00.01 | Mem:24.14M, Peak:24.16M | Scene, ViewLayer | Updating Mesh | Copying Mesh to device
Fra:1 Mem:47.28M (Peak 55.42M) | Time:00:00.01 | Mem:24.17M, Peak:24.17M | Scene, ViewLayer | Updating Objects Flags
Fra:1 Mem:47.28M (Peak 55.42M) | Time:00:00.01 | Mem:24.17M, Peak:24.17M | Scene, ViewLayer | Updating Primitive Offsets
Fra:1 Mem:47.28M (Peak 55.42M) | Time:00:00.01 | Mem:24.17M, Peak:24.17M | Scene, ViewLayer | Updating Images
Fra:1 Mem:47.28M (Peak 55.42M) | Time:00:00.01 | Mem:24.17M, Peak:24.17M | Scene, ViewLayer | Updating Camera Volume
Fra:1 Mem:47.28M (Peak 55.42M) | Time:00:00.01 | Mem:24.17M, Peak:24.17M | Scene, ViewLayer | Updating Lookup Tables
Fra:1 Mem:47.28M (Peak 55.42M) | Time:00:00.01 | Mem:24.25M, Peak:24.25M | Scene, ViewLayer | Updating Lights
Fra:1 Mem:47.28M (Peak 55.42M) | Time:00:00.01 | Mem:24.25M, Peak:24.25M | Scene, ViewLayer | Updating Lights | Computing tree
Fra:1 Mem:47.28M (Peak 55.42M) | Time:00:00.01 | Mem:24.25M, Peak:24.25M | Scene, ViewLayer | Updating Integrator
Fra:1 Mem:47.28M (Peak 55.42M) | Time:00:00.01 | Mem:24.25M, Peak:24.25M | Scene, ViewLayer | Updating Film
Fra:1 Mem:47.28M (Peak 55.42M) | Time:00:00.01 | Mem:24.17M, Peak:24.25M | Scene, ViewLayer | Updating Lookup Tables
Fra:1 Mem:47.28M (Peak 55.42M) | Time:00:00.01 | Mem:24.25M, Peak:24.25M | Scene, ViewLayer | Updating Baking
Fra:1 Mem:47.28M (Peak 55.42M) | Time:00:00.01 | Mem:24.25M, Peak:24.25M | Scene, ViewLayer | Updating Device | Writing constant memory
Fra:1 Mem:47.28M (Peak 55.42M) | Time:00:00.01 | Mem:24.25M, Peak:24.25M | Scene, ViewLayer | Loading denoising kernels (may take a few minutes the first time)
Fra:1 Mem:47.28M (Peak 55.42M) | Time:00:00.01 | Mem:24.25M, Peak:24.25M | Scene, ViewLayer | Sample 0/12
Fra:1 Mem:64.61M (Peak 64.61M) | Time:00:00.05 | Remaining:00:00.40 | Mem:41.31M, Peak:41.31M | Scene, ViewLayer | Sample 1/12
Fra:1 Mem:71.79M (Peak 82.56M) | Time:00:00.83 | Mem:41.31M, Peak:41.31M | Scene, ViewLayer | Sample 12/12
Fra:1 Mem:71.79M (Peak 82.56M) | Time:00:00.83 | Mem:41.31M, Peak:41.31M | Scene, ViewLayer | Finished
Saved: 'E:\Games_Develop\Little-Castle_Assets_cliffkit\Source\Environment\CliffKit\v001\QA\Cliff_Straight_B_front.png'
Time: 00:00.85 (Saving: 00:00.01)

Fra:1 Mem:23.29M (Peak 23.29M) | Time:00:00.00 | Mem:0.00M, Peak:0.00M | Scene, ViewLayer | Synchronizing object | Cliff_Straight_B_LOD0
Fra:1 Mem:23.29M (Peak 23.29M) | Time:00:00.00 | Mem:0.00M, Peak:0.00M | Scene, ViewLayer | Synchronizing object | Plane
Fra:1 Mem:23.40M (Peak 23.40M) | Time:00:00.00 | Mem:0.00M, Peak:0.00M | Scene, ViewLayer | Initializing
Fra:1 Mem:23.39M (Peak 23.40M) | Time:00:00.00 | Mem:0.00M, Peak:0.00M | Scene, ViewLayer | Updating Images | Loading Normal_OpenGL.png.002
Fra:1 Mem:23.39M (Peak 23.40M) | Time:00:00.00 | Mem:0.00M, Peak:0.00M | Scene, ViewLayer | Updating Images | Loading Roughness.png.002
Fra:1 Mem:47.08M (Peak 55.42M) | Time:00:00.01 | Mem:24.00M, Peak:24.00M | Scene, ViewLayer | Waiting for render to start
Fra:1 Mem:47.08M (Peak 55.42M) | Time:00:00.01 | Mem:24.00M, Peak:24.00M | Scene, ViewLayer | Loading render kernels (may take a few minutes the first time)
Fra:1 Mem:47.08M (Peak 55.42M) | Time:00:00.01 | Mem:24.00M, Peak:24.00M | Scene, ViewLayer | Updating Scene
Fra:1 Mem:47.08M (Peak 55.42M) | Time:00:00.01 | Mem:24.00M, Peak:24.00M | Scene, ViewLayer | Updating Shaders
Fra:1 Mem:47.16M (Peak 55.42M) | Time:00:00.01 | Mem:24.00M, Peak:24.00M | Scene, ViewLayer | Updating Procedurals
Fra:1 Mem:47.16M (Peak 55.42M) | Time:00:00.01 | Mem:24.00M, Peak:24.00M | Scene, ViewLayer | Updating Background
Fra:1 Mem:47.16M (Peak 55.42M) | Time:00:00.01 | Mem:24.00M, Peak:24.00M | Scene, ViewLayer | Updating Camera
Fra:1 Mem:47.16M (Peak 55.42M) | Time:00:00.01 | Mem:24.00M, Peak:24.00M | Scene, ViewLayer | Updating Meshes Flags
Fra:1 Mem:47.16M (Peak 55.42M) | Time:00:00.01 | Mem:24.00M, Peak:24.00M | Scene, ViewLayer | Updating Objects
Fra:1 Mem:47.16M (Peak 55.42M) | Time:00:00.01 | Mem:24.00M, Peak:24.00M | Scene, ViewLayer | Updating Objects | Copying Transformations to device
Fra:1 Mem:47.16M (Peak 55.42M) | Time:00:00.01 | Mem:24.00M, Peak:24.00M | Scene, ViewLayer | Updating Objects | Applying Static Transformations
Fra:1 Mem:47.16M (Peak 55.42M) | Time:00:00.01 | Mem:24.00M, Peak:24.00M | Scene, ViewLayer | Updating Particle Systems
Fra:1 Mem:47.16M (Peak 55.42M) | Time:00:00.01 | Mem:24.00M, Peak:24.00M | Scene, ViewLayer | Updating Particle Systems | Copying Particles to device
Fra:1 Mem:47.16M (Peak 55.42M) | Time:00:00.01 | Mem:24.00M, Peak:24.00M | Scene, ViewLayer | Updating Meshes
Fra:1 Mem:47.18M (Peak 55.42M) | Time:00:00.01 | Mem:24.00M, Peak:24.00M | Scene, ViewLayer | Updating Mesh | Computing attributes
Fra:1 Mem:47.25M (Peak 55.42M) | Time:00:00.01 | Mem:24.00M, Peak:24.00M | Scene, ViewLayer | Updating Mesh | Copying Attributes to device
Fra:1 Mem:47.25M (Peak 55.42M) | Time:00:00.01 | Mem:24.07M, Peak:24.07M | Scene, ViewLayer | Updating Scene BVH | Building
Fra:1 Mem:47.25M (Peak 55.42M) | Time:00:00.01 | Mem:24.07M, Peak:24.07M | Scene, ViewLayer | Updating Scene BVH | Building BVH
Fra:1 Mem:47.25M (Peak 55.42M) | Time:00:00.01 | Mem:24.10M, Peak:24.10M | Scene, ViewLayer | Updating Scene BVH | Building BVH 0%
Fra:1 Mem:47.25M (Peak 55.42M) | Time:00:00.01 | Mem:24.14M, Peak:24.16M | Scene, ViewLayer | Updating Scene BVH | Copying BVH to device
Fra:1 Mem:47.25M (Peak 55.42M) | Time:00:00.01 | Mem:24.14M, Peak:24.16M | Scene, ViewLayer | Updating Mesh | Computing normals
Fra:1 Mem:47.28M (Peak 55.42M) | Time:00:00.01 | Mem:24.14M, Peak:24.16M | Scene, ViewLayer | Updating Mesh | Copying Mesh to device
Fra:1 Mem:47.28M (Peak 55.42M) | Time:00:00.01 | Mem:24.17M, Peak:24.17M | Scene, ViewLayer | Updating Objects Flags
Fra:1 Mem:47.28M (Peak 55.42M) | Time:00:00.01 | Mem:24.17M, Peak:24.17M | Scene, ViewLayer | Updating Primitive Offsets
Fra:1 Mem:47.28M (Peak 55.42M) | Time:00:00.01 | Mem:24.17M, Peak:24.17M | Scene, ViewLayer | Updating Images
Fra:1 Mem:47.28M (Peak 55.42M) | Time:00:00.01 | Mem:24.17M, Peak:24.17M | Scene, ViewLayer | Updating Camera Volume
Fra:1 Mem:47.28M (Peak 55.42M) | Time:00:00.01 | Mem:24.17M, Peak:24.17M | Scene, ViewLayer | Updating Lookup Tables
Fra:1 Mem:47.28M (Peak 55.42M) | Time:00:00.01 | Mem:24.25M, Peak:24.25M | Scene, ViewLayer | Updating Lights
Fra:1 Mem:47.28M (Peak 55.42M) | Time:00:00.01 | Mem:24.25M, Peak:24.25M | Scene, ViewLayer | Updating Lights | Computing tree
Fra:1 Mem:47.28M (Peak 55.42M) | Time:00:00.01 | Mem:24.25M, Peak:24.25M | Scene, ViewLayer | Updating Integrator
Fra:1 Mem:47.28M (Peak 55.42M) | Time:00:00.01 | Mem:24.25M, Peak:24.25M | Scene, ViewLayer | Updating Film
Fra:1 Mem:47.28M (Peak 55.42M) | Time:00:00.01 | Mem:24.17M, Peak:24.25M | Scene, ViewLayer | Updating Lookup Tables
Fra:1 Mem:47.28M (Peak 55.42M) | Time:00:00.01 | Mem:24.25M, Peak:24.25M | Scene, ViewLayer | Updating Baking
Fra:1 Mem:47.28M (Peak 55.42M) | Time:00:00.01 | Mem:24.25M, Peak:24.25M | Scene, ViewLayer | Updating Device | Writing constant memory
Fra:1 Mem:47.28M (Peak 55.42M) | Time:00:00.01 | Mem:24.25M, Peak:24.25M | Scene, ViewLayer | Loading denoising kernels (may take a few minutes the first time)
Fra:1 Mem:47.28M (Peak 55.42M) | Time:00:00.01 | Mem:24.25M, Peak:24.25M | Scene, ViewLayer | Sample 0/12
Fra:1 Mem:64.61M (Peak 64.61M) | Time:00:00.05 | Remaining:00:00.38 | Mem:41.31M, Peak:41.31M | Scene, ViewLayer | Sample 1/12
Fra:1 Mem:71.79M (Peak 82.56M) | Time:00:00.85 | Mem:41.31M, Peak:41.31M | Scene, ViewLayer | Sample 12/12
Fra:1 Mem:71.79M (Peak 82.56M) | Time:00:00.85 | Mem:41.31M, Peak:41.31M | Scene, ViewLayer | Finished
Saved: 'E:\Games_Develop\Little-Castle_Assets_cliffkit\Source\Environment\CliffKit\v001\QA\Cliff_Straight_B_rear.png'
Time: 00:00.87 (Saving: 00:00.02)

Fra:1 Mem:23.29M (Peak 23.29M) | Time:00:00.00 | Mem:0.00M, Peak:0.00M | Scene, ViewLayer | Synchronizing object | Cliff_Convex_A_LOD0
Fra:1 Mem:23.29M (Peak 23.29M) | Time:00:00.00 | Mem:0.00M, Peak:0.00M | Scene, ViewLayer | Synchronizing object | Plane
Fra:1 Mem:23.42M (Peak 23.42M) | Time:00:00.00 | Mem:0.00M, Peak:0.00M | Scene, ViewLayer | Initializing
Fra:1 Mem:23.40M (Peak 23.42M) | Time:00:00.00 | Mem:0.00M, Peak:0.00M | Scene, ViewLayer | Updating Images | Loading Normal_OpenGL.png.002
Fra:1 Mem:23.40M (Peak 23.42M) | Time:00:00.00 | Mem:0.00M, Peak:0.00M | Scene, ViewLayer | Updating Images | Loading BaseColor.png
Fra:1 Mem:23.40M (Peak 23.42M) | Time:00:00.00 | Mem:0.00M, Peak:0.00M | Scene, ViewLayer | Updating Images | Loading BaseColor.png.002
Fra:1 Mem:23.40M (Peak 23.42M) | Time:00:00.00 | Mem:0.00M, Peak:0.00M | Scene, ViewLayer | Updating Images | Loading Roughness.png.002
Fra:1 Mem:47.09M (Peak 55.44M) | Time:00:00.01 | Mem:24.00M, Peak:24.00M | Scene, ViewLayer | Waiting for render to start
Fra:1 Mem:47.09M (Peak 55.44M) | Time:00:00.01 | Mem:24.00M, Peak:24.00M | Scene, ViewLayer | Loading render kernels (may take a few minutes the first time)
Fra:1 Mem:47.09M (Peak 55.44M) | Time:00:00.01 | Mem:24.00M, Peak:24.00M | Scene, ViewLayer | Updating Scene
Fra:1 Mem:47.09M (Peak 55.44M) | Time:00:00.01 | Mem:24.00M, Peak:24.00M | Scene, ViewLayer | Updating Shaders
Fra:1 Mem:47.18M (Peak 55.44M) | Time:00:00.01 | Mem:24.00M, Peak:24.00M | Scene, ViewLayer | Updating Procedurals
Fra:1 Mem:47.18M (Peak 55.44M) | Time:00:00.01 | Mem:24.00M, Peak:24.00M | Scene, ViewLayer | Updating Background
Fra:1 Mem:47.18M (Peak 55.44M) | Time:00:00.01 | Mem:24.00M, Peak:24.00M | Scene, ViewLayer | Updating Camera
Fra:1 Mem:47.18M (Peak 55.44M) | Time:00:00.01 | Mem:24.00M, Peak:24.00M | Scene, ViewLayer | Updating Meshes Flags
Fra:1 Mem:47.18M (Peak 55.44M) | Time:00:00.01 | Mem:24.00M, Peak:24.00M | Scene, ViewLayer | Updating Objects
Fra:1 Mem:47.18M (Peak 55.44M) | Time:00:00.01 | Mem:24.00M, Peak:24.00M | Scene, ViewLayer | Updating Objects | Copying Transformations to device
Fra:1 Mem:47.18M (Peak 55.44M) | Time:00:00.01 | Mem:24.00M, Peak:24.00M | Scene, ViewLayer | Updating Objects | Applying Static Transformations
Fra:1 Mem:47.18M (Peak 55.44M) | Time:00:00.01 | Mem:24.00M, Peak:24.00M | Scene, ViewLayer | Updating Particle Systems
Fra:1 Mem:47.18M (Peak 55.44M) | Time:00:00.01 | Mem:24.00M, Peak:24.00M | Scene, ViewLayer | Updating Particle Systems | Copying Particles to device
Fra:1 Mem:47.18M (Peak 55.44M) | Time:00:00.01 | Mem:24.00M, Peak:24.00M | Scene, ViewLayer | Updating Meshes
Fra:1 Mem:47.19M (Peak 55.44M) | Time:00:00.01 | Mem:24.00M, Peak:24.00M | Scene, ViewLayer | Updating Mesh | Computing attributes
Fra:1 Mem:47.26M (Peak 55.44M) | Time:00:00.01 | Mem:24.00M, Peak:24.00M | Scene, ViewLayer | Updating Mesh | Copying Attributes to device
Fra:1 Mem:47.26M (Peak 55.44M) | Time:00:00.01 | Mem:24.07M, Peak:24.07M | Scene, ViewLayer | Updating Scene BVH | Building
Fra:1 Mem:47.26M (Peak 55.44M) | Time:00:00.01 | Mem:24.07M, Peak:24.07M | Scene, ViewLayer | Updating Scene BVH | Building BVH
Fra:1 Mem:47.26M (Peak 55.44M) | Time:00:00.01 | Mem:24.10M, Peak:24.10M | Scene, ViewLayer | Updating Scene BVH | Building BVH 0%
Fra:1 Mem:47.26M (Peak 55.44M) | Time:00:00.01 | Mem:24.13M, Peak:24.16M | Scene, ViewLayer | Updating Scene BVH | Copying BVH to device
Fra:1 Mem:47.26M (Peak 55.44M) | Time:00:00.01 | Mem:24.13M, Peak:24.16M | Scene, ViewLayer | Updating Mesh | Computing normals
Fra:1 Mem:47.29M (Peak 55.44M) | Time:00:00.01 | Mem:24.13M, Peak:24.16M | Scene, ViewLayer | Updating Mesh | Copying Mesh to device
Fra:1 Mem:47.29M (Peak 55.44M) | Time:00:00.01 | Mem:24.16M, Peak:24.16M | Scene, ViewLayer | Updating Objects Flags
Fra:1 Mem:47.29M (Peak 55.44M) | Time:00:00.01 | Mem:24.16M, Peak:24.16M | Scene, ViewLayer | Updating Primitive Offsets
Fra:1 Mem:47.29M (Peak 55.44M) | Time:00:00.01 | Mem:24.16M, Peak:24.16M | Scene, ViewLayer | Updating Images
Fra:1 Mem:47.29M (Peak 55.44M) | Time:00:00.01 | Mem:24.16M, Peak:24.16M | Scene, ViewLayer | Updating Camera Volume
Fra:1 Mem:47.29M (Peak 55.44M) | Time:00:00.01 | Mem:24.16M, Peak:24.16M | Scene, ViewLayer | Updating Lookup Tables
Fra:1 Mem:47.29M (Peak 55.44M) | Time:00:00.01 | Mem:24.25M, Peak:24.25M | Scene, ViewLayer | Updating Lights
Fra:1 Mem:47.29M (Peak 55.44M) | Time:00:00.01 | Mem:24.25M, Peak:24.25M | Scene, ViewLayer | Updating Lights | Computing tree
Fra:1 Mem:47.29M (Peak 55.44M) | Time:00:00.01 | Mem:24.25M, Peak:24.25M | Scene, ViewLayer | Updating Integrator
Fra:1 Mem:47.29M (Peak 55.44M) | Time:00:00.01 | Mem:24.25M, Peak:24.25M | Scene, ViewLayer | Updating Film
Fra:1 Mem:47.30M (Peak 55.44M) | Time:00:00.01 | Mem:24.17M, Peak:24.25M | Scene, ViewLayer | Updating Lookup Tables
Fra:1 Mem:47.30M (Peak 55.44M) | Time:00:00.01 | Mem:24.25M, Peak:24.25M | Scene, ViewLayer | Updating Baking
Fra:1 Mem:47.30M (Peak 55.44M) | Time:00:00.01 | Mem:24.25M, Peak:24.25M | Scene, ViewLayer | Updating Device | Writing constant memory
Fra:1 Mem:47.30M (Peak 55.44M) | Time:00:00.01 | Mem:24.25M, Peak:24.25M | Scene, ViewLayer | Loading denoising kernels (may take a few minutes the first time)
Fra:1 Mem:47.30M (Peak 55.44M) | Time:00:00.01 | Mem:24.25M, Peak:24.25M | Scene, ViewLayer | Sample 0/12
Fra:1 Mem:64.63M (Peak 64.63M) | Time:00:00.04 | Remaining:00:00.32 | Mem:41.31M, Peak:41.31M | Scene, ViewLayer | Sample 1/12
Fra:1 Mem:71.81M (Peak 82.57M) | Time:00:00.79 | Mem:41.31M, Peak:41.31M | Scene, ViewLayer | Sample 12/12
Fra:1 Mem:71.81M (Peak 82.57M) | Time:00:00.79 | Mem:41.31M, Peak:41.31M | Scene, ViewLayer | Finished
Saved: 'E:\Games_Develop\Little-Castle_Assets_cliffkit\Source\Environment\CliffKit\v001\QA\Cliff_Convex_A_LOD0.png'
Time: 00:00.81 (Saving: 00:00.01)

Fra:1 Mem:23.31M (Peak 23.31M) | Time:00:00.00 | Mem:0.00M, Peak:0.00M | Scene, ViewLayer | Synchronizing object | Cliff_Convex_A_LOD1
Fra:1 Mem:23.31M (Peak 23.31M) | Time:00:00.00 | Mem:0.00M, Peak:0.00M | Scene, ViewLayer | Synchronizing object | Plane
Fra:1 Mem:23.34M (Peak 23.34M) | Time:00:00.00 | Mem:0.00M, Peak:0.00M | Scene, ViewLayer | Initializing
Fra:1 Mem:23.33M (Peak 23.34M) | Time:00:00.00 | Mem:0.00M, Peak:0.00M | Scene, ViewLayer | Updating Images | Loading Normal_OpenGL.png.002
Fra:1 Mem:23.33M (Peak 23.34M) | Time:00:00.00 | Mem:0.00M, Peak:0.00M | Scene, ViewLayer | Updating Images | Loading Roughness.png.002
Fra:1 Mem:47.02M (Peak 55.36M) | Time:00:00.01 | Mem:24.00M, Peak:24.00M | Scene, ViewLayer | Waiting for render to start
Fra:1 Mem:47.02M (Peak 55.36M) | Time:00:00.01 | Mem:24.00M, Peak:24.00M | Scene, ViewLayer | Loading render kernels (may take a few minutes the first time)
Fra:1 Mem:47.02M (Peak 55.36M) | Time:00:00.01 | Mem:24.00M, Peak:24.00M | Scene, ViewLayer | Updating Scene
Fra:1 Mem:47.02M (Peak 55.36M) | Time:00:00.01 | Mem:24.00M, Peak:24.00M | Scene, ViewLayer | Updating Shaders
Fra:1 Mem:47.11M (Peak 55.36M) | Time:00:00.01 | Mem:24.00M, Peak:24.00M | Scene, ViewLayer | Updating Procedurals
Fra:1 Mem:47.11M (Peak 55.36M) | Time:00:00.01 | Mem:24.00M, Peak:24.00M | Scene, ViewLayer | Updating Background
Fra:1 Mem:47.11M (Peak 55.36M) | Time:00:00.01 | Mem:24.00M, Peak:24.00M | Scene, ViewLayer | Updating Camera
Fra:1 Mem:47.11M (Peak 55.36M) | Time:00:00.01 | Mem:24.00M, Peak:24.00M | Scene, ViewLayer | Updating Meshes Flags
Fra:1 Mem:47.11M (Peak 55.36M) | Time:00:00.01 | Mem:24.00M, Peak:24.00M | Scene, ViewLayer | Updating Objects
Fra:1 Mem:47.11M (Peak 55.36M) | Time:00:00.01 | Mem:24.00M, Peak:24.00M | Scene, ViewLayer | Updating Objects | Copying Transformations to device
Fra:1 Mem:47.11M (Peak 55.36M) | Time:00:00.01 | Mem:24.00M, Peak:24.00M | Scene, ViewLayer | Updating Objects | Applying Static Transformations
Fra:1 Mem:47.11M (Peak 55.36M) | Time:00:00.01 | Mem:24.00M, Peak:24.00M | Scene, ViewLayer | Updating Particle Systems
Fra:1 Mem:47.11M (Peak 55.36M) | Time:00:00.01 | Mem:24.00M, Peak:24.00M | Scene, ViewLayer | Updating Particle Systems | Copying Particles to device
Fra:1 Mem:47.11M (Peak 55.36M) | Time:00:00.01 | Mem:24.00M, Peak:24.00M | Scene, ViewLayer | Updating Meshes
Fra:1 Mem:47.11M (Peak 55.36M) | Time:00:00.01 | Mem:24.00M, Peak:24.00M | Scene, ViewLayer | Updating Mesh | Computing attributes
Fra:1 Mem:47.13M (Peak 55.36M) | Time:00:00.01 | Mem:24.00M, Peak:24.00M | Scene, ViewLayer | Updating Mesh | Copying Attributes to device
Fra:1 Mem:47.13M (Peak 55.36M) | Time:00:00.01 | Mem:24.02M, Peak:24.02M | Scene, ViewLayer | Updating Scene BVH | Building
Fra:1 Mem:47.13M (Peak 55.36M) | Time:00:00.01 | Mem:24.02M, Peak:24.02M | Scene, ViewLayer | Updating Scene BVH | Building BVH
Fra:1 Mem:47.13M (Peak 55.36M) | Time:00:00.01 | Mem:24.03M, Peak:24.03M | Scene, ViewLayer | Updating Scene BVH | Building BVH 0%
Fra:1 Mem:47.13M (Peak 55.36M) | Time:00:00.01 | Mem:24.04M, Peak:24.05M | Scene, ViewLayer | Updating Scene BVH | Copying BVH to device
Fra:1 Mem:47.13M (Peak 55.36M) | Time:00:00.01 | Mem:24.04M, Peak:24.05M | Scene, ViewLayer | Updating Mesh | Computing normals
Fra:1 Mem:47.14M (Peak 55.36M) | Time:00:00.01 | Mem:24.04M, Peak:24.05M | Scene, ViewLayer | Updating Mesh | Copying Mesh to device
Fra:1 Mem:47.14M (Peak 55.36M) | Time:00:00.01 | Mem:24.05M, Peak:24.05M | Scene, ViewLayer | Updating Objects Flags
Fra:1 Mem:47.14M (Peak 55.36M) | Time:00:00.01 | Mem:24.05M, Peak:24.05M | Scene, ViewLayer | Updating Primitive Offsets
Fra:1 Mem:47.14M (Peak 55.36M) | Time:00:00.01 | Mem:24.05M, Peak:24.05M | Scene, ViewLayer | Updating Images
Fra:1 Mem:47.14M (Peak 55.36M) | Time:00:00.01 | Mem:24.05M, Peak:24.05M | Scene, ViewLayer | Updating Camera Volume
Fra:1 Mem:47.14M (Peak 55.36M) | Time:00:00.01 | Mem:24.05M, Peak:24.05M | Scene, ViewLayer | Updating Lookup Tables
Fra:1 Mem:47.14M (Peak 55.36M) | Time:00:00.01 | Mem:24.13M, Peak:24.13M | Scene, ViewLayer | Updating Lights
Fra:1 Mem:47.14M (Peak 55.36M) | Time:00:00.01 | Mem:24.13M, Peak:24.13M | Scene, ViewLayer | Updating Lights | Computing tree
Fra:1 Mem:47.14M (Peak 55.36M) | Time:00:00.01 | Mem:24.13M, Peak:24.13M | Scene, ViewLayer | Updating Integrator
Fra:1 Mem:47.14M (Peak 55.36M) | Time:00:00.01 | Mem:24.13M, Peak:24.13M | Scene, ViewLayer | Updating Film
Fra:1 Mem:47.14M (Peak 55.36M) | Time:00:00.01 | Mem:24.05M, Peak:24.13M | Scene, ViewLayer | Updating Lookup Tables
Fra:1 Mem:47.14M (Peak 55.36M) | Time:00:00.01 | Mem:24.14M, Peak:24.14M | Scene, ViewLayer | Updating Baking
Fra:1 Mem:47.14M (Peak 55.36M) | Time:00:00.01 | Mem:24.14M, Peak:24.14M | Scene, ViewLayer | Updating Device | Writing constant memory
Fra:1 Mem:47.14M (Peak 55.36M) | Time:00:00.01 | Mem:24.14M, Peak:24.14M | Scene, ViewLayer | Loading denoising kernels (may take a few minutes the first time)
Fra:1 Mem:47.14M (Peak 55.36M) | Time:00:00.01 | Mem:24.14M, Peak:24.14M | Scene, ViewLayer | Sample 0/12
Fra:1 Mem:64.47M (Peak 64.47M) | Time:00:00.04 | Remaining:00:00.32 | Mem:41.20M, Peak:41.20M | Scene, ViewLayer | Sample 1/12
Fra:1 Mem:71.65M (Peak 82.42M) | Time:00:00.77 | Mem:41.20M, Peak:41.20M | Scene, ViewLayer | Sample 12/12
Fra:1 Mem:71.65M (Peak 82.42M) | Time:00:00.77 | Mem:41.20M, Peak:41.20M | Scene, ViewLayer | Finished
Saved: 'E:\Games_Develop\Little-Castle_Assets_cliffkit\Source\Environment\CliffKit\v001\QA\Cliff_Convex_A_LOD1.png'
Time: 00:00.79 (Saving: 00:00.01)

Fra:1 Mem:23.31M (Peak 23.31M) | Time:00:00.00 | Mem:0.00M, Peak:0.00M | Scene, ViewLayer | Synchronizing object | Cliff_Convex_A_LOD2
Fra:1 Mem:23.31M (Peak 23.31M) | Time:00:00.00 | Mem:0.00M, Peak:0.00M | Scene, ViewLayer | Synchronizing object | Plane
Fra:1 Mem:23.33M (Peak 23.33M) | Time:00:00.00 | Mem:0.00M, Peak:0.00M | Scene, ViewLayer | Initializing
Fra:1 Mem:23.32M (Peak 23.33M) | Time:00:00.00 | Mem:0.00M, Peak:0.00M | Scene, ViewLayer | Updating Images | Loading Normal_OpenGL.png.002
Fra:1 Mem:23.32M (Peak 23.33M) | Time:00:00.00 | Mem:0.00M, Peak:0.00M | Scene, ViewLayer | Updating Images | Loading Roughness.png
Fra:1 Mem:23.32M (Peak 23.33M) | Time:00:00.00 | Mem:0.00M, Peak:0.00M | Scene, ViewLayer | Updating Images | Loading Roughness.png.002
Fra:1 Mem:47.01M (Peak 55.36M) | Time:00:00.01 | Mem:24.00M, Peak:24.00M | Scene, ViewLayer | Waiting for render to start
Fra:1 Mem:47.01M (Peak 55.36M) | Time:00:00.01 | Mem:24.00M, Peak:24.00M | Scene, ViewLayer | Loading render kernels (may take a few minutes the first time)
Fra:1 Mem:47.01M (Peak 55.36M) | Time:00:00.01 | Mem:24.00M, Peak:24.00M | Scene, ViewLayer | Updating Scene
Fra:1 Mem:47.01M (Peak 55.36M) | Time:00:00.01 | Mem:24.00M, Peak:24.00M | Scene, ViewLayer | Updating Shaders
Fra:1 Mem:47.10M (Peak 55.36M) | Time:00:00.01 | Mem:24.00M, Peak:24.00M | Scene, ViewLayer | Updating Procedurals
Fra:1 Mem:47.10M (Peak 55.36M) | Time:00:00.01 | Mem:24.00M, Peak:24.00M | Scene, ViewLayer | Updating Background
Fra:1 Mem:47.10M (Peak 55.36M) | Time:00:00.01 | Mem:24.00M, Peak:24.00M | Scene, ViewLayer | Updating Camera
Fra:1 Mem:47.10M (Peak 55.36M) | Time:00:00.01 | Mem:24.00M, Peak:24.00M | Scene, ViewLayer | Updating Meshes Flags
Fra:1 Mem:47.10M (Peak 55.36M) | Time:00:00.01 | Mem:24.00M, Peak:24.00M | Scene, ViewLayer | Updating Objects
Fra:1 Mem:47.10M (Peak 55.36M) | Time:00:00.01 | Mem:24.00M, Peak:24.00M | Scene, ViewLayer | Updating Objects | Copying Transformations to device
Fra:1 Mem:47.10M (Peak 55.36M) | Time:00:00.01 | Mem:24.00M, Peak:24.00M | Scene, ViewLayer | Updating Objects | Applying Static Transformations
Fra:1 Mem:47.10M (Peak 55.36M) | Time:00:00.01 | Mem:24.00M, Peak:24.00M | Scene, ViewLayer | Updating Particle Systems
Fra:1 Mem:47.10M (Peak 55.36M) | Time:00:00.01 | Mem:24.00M, Peak:24.00M | Scene, ViewLayer | Updating Particle Systems | Copying Particles to device
Fra:1 Mem:47.10M (Peak 55.36M) | Time:00:00.01 | Mem:24.00M, Peak:24.00M | Scene, ViewLayer | Updating Meshes
Fra:1 Mem:47.10M (Peak 55.36M) | Time:00:00.01 | Mem:24.00M, Peak:24.00M | Scene, ViewLayer | Updating Mesh | Computing attributes
Fra:1 Mem:47.11M (Peak 55.36M) | Time:00:00.01 | Mem:24.00M, Peak:24.00M | Scene, ViewLayer | Updating Mesh | Copying Attributes to device
Fra:1 Mem:47.11M (Peak 55.36M) | Time:00:00.01 | Mem:24.02M, Peak:24.02M | Scene, ViewLayer | Updating Scene BVH | Building
Fra:1 Mem:47.11M (Peak 55.36M) | Time:00:00.01 | Mem:24.02M, Peak:24.02M | Scene, ViewLayer | Updating Scene BVH | Building BVH
Fra:1 Mem:47.11M (Peak 55.36M) | Time:00:00.01 | Mem:24.02M, Peak:24.02M | Scene, ViewLayer | Updating Scene BVH | Building BVH 0%
Fra:1 Mem:47.11M (Peak 55.36M) | Time:00:00.01 | Mem:24.03M, Peak:24.04M | Scene, ViewLayer | Updating Scene BVH | Copying BVH to device
Fra:1 Mem:47.11M (Peak 55.36M) | Time:00:00.01 | Mem:24.03M, Peak:24.04M | Scene, ViewLayer | Updating Mesh | Computing normals
Fra:1 Mem:47.12M (Peak 55.36M) | Time:00:00.01 | Mem:24.03M, Peak:24.04M | Scene, ViewLayer | Updating Mesh | Copying Mesh to device
Fra:1 Mem:47.12M (Peak 55.36M) | Time:00:00.01 | Mem:24.04M, Peak:24.04M | Scene, ViewLayer | Updating Objects Flags
Fra:1 Mem:47.12M (Peak 55.36M) | Time:00:00.01 | Mem:24.04M, Peak:24.04M | Scene, ViewLayer | Updating Primitive Offsets
Fra:1 Mem:47.12M (Peak 55.36M) | Time:00:00.01 | Mem:24.04M, Peak:24.04M | Scene, ViewLayer | Updating Images
Fra:1 Mem:47.12M (Peak 55.36M) | Time:00:00.01 | Mem:24.04M, Peak:24.04M | Scene, ViewLayer | Updating Camera Volume
Fra:1 Mem:47.12M (Peak 55.36M) | Time:00:00.01 | Mem:24.04M, Peak:24.04M | Scene, ViewLayer | Updating Lookup Tables
Fra:1 Mem:47.12M (Peak 55.36M) | Time:00:00.01 | Mem:24.12M, Peak:24.12M | Scene, ViewLayer | Updating Lights
Fra:1 Mem:47.12M (Peak 55.36M) | Time:00:00.01 | Mem:24.12M, Peak:24.12M | Scene, ViewLayer | Updating Lights | Computing tree
Fra:1 Mem:47.12M (Peak 55.36M) | Time:00:00.01 | Mem:24.12M, Peak:24.12M | Scene, ViewLayer | Updating Integrator
Fra:1 Mem:47.12M (Peak 55.36M) | Time:00:00.01 | Mem:24.12M, Peak:24.12M | Scene, ViewLayer | Updating Film
Fra:1 Mem:47.12M (Peak 55.36M) | Time:00:00.01 | Mem:24.04M, Peak:24.12M | Scene, ViewLayer | Updating Lookup Tables
Fra:1 Mem:47.12M (Peak 55.36M) | Time:00:00.01 | Mem:24.12M, Peak:24.12M | Scene, ViewLayer | Updating Baking
Fra:1 Mem:47.12M (Peak 55.36M) | Time:00:00.01 | Mem:24.12M, Peak:24.12M | Scene, ViewLayer | Updating Device | Writing constant memory
Fra:1 Mem:47.12M (Peak 55.36M) | Time:00:00.01 | Mem:24.12M, Peak:24.12M | Scene, ViewLayer | Loading denoising kernels (may take a few minutes the first time)
Fra:1 Mem:47.12M (Peak 55.36M) | Time:00:00.01 | Mem:24.12M, Peak:24.12M | Scene, ViewLayer | Sample 0/12
Fra:1 Mem:64.45M (Peak 64.45M) | Time:00:00.04 | Remaining:00:00.31 | Mem:41.18M, Peak:41.18M | Scene, ViewLayer | Sample 1/12
Fra:1 Mem:71.63M (Peak 82.40M) | Time:00:00.76 | Mem:41.18M, Peak:41.18M | Scene, ViewLayer | Sample 12/12
Fra:1 Mem:71.63M (Peak 82.40M) | Time:00:00.76 | Mem:41.18M, Peak:41.18M | Scene, ViewLayer | Finished
Saved: 'E:\Games_Develop\Little-Castle_Assets_cliffkit\Source\Environment\CliffKit\v001\QA\Cliff_Convex_A_LOD2.png'
Time: 00:00.78 (Saving: 00:00.01)

Fra:1 Mem:23.31M (Peak 23.31M) | Time:00:00.00 | Mem:0.00M, Peak:0.00M | Scene, ViewLayer | Synchronizing object | Cliff_Convex_A_LOD0
Fra:1 Mem:23.31M (Peak 23.31M) | Time:00:00.00 | Mem:0.00M, Peak:0.00M | Scene, ViewLayer | Synchronizing object | Plane
Fra:1 Mem:23.42M (Peak 23.42M) | Time:00:00.00 | Mem:0.00M, Peak:0.00M | Scene, ViewLayer | Initializing
Fra:1 Mem:23.41M (Peak 23.42M) | Time:00:00.00 | Mem:0.00M, Peak:0.00M | Scene, ViewLayer | Updating Images | Loading Normal_OpenGL.png.002
Fra:1 Mem:23.41M (Peak 23.42M) | Time:00:00.00 | Mem:0.00M, Peak:0.00M | Scene, ViewLayer | Updating Images | Loading Roughness.png
Fra:1 Mem:23.41M (Peak 23.42M) | Time:00:00.00 | Mem:0.00M, Peak:0.00M | Scene, ViewLayer | Updating Images | Loading BaseColor.png.002
Fra:1 Mem:23.41M (Peak 23.42M) | Time:00:00.00 | Mem:0.00M, Peak:0.00M | Scene, ViewLayer | Updating Images | Loading Roughness.png.002
Fra:1 Mem:47.10M (Peak 55.45M) | Time:00:00.01 | Mem:24.00M, Peak:24.00M | Scene, ViewLayer | Waiting for render to start
Fra:1 Mem:47.10M (Peak 55.45M) | Time:00:00.01 | Mem:24.00M, Peak:24.00M | Scene, ViewLayer | Loading render kernels (may take a few minutes the first time)
Fra:1 Mem:47.10M (Peak 55.45M) | Time:00:00.01 | Mem:24.00M, Peak:24.00M | Scene, ViewLayer | Updating Scene
Fra:1 Mem:47.10M (Peak 55.45M) | Time:00:00.01 | Mem:24.00M, Peak:24.00M | Scene, ViewLayer | Updating Shaders
Fra:1 Mem:47.19M (Peak 55.45M) | Time:00:00.01 | Mem:24.00M, Peak:24.00M | Scene, ViewLayer | Updating Procedurals
Fra:1 Mem:47.19M (Peak 55.45M) | Time:00:00.01 | Mem:24.00M, Peak:24.00M | Scene, ViewLayer | Updating Background
Fra:1 Mem:47.19M (Peak 55.45M) | Time:00:00.01 | Mem:24.00M, Peak:24.00M | Scene, ViewLayer | Updating Camera
Fra:1 Mem:47.19M (Peak 55.45M) | Time:00:00.01 | Mem:24.00M, Peak:24.00M | Scene, ViewLayer | Updating Meshes Flags
Fra:1 Mem:47.19M (Peak 55.45M) | Time:00:00.01 | Mem:24.00M, Peak:24.00M | Scene, ViewLayer | Updating Objects
Fra:1 Mem:47.19M (Peak 55.45M) | Time:00:00.01 | Mem:24.00M, Peak:24.00M | Scene, ViewLayer | Updating Objects | Copying Transformations to device
Fra:1 Mem:47.19M (Peak 55.45M) | Time:00:00.01 | Mem:24.00M, Peak:24.00M | Scene, ViewLayer | Updating Objects | Applying Static Transformations
Fra:1 Mem:47.19M (Peak 55.45M) | Time:00:00.01 | Mem:24.00M, Peak:24.00M | Scene, ViewLayer | Updating Particle Systems
Fra:1 Mem:47.19M (Peak 55.45M) | Time:00:00.01 | Mem:24.00M, Peak:24.00M | Scene, ViewLayer | Updating Particle Systems | Copying Particles to device
Fra:1 Mem:47.19M (Peak 55.45M) | Time:00:00.01 | Mem:24.00M, Peak:24.00M | Scene, ViewLayer | Updating Meshes
Fra:1 Mem:47.20M (Peak 55.45M) | Time:00:00.01 | Mem:24.00M, Peak:24.00M | Scene, ViewLayer | Updating Mesh | Computing attributes
Fra:1 Mem:47.27M (Peak 55.45M) | Time:00:00.01 | Mem:24.00M, Peak:24.00M | Scene, ViewLayer | Updating Mesh | Copying Attributes to device
Fra:1 Mem:47.27M (Peak 55.45M) | Time:00:00.01 | Mem:24.07M, Peak:24.07M | Scene, ViewLayer | Updating Scene BVH | Building
Fra:1 Mem:47.27M (Peak 55.45M) | Time:00:00.01 | Mem:24.07M, Peak:24.07M | Scene, ViewLayer | Updating Scene BVH | Building BVH
Fra:1 Mem:47.27M (Peak 55.45M) | Time:00:00.01 | Mem:24.10M, Peak:24.10M | Scene, ViewLayer | Updating Scene BVH | Building BVH 0%
Fra:1 Mem:47.27M (Peak 55.45M) | Time:00:00.01 | Mem:24.13M, Peak:24.16M | Scene, ViewLayer | Updating Scene BVH | Copying BVH to device
Fra:1 Mem:47.27M (Peak 55.45M) | Time:00:00.01 | Mem:24.13M, Peak:24.16M | Scene, ViewLayer | Updating Mesh | Computing normals
Fra:1 Mem:47.30M (Peak 55.45M) | Time:00:00.01 | Mem:24.13M, Peak:24.16M | Scene, ViewLayer | Updating Mesh | Copying Mesh to device
Fra:1 Mem:47.30M (Peak 55.45M) | Time:00:00.01 | Mem:24.16M, Peak:24.16M | Scene, ViewLayer | Updating Objects Flags
Fra:1 Mem:47.30M (Peak 55.45M) | Time:00:00.01 | Mem:24.16M, Peak:24.16M | Scene, ViewLayer | Updating Primitive Offsets
Fra:1 Mem:47.30M (Peak 55.45M) | Time:00:00.01 | Mem:24.16M, Peak:24.16M | Scene, ViewLayer | Updating Images
Fra:1 Mem:47.30M (Peak 55.45M) | Time:00:00.01 | Mem:24.16M, Peak:24.16M | Scene, ViewLayer | Updating Camera Volume
Fra:1 Mem:47.30M (Peak 55.45M) | Time:00:00.01 | Mem:24.16M, Peak:24.16M | Scene, ViewLayer | Updating Lookup Tables
Fra:1 Mem:47.30M (Peak 55.45M) | Time:00:00.01 | Mem:24.25M, Peak:24.25M | Scene, ViewLayer | Updating Lights
Fra:1 Mem:47.30M (Peak 55.45M) | Time:00:00.01 | Mem:24.25M, Peak:24.25M | Scene, ViewLayer | Updating Lights | Computing tree
Fra:1 Mem:47.30M (Peak 55.45M) | Time:00:00.01 | Mem:24.25M, Peak:24.25M | Scene, ViewLayer | Updating Integrator
Fra:1 Mem:47.30M (Peak 55.45M) | Time:00:00.01 | Mem:24.25M, Peak:24.25M | Scene, ViewLayer | Updating Film
Fra:1 Mem:47.31M (Peak 55.45M) | Time:00:00.01 | Mem:24.17M, Peak:24.25M | Scene, ViewLayer | Updating Lookup Tables
Fra:1 Mem:47.31M (Peak 55.45M) | Time:00:00.01 | Mem:24.25M, Peak:24.25M | Scene, ViewLayer | Updating Baking
Fra:1 Mem:47.31M (Peak 55.45M) | Time:00:00.01 | Mem:24.25M, Peak:24.25M | Scene, ViewLayer | Updating Device | Writing constant memory
Fra:1 Mem:47.31M (Peak 55.45M) | Time:00:00.01 | Mem:24.25M, Peak:24.25M | Scene, ViewLayer | Loading denoising kernels (may take a few minutes the first time)
Fra:1 Mem:47.31M (Peak 55.45M) | Time:00:00.01 | Mem:24.25M, Peak:24.25M | Scene, ViewLayer | Sample 0/12
Fra:1 Mem:64.63M (Peak 64.63M) | Time:00:00.04 | Remaining:00:00.35 | Mem:41.31M, Peak:41.31M | Scene, ViewLayer | Sample 1/12
Fra:1 Mem:71.81M (Peak 82.58M) | Time:00:00.77 | Mem:41.31M, Peak:41.31M | Scene, ViewLayer | Sample 12/12
Fra:1 Mem:71.81M (Peak 82.58M) | Time:00:00.77 | Mem:41.31M, Peak:41.31M | Scene, ViewLayer | Finished
Saved: 'E:\Games_Develop\Little-Castle_Assets_cliffkit\Source\Environment\CliffKit\v001\QA\Cliff_Convex_A_front.png'
Time: 00:00.79 (Saving: 00:00.01)

Fra:1 Mem:23.31M (Peak 23.31M) | Time:00:00.00 | Mem:0.00M, Peak:0.00M | Scene, ViewLayer | Synchronizing object | Cliff_Convex_A_LOD0
Fra:1 Mem:23.31M (Peak 23.31M) | Time:00:00.00 | Mem:0.00M, Peak:0.00M | Scene, ViewLayer | Synchronizing object | Plane
Fra:1 Mem:23.42M (Peak 23.42M) | Time:00:00.00 | Mem:0.00M, Peak:0.00M | Scene, ViewLayer | Initializing
Fra:1 Mem:23.41M (Peak 23.42M) | Time:00:00.00 | Mem:0.00M, Peak:0.00M | Scene, ViewLayer | Updating Images | Loading Normal_OpenGL.png.002
Fra:1 Mem:23.41M (Peak 23.42M) | Time:00:00.00 | Mem:0.00M, Peak:0.00M | Scene, ViewLayer | Updating Images | Loading Roughness.png.002
Fra:1 Mem:47.10M (Peak 59.46M) | Time:00:00.01 | Mem:24.00M, Peak:24.00M | Scene, ViewLayer | Waiting for render to start
Fra:1 Mem:47.10M (Peak 59.46M) | Time:00:00.01 | Mem:24.00M, Peak:24.00M | Scene, ViewLayer | Loading render kernels (may take a few minutes the first time)
Fra:1 Mem:47.10M (Peak 59.46M) | Time:00:00.01 | Mem:24.00M, Peak:24.00M | Scene, ViewLayer | Updating Scene
Fra:1 Mem:47.10M (Peak 59.46M) | Time:00:00.01 | Mem:24.00M, Peak:24.00M | Scene, ViewLayer | Updating Shaders
Fra:1 Mem:47.19M (Peak 59.46M) | Time:00:00.01 | Mem:24.00M, Peak:24.00M | Scene, ViewLayer | Updating Procedurals
Fra:1 Mem:47.19M (Peak 59.46M) | Time:00:00.01 | Mem:24.00M, Peak:24.00M | Scene, ViewLayer | Updating Background
Fra:1 Mem:47.19M (Peak 59.46M) | Time:00:00.01 | Mem:24.00M, Peak:24.00M | Scene, ViewLayer | Updating Camera
Fra:1 Mem:47.19M (Peak 59.46M) | Time:00:00.01 | Mem:24.00M, Peak:24.00M | Scene, ViewLayer | Updating Meshes Flags
Fra:1 Mem:47.19M (Peak 59.46M) | Time:00:00.01 | Mem:24.00M, Peak:24.00M | Scene, ViewLayer | Updating Objects
Fra:1 Mem:47.19M (Peak 59.46M) | Time:00:00.01 | Mem:24.00M, Peak:24.00M | Scene, ViewLayer | Updating Objects | Copying Transformations to device
Fra:1 Mem:47.19M (Peak 59.46M) | Time:00:00.01 | Mem:24.00M, Peak:24.00M | Scene, ViewLayer | Updating Objects | Applying Static Transformations
Fra:1 Mem:47.19M (Peak 59.46M) | Time:00:00.01 | Mem:24.00M, Peak:24.00M | Scene, ViewLayer | Updating Particle Systems
Fra:1 Mem:47.19M (Peak 59.46M) | Time:00:00.01 | Mem:24.00M, Peak:24.00M | Scene, ViewLayer | Updating Particle Systems | Copying Particles to device
Fra:1 Mem:47.19M (Peak 59.46M) | Time:00:00.01 | Mem:24.00M, Peak:24.00M | Scene, ViewLayer | Updating Meshes
Fra:1 Mem:47.20M (Peak 59.46M) | Time:00:00.01 | Mem:24.00M, Peak:24.00M | Scene, ViewLayer | Updating Mesh | Computing attributes
Fra:1 Mem:47.27M (Peak 59.46M) | Time:00:00.01 | Mem:24.00M, Peak:24.00M | Scene, ViewLayer | Updating Mesh | Copying Attributes to device
Fra:1 Mem:47.27M (Peak 59.46M) | Time:00:00.01 | Mem:24.07M, Peak:24.07M | Scene, ViewLayer | Updating Scene BVH | Building
Fra:1 Mem:47.27M (Peak 59.46M) | Time:00:00.01 | Mem:24.07M, Peak:24.07M | Scene, ViewLayer | Updating Scene BVH | Building BVH
Fra:1 Mem:47.27M (Peak 59.46M) | Time:00:00.01 | Mem:24.10M, Peak:24.10M | Scene, ViewLayer | Updating Scene BVH | Building BVH 0%
Fra:1 Mem:47.27M (Peak 59.46M) | Time:00:00.01 | Mem:24.13M, Peak:24.16M | Scene, ViewLayer | Updating Scene BVH | Copying BVH to device
Fra:1 Mem:47.27M (Peak 59.46M) | Time:00:00.01 | Mem:24.13M, Peak:24.16M | Scene, ViewLayer | Updating Mesh | Computing normals
Fra:1 Mem:47.30M (Peak 59.46M) | Time:00:00.01 | Mem:24.13M, Peak:24.16M | Scene, ViewLayer | Updating Mesh | Copying Mesh to device
Fra:1 Mem:47.30M (Peak 59.46M) | Time:00:00.01 | Mem:24.16M, Peak:24.16M | Scene, ViewLayer | Updating Objects Flags
Fra:1 Mem:47.30M (Peak 59.46M) | Time:00:00.01 | Mem:24.16M, Peak:24.16M | Scene, ViewLayer | Updating Primitive Offsets
Fra:1 Mem:47.30M (Peak 59.46M) | Time:00:00.01 | Mem:24.16M, Peak:24.16M | Scene, ViewLayer | Updating Images
Fra:1 Mem:47.30M (Peak 59.46M) | Time:00:00.01 | Mem:24.16M, Peak:24.16M | Scene, ViewLayer | Updating Camera Volume
Fra:1 Mem:47.30M (Peak 59.46M) | Time:00:00.01 | Mem:24.16M, Peak:24.16M | Scene, ViewLayer | Updating Lookup Tables
Fra:1 Mem:47.30M (Peak 59.46M) | Time:00:00.01 | Mem:24.25M, Peak:24.25M | Scene, ViewLayer | Updating Lights
Fra:1 Mem:47.30M (Peak 59.46M) | Time:00:00.01 | Mem:24.25M, Peak:24.25M | Scene, ViewLayer | Updating Lights | Computing tree
Fra:1 Mem:47.30M (Peak 59.46M) | Time:00:00.01 | Mem:24.25M, Peak:24.25M | Scene, ViewLayer | Updating Integrator
Fra:1 Mem:47.30M (Peak 59.46M) | Time:00:00.01 | Mem:24.25M, Peak:24.25M | Scene, ViewLayer | Updating Film
Fra:1 Mem:47.31M (Peak 59.46M) | Time:00:00.01 | Mem:24.17M, Peak:24.25M | Scene, ViewLayer | Updating Lookup Tables
Fra:1 Mem:47.31M (Peak 59.46M) | Time:00:00.01 | Mem:24.25M, Peak:24.25M | Scene, ViewLayer | Updating Baking
Fra:1 Mem:47.31M (Peak 59.46M) | Time:00:00.01 | Mem:24.25M, Peak:24.25M | Scene, ViewLayer | Updating Device | Writing constant memory
Fra:1 Mem:47.31M (Peak 59.46M) | Time:00:00.01 | Mem:24.25M, Peak:24.25M | Scene, ViewLayer | Loading denoising kernels (may take a few minutes the first time)
Fra:1 Mem:47.31M (Peak 59.46M) | Time:00:00.01 | Mem:24.25M, Peak:24.25M | Scene, ViewLayer | Sample 0/12
Fra:1 Mem:64.63M (Peak 64.63M) | Time:00:00.04 | Remaining:00:00.35 | Mem:41.31M, Peak:41.31M | Scene, ViewLayer | Sample 1/12
Fra:1 Mem:71.81M (Peak 82.58M) | Time:00:00.77 | Mem:41.31M, Peak:41.31M | Scene, ViewLayer | Sample 12/12
Fra:1 Mem:71.81M (Peak 82.58M) | Time:00:00.77 | Mem:41.31M, Peak:41.31M | Scene, ViewLayer | Finished
Saved: 'E:\Games_Develop\Little-Castle_Assets_cliffkit\Source\Environment\CliffKit\v001\QA\Cliff_Convex_A_rear.png'
Time: 00:00.79 (Saving: 00:00.01)

Fra:1 Mem:23.31M (Peak 23.31M) | Time:00:00.00 | Mem:0.00M, Peak:0.00M | Scene, ViewLayer | Synchronizing object | Cliff_Concave_A_LOD0
Fra:1 Mem:23.35M (Peak 23.35M) | Time:00:00.00 | Mem:0.00M, Peak:0.00M | Scene, ViewLayer | Synchronizing object | Plane
Fra:1 Mem:23.44M (Peak 23.44M) | Time:00:00.00 | Mem:0.00M, Peak:0.00M | Scene, ViewLayer | Initializing
Fra:1 Mem:23.43M (Peak 23.44M) | Time:00:00.00 | Mem:0.00M, Peak:0.00M | Scene, ViewLayer | Updating Images | Loading Normal_OpenGL.png.002
Fra:1 Mem:23.43M (Peak 23.44M) | Time:00:00.00 | Mem:0.00M, Peak:0.00M | Scene, ViewLayer | Updating Images | Loading Roughness.png.002
Fra:1 Mem:47.11M (Peak 55.46M) | Time:00:00.01 | Mem:24.00M, Peak:24.00M | Scene, ViewLayer | Waiting for render to start
Fra:1 Mem:47.12M (Peak 55.46M) | Time:00:00.01 | Mem:24.00M, Peak:24.00M | Scene, ViewLayer | Loading render kernels (may take a few minutes the first time)
Fra:1 Mem:47.12M (Peak 55.46M) | Time:00:00.01 | Mem:24.00M, Peak:24.00M | Scene, ViewLayer | Updating Scene
Fra:1 Mem:47.12M (Peak 55.46M) | Time:00:00.01 | Mem:24.00M, Peak:24.00M | Scene, ViewLayer | Updating Shaders
Fra:1 Mem:47.20M (Peak 55.46M) | Time:00:00.01 | Mem:24.00M, Peak:24.00M | Scene, ViewLayer | Updating Procedurals
Fra:1 Mem:47.20M (Peak 55.46M) | Time:00:00.01 | Mem:24.00M, Peak:24.00M | Scene, ViewLayer | Updating Background
Fra:1 Mem:47.20M (Peak 55.46M) | Time:00:00.01 | Mem:24.00M, Peak:24.00M | Scene, ViewLayer | Updating Camera
Fra:1 Mem:47.20M (Peak 55.46M) | Time:00:00.01 | Mem:24.00M, Peak:24.00M | Scene, ViewLayer | Updating Meshes Flags
Fra:1 Mem:47.20M (Peak 55.46M) | Time:00:00.01 | Mem:24.00M, Peak:24.00M | Scene, ViewLayer | Updating Objects
Fra:1 Mem:47.20M (Peak 55.46M) | Time:00:00.01 | Mem:24.00M, Peak:24.00M | Scene, ViewLayer | Updating Objects | Copying Transformations to device
Fra:1 Mem:47.20M (Peak 55.46M) | Time:00:00.01 | Mem:24.00M, Peak:24.00M | Scene, ViewLayer | Updating Objects | Applying Static Transformations
Fra:1 Mem:47.20M (Peak 55.46M) | Time:00:00.01 | Mem:24.00M, Peak:24.00M | Scene, ViewLayer | Updating Particle Systems
Fra:1 Mem:47.20M (Peak 55.46M) | Time:00:00.01 | Mem:24.00M, Peak:24.00M | Scene, ViewLayer | Updating Particle Systems | Copying Particles to device
Fra:1 Mem:47.20M (Peak 55.46M) | Time:00:00.01 | Mem:24.00M, Peak:24.00M | Scene, ViewLayer | Updating Meshes
Fra:1 Mem:47.21M (Peak 55.46M) | Time:00:00.01 | Mem:24.00M, Peak:24.00M | Scene, ViewLayer | Updating Mesh | Computing attributes
Fra:1 Mem:47.28M (Peak 55.46M) | Time:00:00.01 | Mem:24.00M, Peak:24.00M | Scene, ViewLayer | Updating Mesh | Copying Attributes to device
Fra:1 Mem:47.28M (Peak 55.46M) | Time:00:00.01 | Mem:24.07M, Peak:24.07M | Scene, ViewLayer | Updating Scene BVH | Building
Fra:1 Mem:47.28M (Peak 55.46M) | Time:00:00.01 | Mem:24.07M, Peak:24.07M | Scene, ViewLayer | Updating Scene BVH | Building BVH
Fra:1 Mem:47.28M (Peak 55.46M) | Time:00:00.01 | Mem:24.10M, Peak:24.10M | Scene, ViewLayer | Updating Scene BVH | Building BVH 0%
Fra:1 Mem:47.28M (Peak 55.46M) | Time:00:00.01 | Mem:24.14M, Peak:24.16M | Scene, ViewLayer | Updating Scene BVH | Copying BVH to device
Fra:1 Mem:47.28M (Peak 55.46M) | Time:00:00.01 | Mem:24.14M, Peak:24.16M | Scene, ViewLayer | Updating Mesh | Computing normals
Fra:1 Mem:47.32M (Peak 55.46M) | Time:00:00.01 | Mem:24.14M, Peak:24.16M | Scene, ViewLayer | Updating Mesh | Copying Mesh to device
Fra:1 Mem:47.32M (Peak 55.46M) | Time:00:00.01 | Mem:24.17M, Peak:24.17M | Scene, ViewLayer | Updating Objects Flags
Fra:1 Mem:47.32M (Peak 55.46M) | Time:00:00.01 | Mem:24.17M, Peak:24.17M | Scene, ViewLayer | Updating Primitive Offsets
Fra:1 Mem:47.32M (Peak 55.46M) | Time:00:00.01 | Mem:24.17M, Peak:24.17M | Scene, ViewLayer | Updating Images
Fra:1 Mem:47.32M (Peak 55.46M) | Time:00:00.01 | Mem:24.17M, Peak:24.17M | Scene, ViewLayer | Updating Camera Volume
Fra:1 Mem:47.32M (Peak 55.46M) | Time:00:00.01 | Mem:24.17M, Peak:24.17M | Scene, ViewLayer | Updating Lookup Tables
Fra:1 Mem:47.32M (Peak 55.46M) | Time:00:00.01 | Mem:24.25M, Peak:24.25M | Scene, ViewLayer | Updating Lights
Fra:1 Mem:47.32M (Peak 55.46M) | Time:00:00.01 | Mem:24.25M, Peak:24.25M | Scene, ViewLayer | Updating Lights | Computing tree
Fra:1 Mem:47.32M (Peak 55.46M) | Time:00:00.01 | Mem:24.25M, Peak:24.25M | Scene, ViewLayer | Updating Integrator
Fra:1 Mem:47.32M (Peak 55.46M) | Time:00:00.01 | Mem:24.25M, Peak:24.25M | Scene, ViewLayer | Updating Film
Fra:1 Mem:47.32M (Peak 55.46M) | Time:00:00.01 | Mem:24.17M, Peak:24.25M | Scene, ViewLayer | Updating Lookup Tables
Fra:1 Mem:47.32M (Peak 55.46M) | Time:00:00.01 | Mem:24.25M, Peak:24.25M | Scene, ViewLayer | Updating Baking
Fra:1 Mem:47.32M (Peak 55.46M) | Time:00:00.01 | Mem:24.25M, Peak:24.25M | Scene, ViewLayer | Updating Device | Writing constant memory
Fra:1 Mem:47.32M (Peak 55.46M) | Time:00:00.01 | Mem:24.25M, Peak:24.25M | Scene, ViewLayer | Loading denoising kernels (may take a few minutes the first time)
Fra:1 Mem:47.32M (Peak 55.46M) | Time:00:00.01 | Mem:24.25M, Peak:24.25M | Scene, ViewLayer | Sample 0/12
Fra:1 Mem:64.65M (Peak 64.65M) | Time:00:00.04 | Remaining:00:00.36 | Mem:41.31M, Peak:41.31M | Scene, ViewLayer | Sample 1/12
Fra:1 Mem:71.83M (Peak 82.60M) | Time:00:00.78 | Mem:41.31M, Peak:41.31M | Scene, ViewLayer | Sample 12/12
Fra:1 Mem:71.83M (Peak 82.60M) | Time:00:00.78 | Mem:41.31M, Peak:41.31M | Scene, ViewLayer | Finished
Saved: 'E:\Games_Develop\Little-Castle_Assets_cliffkit\Source\Environment\CliffKit\v001\QA\Cliff_Concave_A_LOD0.png'
Time: 00:00.80 (Saving: 00:00.01)

Fra:1 Mem:23.33M (Peak 23.33M) | Time:00:00.00 | Mem:0.00M, Peak:0.00M | Scene, ViewLayer | Synchronizing object | Cliff_Concave_A_LOD1
Fra:1 Mem:23.33M (Peak 23.33M) | Time:00:00.00 | Mem:0.00M, Peak:0.00M | Scene, ViewLayer | Synchronizing object | Plane
Fra:1 Mem:23.36M (Peak 23.36M) | Time:00:00.00 | Mem:0.00M, Peak:0.00M | Scene, ViewLayer | Initializing
Fra:1 Mem:23.35M (Peak 23.36M) | Time:00:00.00 | Mem:0.00M, Peak:0.00M | Scene, ViewLayer | Updating Images | Loading Normal_OpenGL.png.002
Fra:1 Mem:23.35M (Peak 23.36M) | Time:00:00.00 | Mem:0.00M, Peak:0.00M | Scene, ViewLayer | Updating Images | Loading BaseColor.png
Fra:1 Mem:23.35M (Peak 23.36M) | Time:00:00.00 | Mem:0.00M, Peak:0.00M | Scene, ViewLayer | Updating Images | Loading Roughness.png.002
Fra:1 Mem:47.04M (Peak 55.39M) | Time:00:00.01 | Mem:24.00M, Peak:24.00M | Scene, ViewLayer | Waiting for render to start
Fra:1 Mem:47.04M (Peak 55.39M) | Time:00:00.01 | Mem:24.00M, Peak:24.00M | Scene, ViewLayer | Loading render kernels (may take a few minutes the first time)
Fra:1 Mem:47.04M (Peak 55.39M) | Time:00:00.01 | Mem:24.00M, Peak:24.00M | Scene, ViewLayer | Updating Scene
Fra:1 Mem:47.04M (Peak 55.39M) | Time:00:00.01 | Mem:24.00M, Peak:24.00M | Scene, ViewLayer | Updating Shaders
Fra:1 Mem:47.13M (Peak 55.39M) | Time:00:00.01 | Mem:24.00M, Peak:24.00M | Scene, ViewLayer | Updating Procedurals
Fra:1 Mem:47.13M (Peak 55.39M) | Time:00:00.01 | Mem:24.00M, Peak:24.00M | Scene, ViewLayer | Updating Background
Fra:1 Mem:47.13M (Peak 55.39M) | Time:00:00.01 | Mem:24.00M, Peak:24.00M | Scene, ViewLayer | Updating Camera
Fra:1 Mem:47.13M (Peak 55.39M) | Time:00:00.01 | Mem:24.00M, Peak:24.00M | Scene, ViewLayer | Updating Meshes Flags
Fra:1 Mem:47.13M (Peak 55.39M) | Time:00:00.01 | Mem:24.00M, Peak:24.00M | Scene, ViewLayer | Updating Objects
Fra:1 Mem:47.13M (Peak 55.39M) | Time:00:00.01 | Mem:24.00M, Peak:24.00M | Scene, ViewLayer | Updating Objects | Copying Transformations to device
Fra:1 Mem:47.13M (Peak 55.39M) | Time:00:00.01 | Mem:24.00M, Peak:24.00M | Scene, ViewLayer | Updating Objects | Applying Static Transformations
Fra:1 Mem:47.13M (Peak 55.39M) | Time:00:00.01 | Mem:24.00M, Peak:24.00M | Scene, ViewLayer | Updating Particle Systems
Fra:1 Mem:47.13M (Peak 55.39M) | Time:00:00.01 | Mem:24.00M, Peak:24.00M | Scene, ViewLayer | Updating Particle Systems | Copying Particles to device
Fra:1 Mem:47.13M (Peak 55.39M) | Time:00:00.01 | Mem:24.00M, Peak:24.00M | Scene, ViewLayer | Updating Meshes
Fra:1 Mem:47.13M (Peak 55.39M) | Time:00:00.01 | Mem:24.00M, Peak:24.00M | Scene, ViewLayer | Updating Mesh | Computing attributes
Fra:1 Mem:47.15M (Peak 55.39M) | Time:00:00.01 | Mem:24.00M, Peak:24.00M | Scene, ViewLayer | Updating Mesh | Copying Attributes to device
Fra:1 Mem:47.15M (Peak 55.39M) | Time:00:00.01 | Mem:24.02M, Peak:24.02M | Scene, ViewLayer | Updating Scene BVH | Building
Fra:1 Mem:47.15M (Peak 55.39M) | Time:00:00.01 | Mem:24.02M, Peak:24.02M | Scene, ViewLayer | Updating Scene BVH | Building BVH
Fra:1 Mem:47.15M (Peak 55.39M) | Time:00:00.01 | Mem:24.03M, Peak:24.03M | Scene, ViewLayer | Updating Scene BVH | Building BVH 0%
Fra:1 Mem:47.15M (Peak 55.39M) | Time:00:00.01 | Mem:24.04M, Peak:24.05M | Scene, ViewLayer | Updating Scene BVH | Copying BVH to device
Fra:1 Mem:47.15M (Peak 55.39M) | Time:00:00.01 | Mem:24.04M, Peak:24.05M | Scene, ViewLayer | Updating Mesh | Computing normals
Fra:1 Mem:47.16M (Peak 55.39M) | Time:00:00.01 | Mem:24.04M, Peak:24.05M | Scene, ViewLayer | Updating Mesh | Copying Mesh to device
Fra:1 Mem:47.16M (Peak 55.39M) | Time:00:00.01 | Mem:24.05M, Peak:24.05M | Scene, ViewLayer | Updating Objects Flags
Fra:1 Mem:47.16M (Peak 55.39M) | Time:00:00.01 | Mem:24.05M, Peak:24.05M | Scene, ViewLayer | Updating Primitive Offsets
Fra:1 Mem:47.16M (Peak 55.39M) | Time:00:00.01 | Mem:24.05M, Peak:24.05M | Scene, ViewLayer | Updating Images
Fra:1 Mem:47.16M (Peak 55.39M) | Time:00:00.01 | Mem:24.05M, Peak:24.05M | Scene, ViewLayer | Updating Camera Volume
Fra:1 Mem:47.16M (Peak 55.39M) | Time:00:00.01 | Mem:24.05M, Peak:24.05M | Scene, ViewLayer | Updating Lookup Tables
Fra:1 Mem:47.16M (Peak 55.39M) | Time:00:00.01 | Mem:24.14M, Peak:24.14M | Scene, ViewLayer | Updating Lights
Fra:1 Mem:47.16M (Peak 55.39M) | Time:00:00.01 | Mem:24.14M, Peak:24.14M | Scene, ViewLayer | Updating Lights | Computing tree
Fra:1 Mem:47.16M (Peak 55.39M) | Time:00:00.01 | Mem:24.14M, Peak:24.14M | Scene, ViewLayer | Updating Integrator
Fra:1 Mem:47.16M (Peak 55.39M) | Time:00:00.01 | Mem:24.14M, Peak:24.14M | Scene, ViewLayer | Updating Film
Fra:1 Mem:47.17M (Peak 55.39M) | Time:00:00.01 | Mem:24.05M, Peak:24.14M | Scene, ViewLayer | Updating Lookup Tables
Fra:1 Mem:47.17M (Peak 55.39M) | Time:00:00.01 | Mem:24.14M, Peak:24.14M | Scene, ViewLayer | Updating Baking
Fra:1 Mem:47.17M (Peak 55.39M) | Time:00:00.01 | Mem:24.14M, Peak:24.14M | Scene, ViewLayer | Updating Device | Writing constant memory
Fra:1 Mem:47.17M (Peak 55.39M) | Time:00:00.01 | Mem:24.14M, Peak:24.14M | Scene, ViewLayer | Loading denoising kernels (may take a few minutes the first time)
Fra:1 Mem:47.17M (Peak 55.39M) | Time:00:00.01 | Mem:24.14M, Peak:24.14M | Scene, ViewLayer | Sample 0/12
Fra:1 Mem:64.49M (Peak 64.49M) | Time:00:00.04 | Remaining:00:00.33 | Mem:41.20M, Peak:41.20M | Scene, ViewLayer | Sample 1/12
Fra:1 Mem:71.67M (Peak 82.44M) | Time:00:00.77 | Mem:41.20M, Peak:41.20M | Scene, ViewLayer | Sample 12/12
Fra:1 Mem:71.67M (Peak 82.44M) | Time:00:00.77 | Mem:41.20M, Peak:41.20M | Scene, ViewLayer | Finished
Saved: 'E:\Games_Develop\Little-Castle_Assets_cliffkit\Source\Environment\CliffKit\v001\QA\Cliff_Concave_A_LOD1.png'
Time: 00:00.79 (Saving: 00:00.01)

Fra:1 Mem:23.33M (Peak 23.33M) | Time:00:00.00 | Mem:0.00M, Peak:0.00M | Scene, ViewLayer | Synchronizing object | Cliff_Concave_A_LOD2
Fra:1 Mem:23.33M (Peak 23.33M) | Time:00:00.00 | Mem:0.00M, Peak:0.00M | Scene, ViewLayer | Synchronizing object | Plane
Fra:1 Mem:23.36M (Peak 23.36M) | Time:00:00.00 | Mem:0.00M, Peak:0.00M | Scene, ViewLayer | Initializing
Fra:1 Mem:23.34M (Peak 23.36M) | Time:00:00.00 | Mem:0.00M, Peak:0.00M | Scene, ViewLayer | Updating Images | Loading Normal_OpenGL.png.002
Fra:1 Mem:23.34M (Peak 23.36M) | Time:00:00.00 | Mem:0.00M, Peak:0.00M | Scene, ViewLayer | Updating Images | Loading Roughness.png
Fra:1 Mem:23.34M (Peak 23.36M) | Time:00:00.00 | Mem:0.00M, Peak:0.00M | Scene, ViewLayer | Updating Images | Loading Roughness.png.002
Fra:1 Mem:47.03M (Peak 55.38M) | Time:00:00.01 | Mem:24.00M, Peak:24.00M | Scene, ViewLayer | Waiting for render to start
Fra:1 Mem:47.03M (Peak 55.38M) | Time:00:00.01 | Mem:24.00M, Peak:24.00M | Scene, ViewLayer | Loading render kernels (may take a few minutes the first time)
Fra:1 Mem:47.03M (Peak 55.38M) | Time:00:00.01 | Mem:24.00M, Peak:24.00M | Scene, ViewLayer | Updating Scene
Fra:1 Mem:47.03M (Peak 55.38M) | Time:00:00.01 | Mem:24.00M, Peak:24.00M | Scene, ViewLayer | Updating Shaders
Fra:1 Mem:47.12M (Peak 55.38M) | Time:00:00.01 | Mem:24.00M, Peak:24.00M | Scene, ViewLayer | Updating Procedurals
Fra:1 Mem:47.12M (Peak 55.38M) | Time:00:00.01 | Mem:24.00M, Peak:24.00M | Scene, ViewLayer | Updating Background
Fra:1 Mem:47.12M (Peak 55.38M) | Time:00:00.01 | Mem:24.00M, Peak:24.00M | Scene, ViewLayer | Updating Camera
Fra:1 Mem:47.12M (Peak 55.38M) | Time:00:00.01 | Mem:24.00M, Peak:24.00M | Scene, ViewLayer | Updating Meshes Flags
Fra:1 Mem:47.12M (Peak 55.38M) | Time:00:00.01 | Mem:24.00M, Peak:24.00M | Scene, ViewLayer | Updating Objects
Fra:1 Mem:47.12M (Peak 55.38M) | Time:00:00.01 | Mem:24.00M, Peak:24.00M | Scene, ViewLayer | Updating Objects | Copying Transformations to device
Fra:1 Mem:47.12M (Peak 55.38M) | Time:00:00.01 | Mem:24.00M, Peak:24.00M | Scene, ViewLayer | Updating Objects | Applying Static Transformations
Fra:1 Mem:47.12M (Peak 55.38M) | Time:00:00.01 | Mem:24.00M, Peak:24.00M | Scene, ViewLayer | Updating Particle Systems
Fra:1 Mem:47.12M (Peak 55.38M) | Time:00:00.01 | Mem:24.00M, Peak:24.00M | Scene, ViewLayer | Updating Particle Systems | Copying Particles to device
Fra:1 Mem:47.12M (Peak 55.38M) | Time:00:00.01 | Mem:24.00M, Peak:24.00M | Scene, ViewLayer | Updating Meshes
Fra:1 Mem:47.12M (Peak 55.38M) | Time:00:00.01 | Mem:24.00M, Peak:24.00M | Scene, ViewLayer | Updating Mesh | Computing attributes
Fra:1 Mem:47.13M (Peak 55.38M) | Time:00:00.01 | Mem:24.00M, Peak:24.00M | Scene, ViewLayer | Updating Mesh | Copying Attributes to device
Fra:1 Mem:47.13M (Peak 55.38M) | Time:00:00.01 | Mem:24.02M, Peak:24.02M | Scene, ViewLayer | Updating Scene BVH | Building
Fra:1 Mem:47.13M (Peak 55.38M) | Time:00:00.01 | Mem:24.02M, Peak:24.02M | Scene, ViewLayer | Updating Scene BVH | Building BVH
Fra:1 Mem:47.13M (Peak 55.38M) | Time:00:00.01 | Mem:24.02M, Peak:24.02M | Scene, ViewLayer | Updating Scene BVH | Building BVH 0%
Fra:1 Mem:47.13M (Peak 55.38M) | Time:00:00.01 | Mem:24.03M, Peak:24.03M | Scene, ViewLayer | Updating Scene BVH | Copying BVH to device
Fra:1 Mem:47.13M (Peak 55.38M) | Time:00:00.01 | Mem:24.03M, Peak:24.03M | Scene, ViewLayer | Updating Mesh | Computing normals
Fra:1 Mem:47.14M (Peak 55.38M) | Time:00:00.01 | Mem:24.03M, Peak:24.03M | Scene, ViewLayer | Updating Mesh | Copying Mesh to device
Fra:1 Mem:47.14M (Peak 55.38M) | Time:00:00.01 | Mem:24.03M, Peak:24.03M | Scene, ViewLayer | Updating Objects Flags
Fra:1 Mem:47.14M (Peak 55.38M) | Time:00:00.01 | Mem:24.03M, Peak:24.03M | Scene, ViewLayer | Updating Primitive Offsets
Fra:1 Mem:47.14M (Peak 55.38M) | Time:00:00.01 | Mem:24.03M, Peak:24.03M | Scene, ViewLayer | Updating Images
Fra:1 Mem:47.14M (Peak 55.38M) | Time:00:00.01 | Mem:24.03M, Peak:24.03M | Scene, ViewLayer | Updating Camera Volume
Fra:1 Mem:47.14M (Peak 55.38M) | Time:00:00.01 | Mem:24.03M, Peak:24.03M | Scene, ViewLayer | Updating Lookup Tables
Fra:1 Mem:47.14M (Peak 55.38M) | Time:00:00.01 | Mem:24.12M, Peak:24.12M | Scene, ViewLayer | Updating Lights
Fra:1 Mem:47.14M (Peak 55.38M) | Time:00:00.01 | Mem:24.12M, Peak:24.12M | Scene, ViewLayer | Updating Lights | Computing tree
Fra:1 Mem:47.14M (Peak 55.38M) | Time:00:00.01 | Mem:24.12M, Peak:24.12M | Scene, ViewLayer | Updating Integrator
Fra:1 Mem:47.14M (Peak 55.38M) | Time:00:00.01 | Mem:24.12M, Peak:24.12M | Scene, ViewLayer | Updating Film
Fra:1 Mem:47.14M (Peak 55.38M) | Time:00:00.01 | Mem:24.03M, Peak:24.12M | Scene, ViewLayer | Updating Lookup Tables
Fra:1 Mem:47.14M (Peak 55.38M) | Time:00:00.01 | Mem:24.12M, Peak:24.12M | Scene, ViewLayer | Updating Baking
Fra:1 Mem:47.14M (Peak 55.38M) | Time:00:00.01 | Mem:24.12M, Peak:24.12M | Scene, ViewLayer | Updating Device | Writing constant memory
Fra:1 Mem:47.14M (Peak 55.38M) | Time:00:00.01 | Mem:24.12M, Peak:24.12M | Scene, ViewLayer | Loading denoising kernels (may take a few minutes the first time)
Fra:1 Mem:47.14M (Peak 55.38M) | Time:00:00.01 | Mem:24.12M, Peak:24.12M | Scene, ViewLayer | Sample 0/12
Fra:1 Mem:64.47M (Peak 64.47M) | Time:00:00.04 | Remaining:00:00.32 | Mem:41.18M, Peak:41.18M | Scene, ViewLayer | Sample 1/12
Fra:1 Mem:71.65M (Peak 82.42M) | Time:00:00.78 | Mem:41.18M, Peak:41.18M | Scene, ViewLayer | Sample 12/12
Fra:1 Mem:71.65M (Peak 82.42M) | Time:00:00.78 | Mem:41.18M, Peak:41.18M | Scene, ViewLayer | Finished
Saved: 'E:\Games_Develop\Little-Castle_Assets_cliffkit\Source\Environment\CliffKit\v001\QA\Cliff_Concave_A_LOD2.png'
Time: 00:00.79 (Saving: 00:00.01)

Fra:1 Mem:23.33M (Peak 23.33M) | Time:00:00.00 | Mem:0.00M, Peak:0.00M | Scene, ViewLayer | Synchronizing object | Cliff_Concave_A_LOD0
Fra:1 Mem:23.33M (Peak 23.33M) | Time:00:00.00 | Mem:0.00M, Peak:0.00M | Scene, ViewLayer | Synchronizing object | Plane
Fra:1 Mem:23.45M (Peak 23.45M) | Time:00:00.00 | Mem:0.00M, Peak:0.00M | Scene, ViewLayer | Initializing
Fra:1 Mem:23.43M (Peak 23.45M) | Time:00:00.00 | Mem:0.00M, Peak:0.00M | Scene, ViewLayer | Updating Images | Loading Normal_OpenGL.png.002
Fra:1 Mem:23.43M (Peak 23.45M) | Time:00:00.00 | Mem:0.00M, Peak:0.00M | Scene, ViewLayer | Updating Images | Loading Roughness.png.002
Fra:1 Mem:47.12M (Peak 55.47M) | Time:00:00.01 | Mem:24.00M, Peak:24.00M | Scene, ViewLayer | Waiting for render to start
Fra:1 Mem:47.12M (Peak 55.47M) | Time:00:00.01 | Mem:24.00M, Peak:24.00M | Scene, ViewLayer | Loading render kernels (may take a few minutes the first time)
Fra:1 Mem:47.12M (Peak 55.47M) | Time:00:00.01 | Mem:24.00M, Peak:24.00M | Scene, ViewLayer | Updating Scene
Fra:1 Mem:47.12M (Peak 55.47M) | Time:00:00.01 | Mem:24.00M, Peak:24.00M | Scene, ViewLayer | Updating Shaders
Fra:1 Mem:47.21M (Peak 55.47M) | Time:00:00.01 | Mem:24.00M, Peak:24.00M | Scene, ViewLayer | Updating Procedurals
Fra:1 Mem:47.21M (Peak 55.47M) | Time:00:00.01 | Mem:24.00M, Peak:24.00M | Scene, ViewLayer | Updating Background
Fra:1 Mem:47.21M (Peak 55.47M) | Time:00:00.01 | Mem:24.00M, Peak:24.00M | Scene, ViewLayer | Updating Camera
Fra:1 Mem:47.21M (Peak 55.47M) | Time:00:00.01 | Mem:24.00M, Peak:24.00M | Scene, ViewLayer | Updating Meshes Flags
Fra:1 Mem:47.21M (Peak 55.47M) | Time:00:00.01 | Mem:24.00M, Peak:24.00M | Scene, ViewLayer | Updating Objects
Fra:1 Mem:47.21M (Peak 55.47M) | Time:00:00.01 | Mem:24.00M, Peak:24.00M | Scene, ViewLayer | Updating Objects | Copying Transformations to device
Fra:1 Mem:47.21M (Peak 55.47M) | Time:00:00.01 | Mem:24.00M, Peak:24.00M | Scene, ViewLayer | Updating Objects | Applying Static Transformations
Fra:1 Mem:47.21M (Peak 55.47M) | Time:00:00.01 | Mem:24.00M, Peak:24.00M | Scene, ViewLayer | Updating Particle Systems
Fra:1 Mem:47.21M (Peak 55.47M) | Time:00:00.01 | Mem:24.00M, Peak:24.00M | Scene, ViewLayer | Updating Particle Systems | Copying Particles to device
Fra:1 Mem:47.21M (Peak 55.47M) | Time:00:00.01 | Mem:24.00M, Peak:24.00M | Scene, ViewLayer | Updating Meshes
Fra:1 Mem:47.22M (Peak 55.47M) | Time:00:00.01 | Mem:24.00M, Peak:24.00M | Scene, ViewLayer | Updating Mesh | Computing attributes
Fra:1 Mem:47.29M (Peak 55.47M) | Time:00:00.01 | Mem:24.00M, Peak:24.00M | Scene, ViewLayer | Updating Mesh | Copying Attributes to device
Fra:1 Mem:47.29M (Peak 55.47M) | Time:00:00.01 | Mem:24.07M, Peak:24.07M | Scene, ViewLayer | Updating Scene BVH | Building
Fra:1 Mem:47.29M (Peak 55.47M) | Time:00:00.01 | Mem:24.07M, Peak:24.07M | Scene, ViewLayer | Updating Scene BVH | Building BVH
Fra:1 Mem:47.29M (Peak 55.47M) | Time:00:00.01 | Mem:24.10M, Peak:24.10M | Scene, ViewLayer | Updating Scene BVH | Building BVH 0%
Fra:1 Mem:47.29M (Peak 55.47M) | Time:00:00.01 | Mem:24.14M, Peak:24.16M | Scene, ViewLayer | Updating Scene BVH | Copying BVH to device
Fra:1 Mem:47.29M (Peak 55.47M) | Time:00:00.01 | Mem:24.14M, Peak:24.16M | Scene, ViewLayer | Updating Mesh | Computing normals
Fra:1 Mem:47.32M (Peak 55.47M) | Time:00:00.01 | Mem:24.14M, Peak:24.16M | Scene, ViewLayer | Updating Mesh | Copying Mesh to device
Fra:1 Mem:47.32M (Peak 55.47M) | Time:00:00.01 | Mem:24.17M, Peak:24.17M | Scene, ViewLayer | Updating Objects Flags
Fra:1 Mem:47.32M (Peak 55.47M) | Time:00:00.01 | Mem:24.17M, Peak:24.17M | Scene, ViewLayer | Updating Primitive Offsets
Fra:1 Mem:47.32M (Peak 55.47M) | Time:00:00.01 | Mem:24.17M, Peak:24.17M | Scene, ViewLayer | Updating Images
Fra:1 Mem:47.32M (Peak 55.47M) | Time:00:00.01 | Mem:24.17M, Peak:24.17M | Scene, ViewLayer | Updating Camera Volume
Fra:1 Mem:47.32M (Peak 55.47M) | Time:00:00.01 | Mem:24.17M, Peak:24.17M | Scene, ViewLayer | Updating Lookup Tables
Fra:1 Mem:47.32M (Peak 55.47M) | Time:00:00.01 | Mem:24.25M, Peak:24.25M | Scene, ViewLayer | Updating Lights
Fra:1 Mem:47.32M (Peak 55.47M) | Time:00:00.01 | Mem:24.25M, Peak:24.25M | Scene, ViewLayer | Updating Lights | Computing tree
Fra:1 Mem:47.32M (Peak 55.47M) | Time:00:00.01 | Mem:24.25M, Peak:24.25M | Scene, ViewLayer | Updating Integrator
Fra:1 Mem:47.32M (Peak 55.47M) | Time:00:00.01 | Mem:24.25M, Peak:24.25M | Scene, ViewLayer | Updating Film
Fra:1 Mem:47.33M (Peak 55.47M) | Time:00:00.01 | Mem:24.17M, Peak:24.25M | Scene, ViewLayer | Updating Lookup Tables
Fra:1 Mem:47.33M (Peak 55.47M) | Time:00:00.01 | Mem:24.25M, Peak:24.25M | Scene, ViewLayer | Updating Baking
Fra:1 Mem:47.33M (Peak 55.47M) | Time:00:00.01 | Mem:24.25M, Peak:24.25M | Scene, ViewLayer | Updating Device | Writing constant memory
Fra:1 Mem:47.33M (Peak 55.47M) | Time:00:00.01 | Mem:24.25M, Peak:24.25M | Scene, ViewLayer | Loading denoising kernels (may take a few minutes the first time)
Fra:1 Mem:47.33M (Peak 55.47M) | Time:00:00.01 | Mem:24.25M, Peak:24.25M | Scene, ViewLayer | Sample 0/12
Fra:1 Mem:64.65M (Peak 64.65M) | Time:00:00.04 | Remaining:00:00.34 | Mem:41.31M, Peak:41.31M | Scene, ViewLayer | Sample 1/12
Fra:1 Mem:71.84M (Peak 82.60M) | Time:00:00.78 | Mem:41.31M, Peak:41.31M | Scene, ViewLayer | Sample 12/12
Fra:1 Mem:71.84M (Peak 82.60M) | Time:00:00.78 | Mem:41.31M, Peak:41.31M | Scene, ViewLayer | Finished
Saved: 'E:\Games_Develop\Little-Castle_Assets_cliffkit\Source\Environment\CliffKit\v001\QA\Cliff_Concave_A_front.png'
Time: 00:00.80 (Saving: 00:00.01)

Fra:1 Mem:23.33M (Peak 23.33M) | Time:00:00.00 | Mem:0.00M, Peak:0.00M | Scene, ViewLayer | Synchronizing object | Cliff_Concave_A_LOD0
Fra:1 Mem:23.33M (Peak 23.33M) | Time:00:00.00 | Mem:0.00M, Peak:0.00M | Scene, ViewLayer | Synchronizing object | Plane
Fra:1 Mem:23.45M (Peak 23.45M) | Time:00:00.00 | Mem:0.00M, Peak:0.00M | Scene, ViewLayer | Initializing
Fra:1 Mem:23.43M (Peak 23.45M) | Time:00:00.00 | Mem:0.00M, Peak:0.00M | Scene, ViewLayer | Updating Images | Loading Normal_OpenGL.png.002
Fra:1 Mem:23.43M (Peak 23.45M) | Time:00:00.00 | Mem:0.00M, Peak:0.00M | Scene, ViewLayer | Updating Images | Loading Roughness.png.002
Fra:1 Mem:47.12M (Peak 55.47M) | Time:00:00.01 | Mem:24.00M, Peak:24.00M | Scene, ViewLayer | Waiting for render to start
Fra:1 Mem:47.12M (Peak 55.47M) | Time:00:00.01 | Mem:24.00M, Peak:24.00M | Scene, ViewLayer | Loading render kernels (may take a few minutes the first time)
Fra:1 Mem:47.12M (Peak 55.47M) | Time:00:00.01 | Mem:24.00M, Peak:24.00M | Scene, ViewLayer | Updating Scene
Fra:1 Mem:47.12M (Peak 55.47M) | Time:00:00.01 | Mem:24.00M, Peak:24.00M | Scene, ViewLayer | Updating Shaders
Fra:1 Mem:47.21M (Peak 55.47M) | Time:00:00.01 | Mem:24.00M, Peak:24.00M | Scene, ViewLayer | Updating Procedurals
Fra:1 Mem:47.21M (Peak 55.47M) | Time:00:00.01 | Mem:24.00M, Peak:24.00M | Scene, ViewLayer | Updating Background
Fra:1 Mem:47.21M (Peak 55.47M) | Time:00:00.01 | Mem:24.00M, Peak:24.00M | Scene, ViewLayer | Updating Camera
Fra:1 Mem:47.21M (Peak 55.47M) | Time:00:00.01 | Mem:24.00M, Peak:24.00M | Scene, ViewLayer | Updating Meshes Flags
Fra:1 Mem:47.21M (Peak 55.47M) | Time:00:00.01 | Mem:24.00M, Peak:24.00M | Scene, ViewLayer | Updating Objects
Fra:1 Mem:47.21M (Peak 55.47M) | Time:00:00.01 | Mem:24.00M, Peak:24.00M | Scene, ViewLayer | Updating Objects | Copying Transformations to device
Fra:1 Mem:47.21M (Peak 55.47M) | Time:00:00.01 | Mem:24.00M, Peak:24.00M | Scene, ViewLayer | Updating Objects | Applying Static Transformations
Fra:1 Mem:47.21M (Peak 55.47M) | Time:00:00.01 | Mem:24.00M, Peak:24.00M | Scene, ViewLayer | Updating Particle Systems
Fra:1 Mem:47.21M (Peak 55.47M) | Time:00:00.01 | Mem:24.00M, Peak:24.00M | Scene, ViewLayer | Updating Particle Systems | Copying Particles to device
Fra:1 Mem:47.21M (Peak 55.47M) | Time:00:00.01 | Mem:24.00M, Peak:24.00M | Scene, ViewLayer | Updating Meshes
Fra:1 Mem:47.22M (Peak 55.47M) | Time:00:00.01 | Mem:24.00M, Peak:24.00M | Scene, ViewLayer | Updating Mesh | Computing attributes
Fra:1 Mem:47.29M (Peak 55.47M) | Time:00:00.01 | Mem:24.00M, Peak:24.00M | Scene, ViewLayer | Updating Mesh | Copying Attributes to device
Fra:1 Mem:47.29M (Peak 55.47M) | Time:00:00.01 | Mem:24.07M, Peak:24.07M | Scene, ViewLayer | Updating Scene BVH | Building
Fra:1 Mem:47.29M (Peak 55.47M) | Time:00:00.01 | Mem:24.07M, Peak:24.07M | Scene, ViewLayer | Updating Scene BVH | Building BVH
Fra:1 Mem:47.29M (Peak 55.47M) | Time:00:00.01 | Mem:24.10M, Peak:24.10M | Scene, ViewLayer | Updating Scene BVH | Building BVH 0%
Fra:1 Mem:47.29M (Peak 55.47M) | Time:00:00.01 | Mem:24.14M, Peak:24.16M | Scene, ViewLayer | Updating Scene BVH | Copying BVH to device
Fra:1 Mem:47.29M (Peak 55.47M) | Time:00:00.01 | Mem:24.14M, Peak:24.16M | Scene, ViewLayer | Updating Mesh | Computing normals
Fra:1 Mem:47.32M (Peak 55.47M) | Time:00:00.01 | Mem:24.14M, Peak:24.16M | Scene, ViewLayer | Updating Mesh | Copying Mesh to device
Fra:1 Mem:47.32M (Peak 55.47M) | Time:00:00.01 | Mem:24.17M, Peak:24.17M | Scene, ViewLayer | Updating Objects Flags
Fra:1 Mem:47.32M (Peak 55.47M) | Time:00:00.01 | Mem:24.17M, Peak:24.17M | Scene, ViewLayer | Updating Primitive Offsets
Fra:1 Mem:47.32M (Peak 55.47M) | Time:00:00.01 | Mem:24.17M, Peak:24.17M | Scene, ViewLayer | Updating Images
Fra:1 Mem:47.32M (Peak 55.47M) | Time:00:00.01 | Mem:24.17M, Peak:24.17M | Scene, ViewLayer | Updating Camera Volume
Fra:1 Mem:47.32M (Peak 55.47M) | Time:00:00.01 | Mem:24.17M, Peak:24.17M | Scene, ViewLayer | Updating Lookup Tables
Fra:1 Mem:47.32M (Peak 55.47M) | Time:00:00.01 | Mem:24.25M, Peak:24.25M | Scene, ViewLayer | Updating Lights
Fra:1 Mem:47.32M (Peak 55.47M) | Time:00:00.01 | Mem:24.25M, Peak:24.25M | Scene, ViewLayer | Updating Lights | Computing tree
Fra:1 Mem:47.32M (Peak 55.47M) | Time:00:00.01 | Mem:24.25M, Peak:24.25M | Scene, ViewLayer | Updating Integrator
Fra:1 Mem:47.32M (Peak 55.47M) | Time:00:00.01 | Mem:24.25M, Peak:24.25M | Scene, ViewLayer | Updating Film
Fra:1 Mem:47.33M (Peak 55.47M) | Time:00:00.01 | Mem:24.17M, Peak:24.25M | Scene, ViewLayer | Updating Lookup Tables
Fra:1 Mem:47.33M (Peak 55.47M) | Time:00:00.01 | Mem:24.25M, Peak:24.25M | Scene, ViewLayer | Updating Baking
Fra:1 Mem:47.33M (Peak 55.47M) | Time:00:00.01 | Mem:24.25M, Peak:24.25M | Scene, ViewLayer | Updating Device | Writing constant memory
Fra:1 Mem:47.33M (Peak 55.47M) | Time:00:00.01 | Mem:24.25M, Peak:24.25M | Scene, ViewLayer | Loading denoising kernels (may take a few minutes the first time)
Fra:1 Mem:47.33M (Peak 55.47M) | Time:00:00.01 | Mem:24.25M, Peak:24.25M | Scene, ViewLayer | Sample 0/12
Fra:1 Mem:64.65M (Peak 64.65M) | Time:00:00.04 | Remaining:00:00.33 | Mem:41.31M, Peak:41.31M | Scene, ViewLayer | Sample 1/12
Fra:1 Mem:71.84M (Peak 82.60M) | Time:00:00.76 | Mem:41.31M, Peak:41.31M | Scene, ViewLayer | Sample 12/12
Fra:1 Mem:71.84M (Peak 82.60M) | Time:00:00.76 | Mem:41.31M, Peak:41.31M | Scene, ViewLayer | Finished
Saved: 'E:\Games_Develop\Little-Castle_Assets_cliffkit\Source\Environment\CliffKit\v001\QA\Cliff_Concave_A_rear.png'
Time: 00:00.78 (Saving: 00:00.01)

Fra:1 Mem:23.33M (Peak 23.33M) | Time:00:00.00 | Mem:0.00M, Peak:0.00M | Scene, ViewLayer | Synchronizing object | Cliff_Terrace_Low_LOD0
Fra:1 Mem:23.34M (Peak 23.34M) | Time:00:00.00 | Mem:0.00M, Peak:0.00M | Scene, ViewLayer | Synchronizing object | Plane
Fra:1 Mem:23.46M (Peak 23.46M) | Time:00:00.00 | Mem:0.00M, Peak:0.00M | Scene, ViewLayer | Initializing
Fra:1 Mem:23.45M (Peak 23.46M) | Time:00:00.00 | Mem:0.00M, Peak:0.00M | Scene, ViewLayer | Updating Images | Loading Normal_OpenGL.png.002
Fra:1 Mem:23.45M (Peak 23.46M) | Time:00:00.00 | Mem:0.00M, Peak:0.00M | Scene, ViewLayer | Updating Images | Loading BaseColor.png
Fra:1 Mem:23.45M (Peak 23.46M) | Time:00:00.00 | Mem:0.00M, Peak:0.00M | Scene, ViewLayer | Updating Images | Loading Roughness.png.002
Fra:1 Mem:47.14M (Peak 55.48M) | Time:00:00.01 | Mem:24.00M, Peak:24.00M | Scene, ViewLayer | Waiting for render to start
Fra:1 Mem:47.14M (Peak 55.48M) | Time:00:00.01 | Mem:24.00M, Peak:24.00M | Scene, ViewLayer | Loading render kernels (may take a few minutes the first time)
Fra:1 Mem:47.14M (Peak 55.48M) | Time:00:00.01 | Mem:24.00M, Peak:24.00M | Scene, ViewLayer | Updating Scene
Fra:1 Mem:47.14M (Peak 55.48M) | Time:00:00.01 | Mem:24.00M, Peak:24.00M | Scene, ViewLayer | Updating Shaders
Fra:1 Mem:47.22M (Peak 55.48M) | Time:00:00.01 | Mem:24.00M, Peak:24.00M | Scene, ViewLayer | Updating Procedurals
Fra:1 Mem:47.22M (Peak 55.48M) | Time:00:00.01 | Mem:24.00M, Peak:24.00M | Scene, ViewLayer | Updating Background
Fra:1 Mem:47.22M (Peak 55.48M) | Time:00:00.01 | Mem:24.00M, Peak:24.00M | Scene, ViewLayer | Updating Camera
Fra:1 Mem:47.22M (Peak 55.48M) | Time:00:00.01 | Mem:24.00M, Peak:24.00M | Scene, ViewLayer | Updating Meshes Flags
Fra:1 Mem:47.22M (Peak 55.48M) | Time:00:00.01 | Mem:24.00M, Peak:24.00M | Scene, ViewLayer | Updating Objects
Fra:1 Mem:47.22M (Peak 55.48M) | Time:00:00.01 | Mem:24.00M, Peak:24.00M | Scene, ViewLayer | Updating Objects | Copying Transformations to device
Fra:1 Mem:47.22M (Peak 55.48M) | Time:00:00.01 | Mem:24.00M, Peak:24.00M | Scene, ViewLayer | Updating Objects | Applying Static Transformations
Fra:1 Mem:47.22M (Peak 55.48M) | Time:00:00.01 | Mem:24.00M, Peak:24.00M | Scene, ViewLayer | Updating Particle Systems
Fra:1 Mem:47.22M (Peak 55.48M) | Time:00:00.01 | Mem:24.00M, Peak:24.00M | Scene, ViewLayer | Updating Particle Systems | Copying Particles to device
Fra:1 Mem:47.22M (Peak 55.48M) | Time:00:00.01 | Mem:24.00M, Peak:24.00M | Scene, ViewLayer | Updating Meshes
Fra:1 Mem:47.24M (Peak 55.48M) | Time:00:00.01 | Mem:24.00M, Peak:24.00M | Scene, ViewLayer | Updating Mesh | Computing attributes
Fra:1 Mem:47.31M (Peak 55.48M) | Time:00:00.01 | Mem:24.00M, Peak:24.00M | Scene, ViewLayer | Updating Mesh | Copying Attributes to device
Fra:1 Mem:47.31M (Peak 55.48M) | Time:00:00.01 | Mem:24.07M, Peak:24.07M | Scene, ViewLayer | Updating Scene BVH | Building
Fra:1 Mem:47.31M (Peak 55.48M) | Time:00:00.01 | Mem:24.07M, Peak:24.07M | Scene, ViewLayer | Updating Scene BVH | Building BVH
Fra:1 Mem:47.31M (Peak 55.48M) | Time:00:00.01 | Mem:24.10M, Peak:24.10M | Scene, ViewLayer | Updating Scene BVH | Building BVH 0%
Fra:1 Mem:47.31M (Peak 55.48M) | Time:00:00.01 | Mem:24.13M, Peak:24.16M | Scene, ViewLayer | Updating Scene BVH | Copying BVH to device
Fra:1 Mem:47.31M (Peak 55.48M) | Time:00:00.01 | Mem:24.13M, Peak:24.16M | Scene, ViewLayer | Updating Mesh | Computing normals
Fra:1 Mem:47.34M (Peak 55.48M) | Time:00:00.01 | Mem:24.13M, Peak:24.16M | Scene, ViewLayer | Updating Mesh | Copying Mesh to device
Fra:1 Mem:47.34M (Peak 55.48M) | Time:00:00.01 | Mem:24.16M, Peak:24.16M | Scene, ViewLayer | Updating Objects Flags
Fra:1 Mem:47.34M (Peak 55.48M) | Time:00:00.01 | Mem:24.16M, Peak:24.16M | Scene, ViewLayer | Updating Primitive Offsets
Fra:1 Mem:47.34M (Peak 55.48M) | Time:00:00.01 | Mem:24.16M, Peak:24.16M | Scene, ViewLayer | Updating Images
Fra:1 Mem:47.34M (Peak 55.48M) | Time:00:00.01 | Mem:24.16M, Peak:24.16M | Scene, ViewLayer | Updating Camera Volume
Fra:1 Mem:47.34M (Peak 55.48M) | Time:00:00.01 | Mem:24.16M, Peak:24.16M | Scene, ViewLayer | Updating Lookup Tables
Fra:1 Mem:47.34M (Peak 55.48M) | Time:00:00.01 | Mem:24.25M, Peak:24.25M | Scene, ViewLayer | Updating Lights
Fra:1 Mem:47.34M (Peak 55.48M) | Time:00:00.01 | Mem:24.25M, Peak:24.25M | Scene, ViewLayer | Updating Lights | Computing tree
Fra:1 Mem:47.34M (Peak 55.48M) | Time:00:00.01 | Mem:24.25M, Peak:24.25M | Scene, ViewLayer | Updating Integrator
Fra:1 Mem:47.34M (Peak 55.48M) | Time:00:00.01 | Mem:24.25M, Peak:24.25M | Scene, ViewLayer | Updating Film
Fra:1 Mem:47.34M (Peak 55.48M) | Time:00:00.01 | Mem:24.17M, Peak:24.25M | Scene, ViewLayer | Updating Lookup Tables
Fra:1 Mem:47.34M (Peak 55.48M) | Time:00:00.01 | Mem:24.25M, Peak:24.25M | Scene, ViewLayer | Updating Baking
Fra:1 Mem:47.34M (Peak 55.48M) | Time:00:00.01 | Mem:24.25M, Peak:24.25M | Scene, ViewLayer | Updating Device | Writing constant memory
Fra:1 Mem:47.34M (Peak 55.48M) | Time:00:00.01 | Mem:24.25M, Peak:24.25M | Scene, ViewLayer | Loading denoising kernels (may take a few minutes the first time)
Fra:1 Mem:47.34M (Peak 55.48M) | Time:00:00.01 | Mem:24.25M, Peak:24.25M | Scene, ViewLayer | Sample 0/12
Fra:1 Mem:64.67M (Peak 64.67M) | Time:00:00.04 | Remaining:00:00.33 | Mem:41.31M, Peak:41.31M | Scene, ViewLayer | Sample 1/12
Fra:1 Mem:71.85M (Peak 82.62M) | Time:00:00.76 | Mem:41.31M, Peak:41.31M | Scene, ViewLayer | Sample 12/12
Fra:1 Mem:71.85M (Peak 82.62M) | Time:00:00.76 | Mem:41.31M, Peak:41.31M | Scene, ViewLayer | Finished
Saved: 'E:\Games_Develop\Little-Castle_Assets_cliffkit\Source\Environment\CliffKit\v001\QA\Cliff_Terrace_Low_LOD0.png'
Time: 00:00.78 (Saving: 00:00.01)

Fra:1 Mem:23.35M (Peak 23.35M) | Time:00:00.00 | Mem:0.00M, Peak:0.00M | Scene, ViewLayer | Synchronizing object | Cliff_Terrace_Low_LOD1
Fra:1 Mem:23.35M (Peak 23.35M) | Time:00:00.00 | Mem:0.00M, Peak:0.00M | Scene, ViewLayer | Synchronizing object | Plane
Fra:1 Mem:23.39M (Peak 23.39M) | Time:00:00.00 | Mem:0.00M, Peak:0.00M | Scene, ViewLayer | Initializing
Fra:1 Mem:23.37M (Peak 23.39M) | Time:00:00.00 | Mem:0.00M, Peak:0.00M | Scene, ViewLayer | Updating Images | Loading Normal_OpenGL.png.002
Fra:1 Mem:23.37M (Peak 23.39M) | Time:00:00.00 | Mem:0.00M, Peak:0.00M | Scene, ViewLayer | Updating Images | Loading BaseColor.png
Fra:1 Mem:23.37M (Peak 23.39M) | Time:00:00.00 | Mem:0.00M, Peak:0.00M | Scene, ViewLayer | Updating Images | Loading BaseColor.png.002
Fra:1 Mem:23.37M (Peak 23.39M) | Time:00:00.00 | Mem:0.00M, Peak:0.00M | Scene, ViewLayer | Updating Images | Loading Roughness.png.002
Fra:1 Mem:47.06M (Peak 55.41M) | Time:00:00.01 | Mem:24.00M, Peak:24.00M | Scene, ViewLayer | Waiting for render to start
Fra:1 Mem:47.06M (Peak 55.41M) | Time:00:00.01 | Mem:24.00M, Peak:24.00M | Scene, ViewLayer | Loading render kernels (may take a few minutes the first time)
Fra:1 Mem:47.06M (Peak 55.41M) | Time:00:00.01 | Mem:24.00M, Peak:24.00M | Scene, ViewLayer | Updating Scene
Fra:1 Mem:47.06M (Peak 55.41M) | Time:00:00.01 | Mem:24.00M, Peak:24.00M | Scene, ViewLayer | Updating Shaders
Fra:1 Mem:47.15M (Peak 55.41M) | Time:00:00.01 | Mem:24.00M, Peak:24.00M | Scene, ViewLayer | Updating Procedurals
Fra:1 Mem:47.15M (Peak 55.41M) | Time:00:00.01 | Mem:24.00M, Peak:24.00M | Scene, ViewLayer | Updating Background
Fra:1 Mem:47.15M (Peak 55.41M) | Time:00:00.01 | Mem:24.00M, Peak:24.00M | Scene, ViewLayer | Updating Camera
Fra:1 Mem:47.15M (Peak 55.41M) | Time:00:00.01 | Mem:24.00M, Peak:24.00M | Scene, ViewLayer | Updating Meshes Flags
Fra:1 Mem:47.15M (Peak 55.41M) | Time:00:00.01 | Mem:24.00M, Peak:24.00M | Scene, ViewLayer | Updating Objects
Fra:1 Mem:47.15M (Peak 55.41M) | Time:00:00.01 | Mem:24.00M, Peak:24.00M | Scene, ViewLayer | Updating Objects | Copying Transformations to device
Fra:1 Mem:47.15M (Peak 55.41M) | Time:00:00.01 | Mem:24.00M, Peak:24.00M | Scene, ViewLayer | Updating Objects | Applying Static Transformations
Fra:1 Mem:47.15M (Peak 55.41M) | Time:00:00.01 | Mem:24.00M, Peak:24.00M | Scene, ViewLayer | Updating Particle Systems
Fra:1 Mem:47.15M (Peak 55.41M) | Time:00:00.01 | Mem:24.00M, Peak:24.00M | Scene, ViewLayer | Updating Particle Systems | Copying Particles to device
Fra:1 Mem:47.15M (Peak 55.41M) | Time:00:00.01 | Mem:24.00M, Peak:24.00M | Scene, ViewLayer | Updating Meshes
Fra:1 Mem:47.15M (Peak 55.41M) | Time:00:00.01 | Mem:24.00M, Peak:24.00M | Scene, ViewLayer | Updating Mesh | Computing attributes
Fra:1 Mem:47.17M (Peak 55.41M) | Time:00:00.01 | Mem:24.00M, Peak:24.00M | Scene, ViewLayer | Updating Mesh | Copying Attributes to device
Fra:1 Mem:47.17M (Peak 55.41M) | Time:00:00.01 | Mem:24.02M, Peak:24.02M | Scene, ViewLayer | Updating Scene BVH | Building
Fra:1 Mem:47.17M (Peak 55.41M) | Time:00:00.01 | Mem:24.02M, Peak:24.02M | Scene, ViewLayer | Updating Scene BVH | Building BVH
Fra:1 Mem:47.17M (Peak 55.41M) | Time:00:00.01 | Mem:24.03M, Peak:24.03M | Scene, ViewLayer | Updating Scene BVH | Building BVH 0%
Fra:1 Mem:47.17M (Peak 55.41M) | Time:00:00.01 | Mem:24.04M, Peak:24.05M | Scene, ViewLayer | Updating Scene BVH | Copying BVH to device
Fra:1 Mem:47.17M (Peak 55.41M) | Time:00:00.01 | Mem:24.04M, Peak:24.05M | Scene, ViewLayer | Updating Mesh | Computing normals
Fra:1 Mem:47.18M (Peak 55.41M) | Time:00:00.01 | Mem:24.04M, Peak:24.05M | Scene, ViewLayer | Updating Mesh | Copying Mesh to device
Fra:1 Mem:47.18M (Peak 55.41M) | Time:00:00.01 | Mem:24.05M, Peak:24.05M | Scene, ViewLayer | Updating Objects Flags
Fra:1 Mem:47.18M (Peak 55.41M) | Time:00:00.01 | Mem:24.05M, Peak:24.05M | Scene, ViewLayer | Updating Primitive Offsets
Fra:1 Mem:47.18M (Peak 55.41M) | Time:00:00.01 | Mem:24.05M, Peak:24.05M | Scene, ViewLayer | Updating Images
Fra:1 Mem:47.18M (Peak 55.41M) | Time:00:00.01 | Mem:24.05M, Peak:24.05M | Scene, ViewLayer | Updating Camera Volume
Fra:1 Mem:47.18M (Peak 55.41M) | Time:00:00.01 | Mem:24.05M, Peak:24.05M | Scene, ViewLayer | Updating Lookup Tables
Fra:1 Mem:47.18M (Peak 55.41M) | Time:00:00.01 | Mem:24.13M, Peak:24.13M | Scene, ViewLayer | Updating Lights
Fra:1 Mem:47.18M (Peak 55.41M) | Time:00:00.01 | Mem:24.13M, Peak:24.13M | Scene, ViewLayer | Updating Lights | Computing tree
Fra:1 Mem:47.18M (Peak 55.41M) | Time:00:00.01 | Mem:24.13M, Peak:24.13M | Scene, ViewLayer | Updating Integrator
Fra:1 Mem:47.18M (Peak 55.41M) | Time:00:00.01 | Mem:24.13M, Peak:24.13M | Scene, ViewLayer | Updating Film
Fra:1 Mem:47.19M (Peak 55.41M) | Time:00:00.01 | Mem:24.05M, Peak:24.13M | Scene, ViewLayer | Updating Lookup Tables
Fra:1 Mem:47.19M (Peak 55.41M) | Time:00:00.01 | Mem:24.14M, Peak:24.14M | Scene, ViewLayer | Updating Baking
Fra:1 Mem:47.19M (Peak 55.41M) | Time:00:00.01 | Mem:24.14M, Peak:24.14M | Scene, ViewLayer | Updating Device | Writing constant memory
Fra:1 Mem:47.19M (Peak 55.41M) | Time:00:00.01 | Mem:24.14M, Peak:24.14M | Scene, ViewLayer | Loading denoising kernels (may take a few minutes the first time)
Fra:1 Mem:47.19M (Peak 55.41M) | Time:00:00.01 | Mem:24.14M, Peak:24.14M | Scene, ViewLayer | Sample 0/12
Fra:1 Mem:64.51M (Peak 64.51M) | Time:00:00.04 | Remaining:00:00.33 | Mem:41.20M, Peak:41.20M | Scene, ViewLayer | Sample 1/12
Fra:1 Mem:71.70M (Peak 82.46M) | Time:00:00.75 | Mem:41.20M, Peak:41.20M | Scene, ViewLayer | Sample 12/12
Fra:1 Mem:71.70M (Peak 82.46M) | Time:00:00.75 | Mem:41.20M, Peak:41.20M | Scene, ViewLayer | Finished
Saved: 'E:\Games_Develop\Little-Castle_Assets_cliffkit\Source\Environment\CliffKit\v001\QA\Cliff_Terrace_Low_LOD1.png'
Time: 00:00.77 (Saving: 00:00.01)

Fra:1 Mem:23.35M (Peak 23.35M) | Time:00:00.00 | Mem:0.00M, Peak:0.00M | Scene, ViewLayer | Synchronizing object | Cliff_Terrace_Low_LOD2
Fra:1 Mem:23.35M (Peak 23.35M) | Time:00:00.00 | Mem:0.00M, Peak:0.00M | Scene, ViewLayer | Synchronizing object | Plane
Fra:1 Mem:23.38M (Peak 23.38M) | Time:00:00.00 | Mem:0.00M, Peak:0.00M | Scene, ViewLayer | Initializing
Fra:1 Mem:23.37M (Peak 23.38M) | Time:00:00.00 | Mem:0.00M, Peak:0.00M | Scene, ViewLayer | Updating Images | Loading Normal_OpenGL.png.002
Fra:1 Mem:23.37M (Peak 23.38M) | Time:00:00.00 | Mem:0.00M, Peak:0.00M | Scene, ViewLayer | Updating Images | Loading BaseColor.png
Fra:1 Mem:23.37M (Peak 23.38M) | Time:00:00.00 | Mem:0.00M, Peak:0.00M | Scene, ViewLayer | Updating Images | Loading BaseColor.png.002
Fra:1 Mem:47.05M (Peak 55.40M) | Time:00:00.01 | Mem:24.00M, Peak:24.00M | Scene, ViewLayer | Waiting for render to start
Fra:1 Mem:47.06M (Peak 55.40M) | Time:00:00.01 | Mem:24.00M, Peak:24.00M | Scene, ViewLayer | Loading render kernels (may take a few minutes the first time)
Fra:1 Mem:47.06M (Peak 55.40M) | Time:00:00.01 | Mem:24.00M, Peak:24.00M | Scene, ViewLayer | Updating Scene
Fra:1 Mem:47.06M (Peak 55.40M) | Time:00:00.01 | Mem:24.00M, Peak:24.00M | Scene, ViewLayer | Updating Shaders
Fra:1 Mem:47.14M (Peak 55.40M) | Time:00:00.01 | Mem:24.00M, Peak:24.00M | Scene, ViewLayer | Updating Procedurals
Fra:1 Mem:47.14M (Peak 55.40M) | Time:00:00.01 | Mem:24.00M, Peak:24.00M | Scene, ViewLayer | Updating Background
Fra:1 Mem:47.14M (Peak 55.40M) | Time:00:00.01 | Mem:24.00M, Peak:24.00M | Scene, ViewLayer | Updating Camera
Fra:1 Mem:47.14M (Peak 55.40M) | Time:00:00.01 | Mem:24.00M, Peak:24.00M | Scene, ViewLayer | Updating Meshes Flags
Fra:1 Mem:47.14M (Peak 55.40M) | Time:00:00.01 | Mem:24.00M, Peak:24.00M | Scene, ViewLayer | Updating Objects
Fra:1 Mem:47.14M (Peak 55.40M) | Time:00:00.01 | Mem:24.00M, Peak:24.00M | Scene, ViewLayer | Updating Objects | Copying Transformations to device
Fra:1 Mem:47.14M (Peak 55.40M) | Time:00:00.01 | Mem:24.00M, Peak:24.00M | Scene, ViewLayer | Updating Objects | Applying Static Transformations
Fra:1 Mem:47.14M (Peak 55.40M) | Time:00:00.01 | Mem:24.00M, Peak:24.00M | Scene, ViewLayer | Updating Particle Systems
Fra:1 Mem:47.14M (Peak 55.40M) | Time:00:00.01 | Mem:24.00M, Peak:24.00M | Scene, ViewLayer | Updating Particle Systems | Copying Particles to device
Fra:1 Mem:47.14M (Peak 55.40M) | Time:00:00.01 | Mem:24.00M, Peak:24.00M | Scene, ViewLayer | Updating Meshes
Fra:1 Mem:47.14M (Peak 55.40M) | Time:00:00.01 | Mem:24.00M, Peak:24.00M | Scene, ViewLayer | Updating Mesh | Computing attributes
Fra:1 Mem:47.16M (Peak 55.40M) | Time:00:00.01 | Mem:24.00M, Peak:24.00M | Scene, ViewLayer | Updating Mesh | Copying Attributes to device
Fra:1 Mem:47.16M (Peak 55.40M) | Time:00:00.01 | Mem:24.02M, Peak:24.02M | Scene, ViewLayer | Updating Scene BVH | Building
Fra:1 Mem:47.16M (Peak 55.40M) | Time:00:00.01 | Mem:24.02M, Peak:24.02M | Scene, ViewLayer | Updating Scene BVH | Building BVH
Fra:1 Mem:47.16M (Peak 55.40M) | Time:00:00.01 | Mem:24.02M, Peak:24.02M | Scene, ViewLayer | Updating Scene BVH | Building BVH 0%
Fra:1 Mem:47.16M (Peak 55.40M) | Time:00:00.01 | Mem:24.03M, Peak:24.03M | Scene, ViewLayer | Updating Scene BVH | Copying BVH to device
Fra:1 Mem:47.16M (Peak 55.40M) | Time:00:00.01 | Mem:24.03M, Peak:24.03M | Scene, ViewLayer | Updating Mesh | Computing normals
Fra:1 Mem:47.16M (Peak 55.40M) | Time:00:00.01 | Mem:24.03M, Peak:24.03M | Scene, ViewLayer | Updating Mesh | Copying Mesh to device
Fra:1 Mem:47.16M (Peak 55.40M) | Time:00:00.01 | Mem:24.04M, Peak:24.04M | Scene, ViewLayer | Updating Objects Flags
Fra:1 Mem:47.16M (Peak 55.40M) | Time:00:00.01 | Mem:24.04M, Peak:24.04M | Scene, ViewLayer | Updating Primitive Offsets
Fra:1 Mem:47.16M (Peak 55.40M) | Time:00:00.01 | Mem:24.04M, Peak:24.04M | Scene, ViewLayer | Updating Images
Fra:1 Mem:47.16M (Peak 55.40M) | Time:00:00.01 | Mem:24.04M, Peak:24.04M | Scene, ViewLayer | Updating Camera Volume
Fra:1 Mem:47.16M (Peak 55.40M) | Time:00:00.01 | Mem:24.04M, Peak:24.04M | Scene, ViewLayer | Updating Lookup Tables
Fra:1 Mem:47.16M (Peak 55.40M) | Time:00:00.01 | Mem:24.12M, Peak:24.12M | Scene, ViewLayer | Updating Lights
Fra:1 Mem:47.16M (Peak 55.40M) | Time:00:00.01 | Mem:24.12M, Peak:24.12M | Scene, ViewLayer | Updating Lights | Computing tree
Fra:1 Mem:47.16M (Peak 55.40M) | Time:00:00.01 | Mem:24.12M, Peak:24.12M | Scene, ViewLayer | Updating Integrator
Fra:1 Mem:47.16M (Peak 55.40M) | Time:00:00.01 | Mem:24.12M, Peak:24.12M | Scene, ViewLayer | Updating Film
Fra:1 Mem:47.17M (Peak 55.40M) | Time:00:00.01 | Mem:24.04M, Peak:24.12M | Scene, ViewLayer | Updating Lookup Tables
Fra:1 Mem:47.17M (Peak 55.40M) | Time:00:00.01 | Mem:24.12M, Peak:24.12M | Scene, ViewLayer | Updating Baking
Fra:1 Mem:47.17M (Peak 55.40M) | Time:00:00.01 | Mem:24.12M, Peak:24.12M | Scene, ViewLayer | Updating Device | Writing constant memory
Fra:1 Mem:47.17M (Peak 55.40M) | Time:00:00.01 | Mem:24.12M, Peak:24.12M | Scene, ViewLayer | Loading denoising kernels (may take a few minutes the first time)
Fra:1 Mem:47.17M (Peak 55.40M) | Time:00:00.01 | Mem:24.12M, Peak:24.12M | Scene, ViewLayer | Sample 0/12
Fra:1 Mem:64.49M (Peak 64.49M) | Time:00:00.04 | Remaining:00:00.29 | Mem:41.18M, Peak:41.18M | Scene, ViewLayer | Sample 1/12
Fra:1 Mem:71.67M (Peak 82.44M) | Time:00:00.75 | Mem:41.18M, Peak:41.18M | Scene, ViewLayer | Sample 12/12
Fra:1 Mem:71.67M (Peak 82.44M) | Time:00:00.75 | Mem:41.18M, Peak:41.18M | Scene, ViewLayer | Finished
Saved: 'E:\Games_Develop\Little-Castle_Assets_cliffkit\Source\Environment\CliffKit\v001\QA\Cliff_Terrace_Low_LOD2.png'
Time: 00:00.77 (Saving: 00:00.01)

Fra:1 Mem:23.36M (Peak 23.36M) | Time:00:00.00 | Mem:0.00M, Peak:0.00M | Scene, ViewLayer | Synchronizing object | Cliff_Terrace_Low_LOD0
Fra:1 Mem:23.36M (Peak 23.36M) | Time:00:00.00 | Mem:0.00M, Peak:0.00M | Scene, ViewLayer | Synchronizing object | Plane
Fra:1 Mem:23.47M (Peak 23.47M) | Time:00:00.00 | Mem:0.00M, Peak:0.00M | Scene, ViewLayer | Initializing
Fra:1 Mem:23.46M (Peak 23.47M) | Time:00:00.00 | Mem:0.00M, Peak:0.00M | Scene, ViewLayer | Updating Images | Loading Normal_OpenGL.png.002
Fra:1 Mem:23.46M (Peak 23.47M) | Time:00:00.00 | Mem:0.00M, Peak:0.00M | Scene, ViewLayer | Updating Images | Loading BaseColor.png
Fra:1 Mem:23.46M (Peak 23.47M) | Time:00:00.00 | Mem:0.00M, Peak:0.00M | Scene, ViewLayer | Updating Images | Loading Roughness.png.002
Fra:1 Mem:47.14M (Peak 55.49M) | Time:00:00.01 | Mem:24.00M, Peak:24.00M | Scene, ViewLayer | Waiting for render to start
Fra:1 Mem:47.15M (Peak 55.49M) | Time:00:00.01 | Mem:24.00M, Peak:24.00M | Scene, ViewLayer | Loading render kernels (may take a few minutes the first time)
Fra:1 Mem:47.15M (Peak 55.49M) | Time:00:00.01 | Mem:24.00M, Peak:24.00M | Scene, ViewLayer | Updating Scene
Fra:1 Mem:47.15M (Peak 55.49M) | Time:00:00.01 | Mem:24.00M, Peak:24.00M | Scene, ViewLayer | Updating Shaders
Fra:1 Mem:47.23M (Peak 55.49M) | Time:00:00.01 | Mem:24.00M, Peak:24.00M | Scene, ViewLayer | Updating Procedurals
Fra:1 Mem:47.23M (Peak 55.49M) | Time:00:00.01 | Mem:24.00M, Peak:24.00M | Scene, ViewLayer | Updating Background
Fra:1 Mem:47.23M (Peak 55.49M) | Time:00:00.01 | Mem:24.00M, Peak:24.00M | Scene, ViewLayer | Updating Camera
Fra:1 Mem:47.23M (Peak 55.49M) | Time:00:00.01 | Mem:24.00M, Peak:24.00M | Scene, ViewLayer | Updating Meshes Flags
Fra:1 Mem:47.23M (Peak 55.49M) | Time:00:00.01 | Mem:24.00M, Peak:24.00M | Scene, ViewLayer | Updating Objects
Fra:1 Mem:47.23M (Peak 55.49M) | Time:00:00.01 | Mem:24.00M, Peak:24.00M | Scene, ViewLayer | Updating Objects | Copying Transformations to device
Fra:1 Mem:47.23M (Peak 55.49M) | Time:00:00.01 | Mem:24.00M, Peak:24.00M | Scene, ViewLayer | Updating Objects | Applying Static Transformations
Fra:1 Mem:47.23M (Peak 55.49M) | Time:00:00.01 | Mem:24.00M, Peak:24.00M | Scene, ViewLayer | Updating Particle Systems
Fra:1 Mem:47.23M (Peak 55.49M) | Time:00:00.01 | Mem:24.00M, Peak:24.00M | Scene, ViewLayer | Updating Particle Systems | Copying Particles to device
Fra:1 Mem:47.23M (Peak 55.49M) | Time:00:00.01 | Mem:24.00M, Peak:24.00M | Scene, ViewLayer | Updating Meshes
Fra:1 Mem:47.24M (Peak 55.49M) | Time:00:00.01 | Mem:24.00M, Peak:24.00M | Scene, ViewLayer | Updating Mesh | Computing attributes
Fra:1 Mem:47.31M (Peak 55.49M) | Time:00:00.01 | Mem:24.00M, Peak:24.00M | Scene, ViewLayer | Updating Mesh | Copying Attributes to device
Fra:1 Mem:47.31M (Peak 55.49M) | Time:00:00.01 | Mem:24.07M, Peak:24.07M | Scene, ViewLayer | Updating Scene BVH | Building
Fra:1 Mem:47.31M (Peak 55.49M) | Time:00:00.01 | Mem:24.07M, Peak:24.07M | Scene, ViewLayer | Updating Scene BVH | Building BVH
Fra:1 Mem:47.31M (Peak 55.49M) | Time:00:00.01 | Mem:24.10M, Peak:24.10M | Scene, ViewLayer | Updating Scene BVH | Building BVH 0%
Fra:1 Mem:47.31M (Peak 55.49M) | Time:00:00.01 | Mem:24.13M, Peak:24.16M | Scene, ViewLayer | Updating Scene BVH | Copying BVH to device
Fra:1 Mem:47.31M (Peak 55.49M) | Time:00:00.01 | Mem:24.13M, Peak:24.16M | Scene, ViewLayer | Updating Mesh | Computing normals
Fra:1 Mem:47.34M (Peak 55.49M) | Time:00:00.01 | Mem:24.13M, Peak:24.16M | Scene, ViewLayer | Updating Mesh | Copying Mesh to device
Fra:1 Mem:47.34M (Peak 55.49M) | Time:00:00.01 | Mem:24.16M, Peak:24.16M | Scene, ViewLayer | Updating Objects Flags
Fra:1 Mem:47.34M (Peak 55.49M) | Time:00:00.01 | Mem:24.16M, Peak:24.16M | Scene, ViewLayer | Updating Primitive Offsets
Fra:1 Mem:47.34M (Peak 55.49M) | Time:00:00.01 | Mem:24.16M, Peak:24.16M | Scene, ViewLayer | Updating Images
Fra:1 Mem:47.34M (Peak 55.49M) | Time:00:00.01 | Mem:24.16M, Peak:24.16M | Scene, ViewLayer | Updating Camera Volume
Fra:1 Mem:47.34M (Peak 55.49M) | Time:00:00.01 | Mem:24.16M, Peak:24.16M | Scene, ViewLayer | Updating Lookup Tables
Fra:1 Mem:47.34M (Peak 55.49M) | Time:00:00.01 | Mem:24.25M, Peak:24.25M | Scene, ViewLayer | Updating Lights
Fra:1 Mem:47.35M (Peak 55.49M) | Time:00:00.01 | Mem:24.25M, Peak:24.25M | Scene, ViewLayer | Updating Lights | Computing tree
Fra:1 Mem:47.35M (Peak 55.49M) | Time:00:00.01 | Mem:24.25M, Peak:24.25M | Scene, ViewLayer | Updating Integrator
Fra:1 Mem:47.35M (Peak 55.49M) | Time:00:00.01 | Mem:24.25M, Peak:24.25M | Scene, ViewLayer | Updating Film
Fra:1 Mem:47.35M (Peak 55.49M) | Time:00:00.01 | Mem:24.17M, Peak:24.25M | Scene, ViewLayer | Updating Lookup Tables
Fra:1 Mem:47.35M (Peak 55.49M) | Time:00:00.01 | Mem:24.25M, Peak:24.25M | Scene, ViewLayer | Updating Baking
Fra:1 Mem:47.35M (Peak 55.49M) | Time:00:00.01 | Mem:24.25M, Peak:24.25M | Scene, ViewLayer | Updating Device | Writing constant memory
Fra:1 Mem:47.35M (Peak 55.49M) | Time:00:00.01 | Mem:24.25M, Peak:24.25M | Scene, ViewLayer | Loading denoising kernels (may take a few minutes the first time)
Fra:1 Mem:47.35M (Peak 55.49M) | Time:00:00.01 | Mem:24.25M, Peak:24.25M | Scene, ViewLayer | Sample 0/12
Fra:1 Mem:64.68M (Peak 64.68M) | Time:00:00.04 | Remaining:00:00.32 | Mem:41.31M, Peak:41.31M | Scene, ViewLayer | Sample 1/12
Fra:1 Mem:71.86M (Peak 82.63M) | Time:00:00.75 | Mem:41.31M, Peak:41.31M | Scene, ViewLayer | Sample 12/12
Fra:1 Mem:71.86M (Peak 82.63M) | Time:00:00.75 | Mem:41.31M, Peak:41.31M | Scene, ViewLayer | Finished
Saved: 'E:\Games_Develop\Little-Castle_Assets_cliffkit\Source\Environment\CliffKit\v001\QA\Cliff_Terrace_Low_front.png'
Time: 00:00.77 (Saving: 00:00.01)

Fra:1 Mem:23.36M (Peak 23.36M) | Time:00:00.00 | Mem:0.00M, Peak:0.00M | Scene, ViewLayer | Synchronizing object | Cliff_Terrace_Low_LOD0
Fra:1 Mem:23.36M (Peak 23.36M) | Time:00:00.00 | Mem:0.00M, Peak:0.00M | Scene, ViewLayer | Synchronizing object | Plane
Fra:1 Mem:23.47M (Peak 23.47M) | Time:00:00.00 | Mem:0.00M, Peak:0.00M | Scene, ViewLayer | Initializing
Fra:1 Mem:23.46M (Peak 23.47M) | Time:00:00.00 | Mem:0.00M, Peak:0.00M | Scene, ViewLayer | Updating Images | Loading Normal_OpenGL.png.002
Fra:1 Mem:23.46M (Peak 23.47M) | Time:00:00.00 | Mem:0.00M, Peak:0.00M | Scene, ViewLayer | Updating Images | Loading Roughness.png.002
Fra:1 Mem:23.46M (Peak 23.47M) | Time:00:00.00 | Mem:0.00M, Peak:0.00M | Scene, ViewLayer | Updating Images | Loading Roughness.png
Fra:1 Mem:47.14M (Peak 55.49M) | Time:00:00.01 | Mem:24.00M, Peak:24.00M | Scene, ViewLayer | Waiting for render to start
Fra:1 Mem:47.15M (Peak 55.49M) | Time:00:00.01 | Mem:24.00M, Peak:24.00M | Scene, ViewLayer | Loading render kernels (may take a few minutes the first time)
Fra:1 Mem:47.15M (Peak 55.49M) | Time:00:00.01 | Mem:24.00M, Peak:24.00M | Scene, ViewLayer | Updating Scene
Fra:1 Mem:47.15M (Peak 55.49M) | Time:00:00.01 | Mem:24.00M, Peak:24.00M | Scene, ViewLayer | Updating Shaders
Fra:1 Mem:47.23M (Peak 55.49M) | Time:00:00.01 | Mem:24.00M, Peak:24.00M | Scene, ViewLayer | Updating Procedurals
Fra:1 Mem:47.23M (Peak 55.49M) | Time:00:00.01 | Mem:24.00M, Peak:24.00M | Scene, ViewLayer | Updating Background
Fra:1 Mem:47.23M (Peak 55.49M) | Time:00:00.01 | Mem:24.00M, Peak:24.00M | Scene, ViewLayer | Updating Camera
Fra:1 Mem:47.23M (Peak 55.49M) | Time:00:00.01 | Mem:24.00M, Peak:24.00M | Scene, ViewLayer | Updating Meshes Flags
Fra:1 Mem:47.23M (Peak 55.49M) | Time:00:00.01 | Mem:24.00M, Peak:24.00M | Scene, ViewLayer | Updating Objects
Fra:1 Mem:47.23M (Peak 55.49M) | Time:00:00.01 | Mem:24.00M, Peak:24.00M | Scene, ViewLayer | Updating Objects | Copying Transformations to device
Fra:1 Mem:47.23M (Peak 55.49M) | Time:00:00.01 | Mem:24.00M, Peak:24.00M | Scene, ViewLayer | Updating Objects | Applying Static Transformations
Fra:1 Mem:47.23M (Peak 55.49M) | Time:00:00.01 | Mem:24.00M, Peak:24.00M | Scene, ViewLayer | Updating Particle Systems
Fra:1 Mem:47.23M (Peak 55.49M) | Time:00:00.01 | Mem:24.00M, Peak:24.00M | Scene, ViewLayer | Updating Particle Systems | Copying Particles to device
Fra:1 Mem:47.23M (Peak 55.49M) | Time:00:00.01 | Mem:24.00M, Peak:24.00M | Scene, ViewLayer | Updating Meshes
Fra:1 Mem:47.24M (Peak 55.49M) | Time:00:00.01 | Mem:24.00M, Peak:24.00M | Scene, ViewLayer | Updating Mesh | Computing attributes
Fra:1 Mem:47.31M (Peak 55.49M) | Time:00:00.01 | Mem:24.00M, Peak:24.00M | Scene, ViewLayer | Updating Mesh | Copying Attributes to device
Fra:1 Mem:47.31M (Peak 55.49M) | Time:00:00.01 | Mem:24.07M, Peak:24.07M | Scene, ViewLayer | Updating Scene BVH | Building
Fra:1 Mem:47.31M (Peak 55.49M) | Time:00:00.01 | Mem:24.07M, Peak:24.07M | Scene, ViewLayer | Updating Scene BVH | Building BVH
Fra:1 Mem:47.31M (Peak 55.49M) | Time:00:00.01 | Mem:24.10M, Peak:24.10M | Scene, ViewLayer | Updating Scene BVH | Building BVH 0%
Fra:1 Mem:47.31M (Peak 55.49M) | Time:00:00.01 | Mem:24.13M, Peak:24.16M | Scene, ViewLayer | Updating Scene BVH | Copying BVH to device
Fra:1 Mem:47.31M (Peak 55.49M) | Time:00:00.01 | Mem:24.13M, Peak:24.16M | Scene, ViewLayer | Updating Mesh | Computing normals
Fra:1 Mem:47.34M (Peak 55.49M) | Time:00:00.01 | Mem:24.13M, Peak:24.16M | Scene, ViewLayer | Updating Mesh | Copying Mesh to device
Fra:1 Mem:47.34M (Peak 55.49M) | Time:00:00.01 | Mem:24.16M, Peak:24.16M | Scene, ViewLayer | Updating Objects Flags
Fra:1 Mem:47.34M (Peak 55.49M) | Time:00:00.01 | Mem:24.16M, Peak:24.16M | Scene, ViewLayer | Updating Primitive Offsets
Fra:1 Mem:47.34M (Peak 55.49M) | Time:00:00.01 | Mem:24.16M, Peak:24.16M | Scene, ViewLayer | Updating Images
Fra:1 Mem:47.34M (Peak 55.49M) | Time:00:00.01 | Mem:24.16M, Peak:24.16M | Scene, ViewLayer | Updating Camera Volume
Fra:1 Mem:47.34M (Peak 55.49M) | Time:00:00.01 | Mem:24.16M, Peak:24.16M | Scene, ViewLayer | Updating Lookup Tables
Fra:1 Mem:47.34M (Peak 55.49M) | Time:00:00.01 | Mem:24.25M, Peak:24.25M | Scene, ViewLayer | Updating Lights
Fra:1 Mem:47.35M (Peak 55.49M) | Time:00:00.01 | Mem:24.25M, Peak:24.25M | Scene, ViewLayer | Updating Lights | Computing tree
Fra:1 Mem:47.35M (Peak 55.49M) | Time:00:00.01 | Mem:24.25M, Peak:24.25M | Scene, ViewLayer | Updating Integrator
Fra:1 Mem:47.35M (Peak 55.49M) | Time:00:00.01 | Mem:24.25M, Peak:24.25M | Scene, ViewLayer | Updating Film
Fra:1 Mem:47.35M (Peak 55.49M) | Time:00:00.01 | Mem:24.17M, Peak:24.25M | Scene, ViewLayer | Updating Lookup Tables
Fra:1 Mem:47.35M (Peak 55.49M) | Time:00:00.01 | Mem:24.25M, Peak:24.25M | Scene, ViewLayer | Updating Baking
Fra:1 Mem:47.35M (Peak 55.49M) | Time:00:00.01 | Mem:24.25M, Peak:24.25M | Scene, ViewLayer | Updating Device | Writing constant memory
Fra:1 Mem:47.35M (Peak 55.49M) | Time:00:00.01 | Mem:24.25M, Peak:24.25M | Scene, ViewLayer | Loading denoising kernels (may take a few minutes the first time)
Fra:1 Mem:47.35M (Peak 55.49M) | Time:00:00.01 | Mem:24.25M, Peak:24.25M | Scene, ViewLayer | Sample 0/12
Fra:1 Mem:64.68M (Peak 64.68M) | Time:00:00.04 | Remaining:00:00.34 | Mem:41.31M, Peak:41.31M | Scene, ViewLayer | Sample 1/12
Fra:1 Mem:71.86M (Peak 82.63M) | Time:00:00.76 | Mem:41.31M, Peak:41.31M | Scene, ViewLayer | Sample 12/12
Fra:1 Mem:71.86M (Peak 82.63M) | Time:00:00.76 | Mem:41.31M, Peak:41.31M | Scene, ViewLayer | Finished
Saved: 'E:\Games_Develop\Little-Castle_Assets_cliffkit\Source\Environment\CliffKit\v001\QA\Cliff_Terrace_Low_rear.png'
Time: 00:00.77 (Saving: 00:00.01)

Fra:1 Mem:23.36M (Peak 23.36M) | Time:00:00.00 | Mem:0.00M, Peak:0.00M | Scene, ViewLayer | Synchronizing object | Cliff_Terrace_High_LOD0
Fra:1 Mem:23.36M (Peak 23.36M) | Time:00:00.00 | Mem:0.00M, Peak:0.00M | Scene, ViewLayer | Synchronizing object | Plane
Fra:1 Mem:23.48M (Peak 23.48M) | Time:00:00.00 | Mem:0.00M, Peak:0.00M | Scene, ViewLayer | Initializing
Fra:1 Mem:23.47M (Peak 23.48M) | Time:00:00.00 | Mem:0.00M, Peak:0.00M | Scene, ViewLayer | Updating Images | Loading Normal_OpenGL.png.002
Fra:1 Mem:23.47M (Peak 23.48M) | Time:00:00.00 | Mem:0.00M, Peak:0.00M | Scene, ViewLayer | Updating Images | Loading Roughness.png.002
Fra:1 Mem:47.16M (Peak 55.50M) | Time:00:00.01 | Mem:24.00M, Peak:24.00M | Scene, ViewLayer | Waiting for render to start
Fra:1 Mem:47.16M (Peak 55.50M) | Time:00:00.01 | Mem:24.00M, Peak:24.00M | Scene, ViewLayer | Loading render kernels (may take a few minutes the first time)
Fra:1 Mem:47.16M (Peak 55.50M) | Time:00:00.01 | Mem:24.00M, Peak:24.00M | Scene, ViewLayer | Updating Scene
Fra:1 Mem:47.16M (Peak 55.50M) | Time:00:00.01 | Mem:24.00M, Peak:24.00M | Scene, ViewLayer | Updating Shaders
Fra:1 Mem:47.24M (Peak 55.50M) | Time:00:00.01 | Mem:24.00M, Peak:24.00M | Scene, ViewLayer | Updating Procedurals
Fra:1 Mem:47.24M (Peak 55.50M) | Time:00:00.01 | Mem:24.00M, Peak:24.00M | Scene, ViewLayer | Updating Background
Fra:1 Mem:47.24M (Peak 55.50M) | Time:00:00.01 | Mem:24.00M, Peak:24.00M | Scene, ViewLayer | Updating Camera
Fra:1 Mem:47.24M (Peak 55.50M) | Time:00:00.01 | Mem:24.00M, Peak:24.00M | Scene, ViewLayer | Updating Meshes Flags
Fra:1 Mem:47.24M (Peak 55.50M) | Time:00:00.01 | Mem:24.00M, Peak:24.00M | Scene, ViewLayer | Updating Objects
Fra:1 Mem:47.24M (Peak 55.50M) | Time:00:00.01 | Mem:24.00M, Peak:24.00M | Scene, ViewLayer | Updating Objects | Copying Transformations to device
Fra:1 Mem:47.24M (Peak 55.50M) | Time:00:00.01 | Mem:24.00M, Peak:24.00M | Scene, ViewLayer | Updating Objects | Applying Static Transformations
Fra:1 Mem:47.24M (Peak 55.50M) | Time:00:00.01 | Mem:24.00M, Peak:24.00M | Scene, ViewLayer | Updating Particle Systems
Fra:1 Mem:47.24M (Peak 55.50M) | Time:00:00.01 | Mem:24.00M, Peak:24.00M | Scene, ViewLayer | Updating Particle Systems | Copying Particles to device
Fra:1 Mem:47.24M (Peak 55.50M) | Time:00:00.01 | Mem:24.00M, Peak:24.00M | Scene, ViewLayer | Updating Meshes
Fra:1 Mem:47.26M (Peak 55.50M) | Time:00:00.01 | Mem:24.00M, Peak:24.00M | Scene, ViewLayer | Updating Mesh | Computing attributes
Fra:1 Mem:47.33M (Peak 55.50M) | Time:00:00.01 | Mem:24.00M, Peak:24.00M | Scene, ViewLayer | Updating Mesh | Copying Attributes to device
Fra:1 Mem:47.33M (Peak 55.50M) | Time:00:00.01 | Mem:24.07M, Peak:24.07M | Scene, ViewLayer | Updating Scene BVH | Building
Fra:1 Mem:47.33M (Peak 55.50M) | Time:00:00.01 | Mem:24.07M, Peak:24.07M | Scene, ViewLayer | Updating Scene BVH | Building BVH
Fra:1 Mem:47.33M (Peak 55.50M) | Time:00:00.01 | Mem:24.10M, Peak:24.10M | Scene, ViewLayer | Updating Scene BVH | Building BVH 0%
Fra:1 Mem:47.33M (Peak 55.50M) | Time:00:00.01 | Mem:24.13M, Peak:24.16M | Scene, ViewLayer | Updating Scene BVH | Copying BVH to device
Fra:1 Mem:47.33M (Peak 55.50M) | Time:00:00.01 | Mem:24.13M, Peak:24.16M | Scene, ViewLayer | Updating Mesh | Computing normals
Fra:1 Mem:47.36M (Peak 55.50M) | Time:00:00.01 | Mem:24.13M, Peak:24.16M | Scene, ViewLayer | Updating Mesh | Copying Mesh to device
Fra:1 Mem:47.36M (Peak 55.50M) | Time:00:00.01 | Mem:24.16M, Peak:24.16M | Scene, ViewLayer | Updating Objects Flags
Fra:1 Mem:47.36M (Peak 55.50M) | Time:00:00.01 | Mem:24.16M, Peak:24.16M | Scene, ViewLayer | Updating Primitive Offsets
Fra:1 Mem:47.36M (Peak 55.50M) | Time:00:00.01 | Mem:24.16M, Peak:24.16M | Scene, ViewLayer | Updating Images
Fra:1 Mem:47.36M (Peak 55.50M) | Time:00:00.01 | Mem:24.16M, Peak:24.16M | Scene, ViewLayer | Updating Camera Volume
Fra:1 Mem:47.36M (Peak 55.50M) | Time:00:00.01 | Mem:24.16M, Peak:24.16M | Scene, ViewLayer | Updating Lookup Tables
Fra:1 Mem:47.36M (Peak 55.50M) | Time:00:00.01 | Mem:24.25M, Peak:24.25M | Scene, ViewLayer | Updating Lights
Fra:1 Mem:47.36M (Peak 55.50M) | Time:00:00.01 | Mem:24.25M, Peak:24.25M | Scene, ViewLayer | Updating Lights | Computing tree
Fra:1 Mem:47.36M (Peak 55.50M) | Time:00:00.01 | Mem:24.25M, Peak:24.25M | Scene, ViewLayer | Updating Integrator
Fra:1 Mem:47.36M (Peak 55.50M) | Time:00:00.01 | Mem:24.25M, Peak:24.25M | Scene, ViewLayer | Updating Film
Fra:1 Mem:47.36M (Peak 55.50M) | Time:00:00.01 | Mem:24.17M, Peak:24.25M | Scene, ViewLayer | Updating Lookup Tables
Fra:1 Mem:47.36M (Peak 55.50M) | Time:00:00.01 | Mem:24.25M, Peak:24.25M | Scene, ViewLayer | Updating Baking
Fra:1 Mem:47.36M (Peak 55.50M) | Time:00:00.01 | Mem:24.25M, Peak:24.25M | Scene, ViewLayer | Updating Device | Writing constant memory
Fra:1 Mem:47.36M (Peak 55.50M) | Time:00:00.01 | Mem:24.25M, Peak:24.25M | Scene, ViewLayer | Loading denoising kernels (may take a few minutes the first time)
Fra:1 Mem:47.36M (Peak 55.50M) | Time:00:00.01 | Mem:24.25M, Peak:24.25M | Scene, ViewLayer | Sample 0/12
Fra:1 Mem:64.69M (Peak 64.69M) | Time:00:00.05 | Remaining:00:00.39 | Mem:41.31M, Peak:41.31M | Scene, ViewLayer | Sample 1/12
Fra:1 Mem:71.87M (Peak 82.64M) | Time:00:00.81 | Mem:41.31M, Peak:41.31M | Scene, ViewLayer | Sample 12/12
Fra:1 Mem:71.87M (Peak 82.64M) | Time:00:00.81 | Mem:41.31M, Peak:41.31M | Scene, ViewLayer | Finished
Saved: 'E:\Games_Develop\Little-Castle_Assets_cliffkit\Source\Environment\CliffKit\v001\QA\Cliff_Terrace_High_LOD0.png'
Time: 00:00.83 (Saving: 00:00.01)

Fra:1 Mem:23.37M (Peak 23.37M) | Time:00:00.00 | Mem:0.00M, Peak:0.00M | Scene, ViewLayer | Synchronizing object | Cliff_Terrace_High_LOD1
Fra:1 Mem:23.37M (Peak 23.37M) | Time:00:00.00 | Mem:0.00M, Peak:0.00M | Scene, ViewLayer | Synchronizing object | Plane
Fra:1 Mem:23.41M (Peak 23.41M) | Time:00:00.00 | Mem:0.00M, Peak:0.00M | Scene, ViewLayer | Initializing
Fra:1 Mem:23.40M (Peak 23.41M) | Time:00:00.00 | Mem:0.00M, Peak:0.00M | Scene, ViewLayer | Updating Images | Loading Normal_OpenGL.png.002
Fra:1 Mem:23.40M (Peak 23.41M) | Time:00:00.00 | Mem:0.00M, Peak:0.00M | Scene, ViewLayer | Updating Images | Loading BaseColor.png
Fra:1 Mem:23.40M (Peak 23.41M) | Time:00:00.00 | Mem:0.00M, Peak:0.00M | Scene, ViewLayer | Updating Images | Loading Roughness.png
Fra:1 Mem:23.40M (Peak 23.41M) | Time:00:00.00 | Mem:0.00M, Peak:0.00M | Scene, ViewLayer | Updating Images | Loading Normal_OpenGL.png
Fra:1 Mem:23.40M (Peak 23.41M) | Time:00:00.00 | Mem:0.00M, Peak:0.00M | Scene, ViewLayer | Updating Images | Loading BaseColor.png.002
Fra:1 Mem:23.40M (Peak 23.41M) | Time:00:00.00 | Mem:0.00M, Peak:0.00M | Scene, ViewLayer | Updating Images | Loading Roughness.png.002
Fra:1 Mem:47.08M (Peak 55.43M) | Time:00:00.01 | Mem:24.00M, Peak:24.00M | Scene, ViewLayer | Waiting for render to start
Fra:1 Mem:47.09M (Peak 55.43M) | Time:00:00.01 | Mem:24.00M, Peak:24.00M | Scene, ViewLayer | Loading render kernels (may take a few minutes the first time)
Fra:1 Mem:47.09M (Peak 55.43M) | Time:00:00.01 | Mem:24.00M, Peak:24.00M | Scene, ViewLayer | Updating Scene
Fra:1 Mem:47.09M (Peak 55.43M) | Time:00:00.01 | Mem:24.00M, Peak:24.00M | Scene, ViewLayer | Updating Shaders
Fra:1 Mem:47.17M (Peak 55.43M) | Time:00:00.01 | Mem:24.00M, Peak:24.00M | Scene, ViewLayer | Updating Procedurals
Fra:1 Mem:47.17M (Peak 55.43M) | Time:00:00.01 | Mem:24.00M, Peak:24.00M | Scene, ViewLayer | Updating Background
Fra:1 Mem:47.17M (Peak 55.43M) | Time:00:00.01 | Mem:24.00M, Peak:24.00M | Scene, ViewLayer | Updating Camera
Fra:1 Mem:47.17M (Peak 55.43M) | Time:00:00.01 | Mem:24.00M, Peak:24.00M | Scene, ViewLayer | Updating Meshes Flags
Fra:1 Mem:47.17M (Peak 55.43M) | Time:00:00.01 | Mem:24.00M, Peak:24.00M | Scene, ViewLayer | Updating Objects
Fra:1 Mem:47.17M (Peak 55.43M) | Time:00:00.01 | Mem:24.00M, Peak:24.00M | Scene, ViewLayer | Updating Objects | Copying Transformations to device
Fra:1 Mem:47.17M (Peak 55.43M) | Time:00:00.01 | Mem:24.00M, Peak:24.00M | Scene, ViewLayer | Updating Objects | Applying Static Transformations
Fra:1 Mem:47.17M (Peak 55.43M) | Time:00:00.01 | Mem:24.00M, Peak:24.00M | Scene, ViewLayer | Updating Particle Systems
Fra:1 Mem:47.17M (Peak 55.43M) | Time:00:00.01 | Mem:24.00M, Peak:24.00M | Scene, ViewLayer | Updating Particle Systems | Copying Particles to device
Fra:1 Mem:47.17M (Peak 55.43M) | Time:00:00.01 | Mem:24.00M, Peak:24.00M | Scene, ViewLayer | Updating Meshes
Fra:1 Mem:47.17M (Peak 55.43M) | Time:00:00.01 | Mem:24.00M, Peak:24.00M | Scene, ViewLayer | Updating Mesh | Computing attributes
Fra:1 Mem:47.20M (Peak 55.43M) | Time:00:00.01 | Mem:24.00M, Peak:24.00M | Scene, ViewLayer | Updating Mesh | Copying Attributes to device
Fra:1 Mem:47.20M (Peak 55.43M) | Time:00:00.01 | Mem:24.02M, Peak:24.02M | Scene, ViewLayer | Updating Scene BVH | Building
Fra:1 Mem:47.20M (Peak 55.43M) | Time:00:00.01 | Mem:24.02M, Peak:24.02M | Scene, ViewLayer | Updating Scene BVH | Building BVH
Fra:1 Mem:47.20M (Peak 55.43M) | Time:00:00.01 | Mem:24.03M, Peak:24.03M | Scene, ViewLayer | Updating Scene BVH | Building BVH 0%
Fra:1 Mem:47.20M (Peak 55.43M) | Time:00:00.01 | Mem:24.04M, Peak:24.05M | Scene, ViewLayer | Updating Scene BVH | Copying BVH to device
Fra:1 Mem:47.20M (Peak 55.43M) | Time:00:00.01 | Mem:24.04M, Peak:24.05M | Scene, ViewLayer | Updating Mesh | Computing normals
Fra:1 Mem:47.20M (Peak 55.43M) | Time:00:00.01 | Mem:24.04M, Peak:24.05M | Scene, ViewLayer | Updating Mesh | Copying Mesh to device
Fra:1 Mem:47.20M (Peak 55.43M) | Time:00:00.01 | Mem:24.05M, Peak:24.05M | Scene, ViewLayer | Updating Objects Flags
Fra:1 Mem:47.20M (Peak 55.43M) | Time:00:00.01 | Mem:24.05M, Peak:24.05M | Scene, ViewLayer | Updating Primitive Offsets
Fra:1 Mem:47.20M (Peak 55.43M) | Time:00:00.01 | Mem:24.05M, Peak:24.05M | Scene, ViewLayer | Updating Images
Fra:1 Mem:47.20M (Peak 55.43M) | Time:00:00.01 | Mem:24.05M, Peak:24.05M | Scene, ViewLayer | Updating Camera Volume
Fra:1 Mem:47.20M (Peak 55.43M) | Time:00:00.01 | Mem:24.05M, Peak:24.05M | Scene, ViewLayer | Updating Lookup Tables
Fra:1 Mem:47.20M (Peak 55.43M) | Time:00:00.01 | Mem:24.13M, Peak:24.13M | Scene, ViewLayer | Updating Lights
Fra:1 Mem:47.21M (Peak 55.43M) | Time:00:00.01 | Mem:24.13M, Peak:24.13M | Scene, ViewLayer | Updating Lights | Computing tree
Fra:1 Mem:47.21M (Peak 55.43M) | Time:00:00.01 | Mem:24.13M, Peak:24.13M | Scene, ViewLayer | Updating Integrator
Fra:1 Mem:47.21M (Peak 55.43M) | Time:00:00.01 | Mem:24.13M, Peak:24.13M | Scene, ViewLayer | Updating Film
Fra:1 Mem:47.21M (Peak 55.43M) | Time:00:00.01 | Mem:24.05M, Peak:24.13M | Scene, ViewLayer | Updating Lookup Tables
Fra:1 Mem:47.21M (Peak 55.43M) | Time:00:00.01 | Mem:24.14M, Peak:24.14M | Scene, ViewLayer | Updating Baking
Fra:1 Mem:47.21M (Peak 55.43M) | Time:00:00.01 | Mem:24.14M, Peak:24.14M | Scene, ViewLayer | Updating Device | Writing constant memory
Fra:1 Mem:47.21M (Peak 55.43M) | Time:00:00.01 | Mem:24.14M, Peak:24.14M | Scene, ViewLayer | Loading denoising kernels (may take a few minutes the first time)
Fra:1 Mem:47.21M (Peak 55.43M) | Time:00:00.01 | Mem:24.14M, Peak:24.14M | Scene, ViewLayer | Sample 0/12
Fra:1 Mem:64.54M (Peak 64.54M) | Time:00:00.05 | Remaining:00:00.36 | Mem:41.20M, Peak:41.20M | Scene, ViewLayer | Sample 1/12
Fra:1 Mem:71.72M (Peak 82.49M) | Time:00:00.80 | Mem:41.20M, Peak:41.20M | Scene, ViewLayer | Sample 12/12
Fra:1 Mem:71.72M (Peak 82.49M) | Time:00:00.80 | Mem:41.20M, Peak:41.20M | Scene, ViewLayer | Finished
Saved: 'E:\Games_Develop\Little-Castle_Assets_cliffkit\Source\Environment\CliffKit\v001\QA\Cliff_Terrace_High_LOD1.png'
Time: 00:00.82 (Saving: 00:00.01)

Fra:1 Mem:23.37M (Peak 23.37M) | Time:00:00.00 | Mem:0.00M, Peak:0.00M | Scene, ViewLayer | Synchronizing object | Cliff_Terrace_High_LOD2
Fra:1 Mem:23.38M (Peak 23.38M) | Time:00:00.00 | Mem:0.00M, Peak:0.00M | Scene, ViewLayer | Synchronizing object | Plane
Fra:1 Mem:23.40M (Peak 23.40M) | Time:00:00.00 | Mem:0.00M, Peak:0.00M | Scene, ViewLayer | Initializing
Fra:1 Mem:23.39M (Peak 23.40M) | Time:00:00.00 | Mem:0.00M, Peak:0.00M | Scene, ViewLayer | Updating Images | Loading Normal_OpenGL.png.002
Fra:1 Mem:23.39M (Peak 23.40M) | Time:00:00.00 | Mem:0.00M, Peak:0.00M | Scene, ViewLayer | Updating Images | Loading BaseColor.png.002
Fra:1 Mem:47.08M (Peak 55.42M) | Time:00:00.01 | Mem:24.00M, Peak:24.00M | Scene, ViewLayer | Waiting for render to start
Fra:1 Mem:47.08M (Peak 55.42M) | Time:00:00.01 | Mem:24.00M, Peak:24.00M | Scene, ViewLayer | Loading render kernels (may take a few minutes the first time)
Fra:1 Mem:47.08M (Peak 55.42M) | Time:00:00.01 | Mem:24.00M, Peak:24.00M | Scene, ViewLayer | Updating Scene
Fra:1 Mem:47.08M (Peak 55.42M) | Time:00:00.01 | Mem:24.00M, Peak:24.00M | Scene, ViewLayer | Updating Shaders
Fra:1 Mem:47.16M (Peak 55.42M) | Time:00:00.02 | Mem:24.00M, Peak:24.00M | Scene, ViewLayer | Updating Procedurals
Fra:1 Mem:47.16M (Peak 55.42M) | Time:00:00.02 | Mem:24.00M, Peak:24.00M | Scene, ViewLayer | Updating Background
Fra:1 Mem:47.16M (Peak 55.42M) | Time:00:00.02 | Mem:24.00M, Peak:24.00M | Scene, ViewLayer | Updating Camera
Fra:1 Mem:47.16M (Peak 55.42M) | Time:00:00.02 | Mem:24.00M, Peak:24.00M | Scene, ViewLayer | Updating Meshes Flags
Fra:1 Mem:47.16M (Peak 55.42M) | Time:00:00.02 | Mem:24.00M, Peak:24.00M | Scene, ViewLayer | Updating Objects
Fra:1 Mem:47.16M (Peak 55.42M) | Time:00:00.02 | Mem:24.00M, Peak:24.00M | Scene, ViewLayer | Updating Objects | Copying Transformations to device
Fra:1 Mem:47.16M (Peak 55.42M) | Time:00:00.02 | Mem:24.00M, Peak:24.00M | Scene, ViewLayer | Updating Objects | Applying Static Transformations
Fra:1 Mem:47.16M (Peak 55.42M) | Time:00:00.02 | Mem:24.00M, Peak:24.00M | Scene, ViewLayer | Updating Particle Systems
Fra:1 Mem:47.16M (Peak 55.42M) | Time:00:00.02 | Mem:24.00M, Peak:24.00M | Scene, ViewLayer | Updating Particle Systems | Copying Particles to device
Fra:1 Mem:47.16M (Peak 55.42M) | Time:00:00.02 | Mem:24.00M, Peak:24.00M | Scene, ViewLayer | Updating Meshes
Fra:1 Mem:47.16M (Peak 55.42M) | Time:00:00.02 | Mem:24.00M, Peak:24.00M | Scene, ViewLayer | Updating Mesh | Computing attributes
Fra:1 Mem:47.18M (Peak 55.42M) | Time:00:00.02 | Mem:24.00M, Peak:24.00M | Scene, ViewLayer | Updating Mesh | Copying Attributes to device
Fra:1 Mem:47.18M (Peak 55.42M) | Time:00:00.02 | Mem:24.02M, Peak:24.02M | Scene, ViewLayer | Updating Scene BVH | Building
Fra:1 Mem:47.18M (Peak 55.42M) | Time:00:00.02 | Mem:24.02M, Peak:24.02M | Scene, ViewLayer | Updating Scene BVH | Building BVH
Fra:1 Mem:47.18M (Peak 55.42M) | Time:00:00.02 | Mem:24.02M, Peak:24.02M | Scene, ViewLayer | Updating Scene BVH | Building BVH 0%
Fra:1 Mem:47.18M (Peak 55.42M) | Time:00:00.02 | Mem:24.03M, Peak:24.03M | Scene, ViewLayer | Updating Scene BVH | Copying BVH to device
Fra:1 Mem:47.18M (Peak 55.42M) | Time:00:00.02 | Mem:24.03M, Peak:24.03M | Scene, ViewLayer | Updating Mesh | Computing normals
Fra:1 Mem:47.18M (Peak 55.42M) | Time:00:00.02 | Mem:24.03M, Peak:24.03M | Scene, ViewLayer | Updating Mesh | Copying Mesh to device
Fra:1 Mem:47.18M (Peak 55.42M) | Time:00:00.02 | Mem:24.04M, Peak:24.04M | Scene, ViewLayer | Updating Objects Flags
Fra:1 Mem:47.18M (Peak 55.42M) | Time:00:00.02 | Mem:24.04M, Peak:24.04M | Scene, ViewLayer | Updating Primitive Offsets
Fra:1 Mem:47.18M (Peak 55.42M) | Time:00:00.02 | Mem:24.04M, Peak:24.04M | Scene, ViewLayer | Updating Images
Fra:1 Mem:47.18M (Peak 55.42M) | Time:00:00.02 | Mem:24.04M, Peak:24.04M | Scene, ViewLayer | Updating Camera Volume
Fra:1 Mem:47.18M (Peak 55.42M) | Time:00:00.02 | Mem:24.04M, Peak:24.04M | Scene, ViewLayer | Updating Lookup Tables
Fra:1 Mem:47.18M (Peak 55.42M) | Time:00:00.02 | Mem:24.12M, Peak:24.12M | Scene, ViewLayer | Updating Lights
Fra:1 Mem:47.18M (Peak 55.42M) | Time:00:00.02 | Mem:24.12M, Peak:24.12M | Scene, ViewLayer | Updating Lights | Computing tree
Fra:1 Mem:47.18M (Peak 55.42M) | Time:00:00.02 | Mem:24.12M, Peak:24.12M | Scene, ViewLayer | Updating Integrator
Fra:1 Mem:47.18M (Peak 55.42M) | Time:00:00.02 | Mem:24.12M, Peak:24.12M | Scene, ViewLayer | Updating Film
Fra:1 Mem:47.19M (Peak 55.42M) | Time:00:00.02 | Mem:24.04M, Peak:24.12M | Scene, ViewLayer | Updating Lookup Tables
Fra:1 Mem:47.19M (Peak 55.42M) | Time:00:00.02 | Mem:24.12M, Peak:24.12M | Scene, ViewLayer | Updating Baking
Fra:1 Mem:47.19M (Peak 55.42M) | Time:00:00.02 | Mem:24.12M, Peak:24.12M | Scene, ViewLayer | Updating Device | Writing constant memory
Fra:1 Mem:47.19M (Peak 55.42M) | Time:00:00.02 | Mem:24.12M, Peak:24.12M | Scene, ViewLayer | Loading denoising kernels (may take a few minutes the first time)
Fra:1 Mem:47.19M (Peak 55.42M) | Time:00:00.02 | Mem:24.12M, Peak:24.12M | Scene, ViewLayer | Sample 0/12
Fra:1 Mem:64.51M (Peak 64.51M) | Time:00:00.05 | Remaining:00:00.39 | Mem:41.18M, Peak:41.18M | Scene, ViewLayer | Sample 1/12
Fra:1 Mem:71.69M (Peak 82.46M) | Time:00:00.81 | Mem:41.18M, Peak:41.18M | Scene, ViewLayer | Sample 12/12
Fra:1 Mem:71.69M (Peak 82.46M) | Time:00:00.81 | Mem:41.18M, Peak:41.18M | Scene, ViewLayer | Finished
Saved: 'E:\Games_Develop\Little-Castle_Assets_cliffkit\Source\Environment\CliffKit\v001\QA\Cliff_Terrace_High_LOD2.png'
Time: 00:00.83 (Saving: 00:00.01)

Fra:1 Mem:23.38M (Peak 23.38M) | Time:00:00.00 | Mem:0.00M, Peak:0.00M | Scene, ViewLayer | Synchronizing object | Cliff_Terrace_High_LOD0
Fra:1 Mem:23.38M (Peak 23.38M) | Time:00:00.00 | Mem:0.00M, Peak:0.00M | Scene, ViewLayer | Synchronizing object | Plane
Fra:1 Mem:23.49M (Peak 23.49M) | Time:00:00.00 | Mem:0.00M, Peak:0.00M | Scene, ViewLayer | Initializing
Fra:1 Mem:23.48M (Peak 23.49M) | Time:00:00.00 | Mem:0.00M, Peak:0.00M | Scene, ViewLayer | Updating Images | Loading Normal_OpenGL.png.002
Fra:1 Mem:23.48M (Peak 23.49M) | Time:00:00.00 | Mem:0.00M, Peak:0.00M | Scene, ViewLayer | Updating Images | Loading BaseColor.png
Fra:1 Mem:23.48M (Peak 23.49M) | Time:00:00.00 | Mem:0.00M, Peak:0.00M | Scene, ViewLayer | Updating Images | Loading Roughness.png.002
Fra:1 Mem:47.17M (Peak 55.51M) | Time:00:00.01 | Mem:24.00M, Peak:24.00M | Scene, ViewLayer | Waiting for render to start
Fra:1 Mem:47.17M (Peak 55.51M) | Time:00:00.01 | Mem:24.00M, Peak:24.00M | Scene, ViewLayer | Loading render kernels (may take a few minutes the first time)
Fra:1 Mem:47.17M (Peak 55.51M) | Time:00:00.01 | Mem:24.00M, Peak:24.00M | Scene, ViewLayer | Updating Scene
Fra:1 Mem:47.17M (Peak 55.51M) | Time:00:00.01 | Mem:24.00M, Peak:24.00M | Scene, ViewLayer | Updating Shaders
Fra:1 Mem:47.25M (Peak 55.51M) | Time:00:00.01 | Mem:24.00M, Peak:24.00M | Scene, ViewLayer | Updating Procedurals
Fra:1 Mem:47.25M (Peak 55.51M) | Time:00:00.01 | Mem:24.00M, Peak:24.00M | Scene, ViewLayer | Updating Background
Fra:1 Mem:47.25M (Peak 55.51M) | Time:00:00.01 | Mem:24.00M, Peak:24.00M | Scene, ViewLayer | Updating Camera
Fra:1 Mem:47.25M (Peak 55.51M) | Time:00:00.01 | Mem:24.00M, Peak:24.00M | Scene, ViewLayer | Updating Meshes Flags
Fra:1 Mem:47.25M (Peak 55.51M) | Time:00:00.01 | Mem:24.00M, Peak:24.00M | Scene, ViewLayer | Updating Objects
Fra:1 Mem:47.25M (Peak 55.51M) | Time:00:00.01 | Mem:24.00M, Peak:24.00M | Scene, ViewLayer | Updating Objects | Copying Transformations to device
Fra:1 Mem:47.25M (Peak 55.51M) | Time:00:00.01 | Mem:24.00M, Peak:24.00M | Scene, ViewLayer | Updating Objects | Applying Static Transformations
Fra:1 Mem:47.25M (Peak 55.51M) | Time:00:00.01 | Mem:24.00M, Peak:24.00M | Scene, ViewLayer | Updating Particle Systems
Fra:1 Mem:47.25M (Peak 55.51M) | Time:00:00.01 | Mem:24.00M, Peak:24.00M | Scene, ViewLayer | Updating Particle Systems | Copying Particles to device
Fra:1 Mem:47.25M (Peak 55.51M) | Time:00:00.01 | Mem:24.00M, Peak:24.00M | Scene, ViewLayer | Updating Meshes
Fra:1 Mem:47.27M (Peak 55.51M) | Time:00:00.01 | Mem:24.00M, Peak:24.00M | Scene, ViewLayer | Updating Mesh | Computing attributes
Fra:1 Mem:47.33M (Peak 55.51M) | Time:00:00.01 | Mem:24.00M, Peak:24.00M | Scene, ViewLayer | Updating Mesh | Copying Attributes to device
Fra:1 Mem:47.33M (Peak 55.51M) | Time:00:00.01 | Mem:24.07M, Peak:24.07M | Scene, ViewLayer | Updating Scene BVH | Building
Fra:1 Mem:47.33M (Peak 55.51M) | Time:00:00.01 | Mem:24.07M, Peak:24.07M | Scene, ViewLayer | Updating Scene BVH | Building BVH
Fra:1 Mem:47.33M (Peak 55.51M) | Time:00:00.01 | Mem:24.10M, Peak:24.10M | Scene, ViewLayer | Updating Scene BVH | Building BVH 0%
Fra:1 Mem:47.33M (Peak 55.51M) | Time:00:00.01 | Mem:24.13M, Peak:24.16M | Scene, ViewLayer | Updating Scene BVH | Copying BVH to device
Fra:1 Mem:47.33M (Peak 55.51M) | Time:00:00.01 | Mem:24.13M, Peak:24.16M | Scene, ViewLayer | Updating Mesh | Computing normals
Fra:1 Mem:47.37M (Peak 55.51M) | Time:00:00.01 | Mem:24.13M, Peak:24.16M | Scene, ViewLayer | Updating Mesh | Copying Mesh to device
Fra:1 Mem:47.37M (Peak 55.51M) | Time:00:00.01 | Mem:24.16M, Peak:24.16M | Scene, ViewLayer | Updating Objects Flags
Fra:1 Mem:47.37M (Peak 55.51M) | Time:00:00.01 | Mem:24.16M, Peak:24.16M | Scene, ViewLayer | Updating Primitive Offsets
Fra:1 Mem:47.37M (Peak 55.51M) | Time:00:00.01 | Mem:24.16M, Peak:24.16M | Scene, ViewLayer | Updating Images
Fra:1 Mem:47.37M (Peak 55.51M) | Time:00:00.01 | Mem:24.16M, Peak:24.16M | Scene, ViewLayer | Updating Camera Volume
Fra:1 Mem:47.37M (Peak 55.51M) | Time:00:00.01 | Mem:24.16M, Peak:24.16M | Scene, ViewLayer | Updating Lookup Tables
Fra:1 Mem:47.37M (Peak 55.51M) | Time:00:00.01 | Mem:24.25M, Peak:24.25M | Scene, ViewLayer | Updating Lights
Fra:1 Mem:47.37M (Peak 55.51M) | Time:00:00.01 | Mem:24.25M, Peak:24.25M | Scene, ViewLayer | Updating Lights | Computing tree
Fra:1 Mem:47.37M (Peak 55.51M) | Time:00:00.01 | Mem:24.25M, Peak:24.25M | Scene, ViewLayer | Updating Integrator
Fra:1 Mem:47.37M (Peak 55.51M) | Time:00:00.01 | Mem:24.25M, Peak:24.25M | Scene, ViewLayer | Updating Film
Fra:1 Mem:47.37M (Peak 55.51M) | Time:00:00.01 | Mem:24.17M, Peak:24.25M | Scene, ViewLayer | Updating Lookup Tables
Fra:1 Mem:47.37M (Peak 55.51M) | Time:00:00.01 | Mem:24.25M, Peak:24.25M | Scene, ViewLayer | Updating Baking
Fra:1 Mem:47.37M (Peak 55.51M) | Time:00:00.01 | Mem:24.25M, Peak:24.25M | Scene, ViewLayer | Updating Device | Writing constant memory
Fra:1 Mem:47.37M (Peak 55.51M) | Time:00:00.01 | Mem:24.25M, Peak:24.25M | Scene, ViewLayer | Loading denoising kernels (may take a few minutes the first time)
Fra:1 Mem:47.37M (Peak 55.51M) | Time:00:00.01 | Mem:24.25M, Peak:24.25M | Scene, ViewLayer | Sample 0/12
Fra:1 Mem:64.70M (Peak 64.70M) | Time:00:00.05 | Remaining:00:00.39 | Mem:41.31M, Peak:41.31M | Scene, ViewLayer | Sample 1/12
Fra:1 Mem:71.88M (Peak 82.65M) | Time:00:00.81 | Mem:41.31M, Peak:41.31M | Scene, ViewLayer | Sample 12/12
Fra:1 Mem:71.88M (Peak 82.65M) | Time:00:00.81 | Mem:41.31M, Peak:41.31M | Scene, ViewLayer | Finished
Saved: 'E:\Games_Develop\Little-Castle_Assets_cliffkit\Source\Environment\CliffKit\v001\QA\Cliff_Terrace_High_front.png'
Time: 00:00.83 (Saving: 00:00.01)

Fra:1 Mem:23.38M (Peak 23.38M) | Time:00:00.00 | Mem:0.00M, Peak:0.00M | Scene, ViewLayer | Synchronizing object | Cliff_Terrace_High_LOD0
Fra:1 Mem:23.38M (Peak 23.38M) | Time:00:00.00 | Mem:0.00M, Peak:0.00M | Scene, ViewLayer | Synchronizing object | Plane
Fra:1 Mem:23.49M (Peak 23.49M) | Time:00:00.00 | Mem:0.00M, Peak:0.00M | Scene, ViewLayer | Initializing
Fra:1 Mem:23.48M (Peak 23.49M) | Time:00:00.00 | Mem:0.00M, Peak:0.00M | Scene, ViewLayer | Updating Images | Loading Normal_OpenGL.png.002
Fra:1 Mem:23.48M (Peak 23.49M) | Time:00:00.00 | Mem:0.00M, Peak:0.00M | Scene, ViewLayer | Updating Images | Loading BaseColor.png
Fra:1 Mem:23.48M (Peak 23.49M) | Time:00:00.00 | Mem:0.00M, Peak:0.00M | Scene, ViewLayer | Updating Images | Loading Normal_OpenGL.png
Fra:1 Mem:23.48M (Peak 23.49M) | Time:00:00.00 | Mem:0.00M, Peak:0.00M | Scene, ViewLayer | Updating Images | Loading Roughness.png.002
Fra:1 Mem:47.17M (Peak 55.51M) | Time:00:00.01 | Mem:24.00M, Peak:24.00M | Scene, ViewLayer | Waiting for render to start
Fra:1 Mem:47.17M (Peak 55.51M) | Time:00:00.01 | Mem:24.00M, Peak:24.00M | Scene, ViewLayer | Loading render kernels (may take a few minutes the first time)
Fra:1 Mem:47.17M (Peak 55.51M) | Time:00:00.01 | Mem:24.00M, Peak:24.00M | Scene, ViewLayer | Updating Scene
Fra:1 Mem:47.17M (Peak 55.51M) | Time:00:00.01 | Mem:24.00M, Peak:24.00M | Scene, ViewLayer | Updating Shaders
Fra:1 Mem:47.25M (Peak 55.51M) | Time:00:00.01 | Mem:24.00M, Peak:24.00M | Scene, ViewLayer | Updating Procedurals
Fra:1 Mem:47.25M (Peak 55.51M) | Time:00:00.01 | Mem:24.00M, Peak:24.00M | Scene, ViewLayer | Updating Background
Fra:1 Mem:47.25M (Peak 55.51M) | Time:00:00.01 | Mem:24.00M, Peak:24.00M | Scene, ViewLayer | Updating Camera
Fra:1 Mem:47.25M (Peak 55.51M) | Time:00:00.01 | Mem:24.00M, Peak:24.00M | Scene, ViewLayer | Updating Meshes Flags
Fra:1 Mem:47.25M (Peak 55.51M) | Time:00:00.01 | Mem:24.00M, Peak:24.00M | Scene, ViewLayer | Updating Objects
Fra:1 Mem:47.25M (Peak 55.51M) | Time:00:00.01 | Mem:24.00M, Peak:24.00M | Scene, ViewLayer | Updating Objects | Copying Transformations to device
Fra:1 Mem:47.25M (Peak 55.51M) | Time:00:00.01 | Mem:24.00M, Peak:24.00M | Scene, ViewLayer | Updating Objects | Applying Static Transformations
Fra:1 Mem:47.25M (Peak 55.51M) | Time:00:00.01 | Mem:24.00M, Peak:24.00M | Scene, ViewLayer | Updating Particle Systems
Fra:1 Mem:47.25M (Peak 55.51M) | Time:00:00.01 | Mem:24.00M, Peak:24.00M | Scene, ViewLayer | Updating Particle Systems | Copying Particles to device
Fra:1 Mem:47.25M (Peak 55.51M) | Time:00:00.01 | Mem:24.00M, Peak:24.00M | Scene, ViewLayer | Updating Meshes
Fra:1 Mem:47.27M (Peak 55.51M) | Time:00:00.01 | Mem:24.00M, Peak:24.00M | Scene, ViewLayer | Updating Mesh | Computing attributes
Fra:1 Mem:47.33M (Peak 55.51M) | Time:00:00.01 | Mem:24.00M, Peak:24.00M | Scene, ViewLayer | Updating Mesh | Copying Attributes to device
Fra:1 Mem:47.33M (Peak 55.51M) | Time:00:00.01 | Mem:24.07M, Peak:24.07M | Scene, ViewLayer | Updating Scene BVH | Building
Fra:1 Mem:47.33M (Peak 55.51M) | Time:00:00.01 | Mem:24.07M, Peak:24.07M | Scene, ViewLayer | Updating Scene BVH | Building BVH
Fra:1 Mem:47.33M (Peak 55.51M) | Time:00:00.01 | Mem:24.10M, Peak:24.10M | Scene, ViewLayer | Updating Scene BVH | Building BVH 0%
Fra:1 Mem:47.33M (Peak 55.51M) | Time:00:00.01 | Mem:24.13M, Peak:24.16M | Scene, ViewLayer | Updating Scene BVH | Copying BVH to device
Fra:1 Mem:47.33M (Peak 55.51M) | Time:00:00.01 | Mem:24.13M, Peak:24.16M | Scene, ViewLayer | Updating Mesh | Computing normals
Fra:1 Mem:47.37M (Peak 55.51M) | Time:00:00.01 | Mem:24.13M, Peak:24.16M | Scene, ViewLayer | Updating Mesh | Copying Mesh to device
Fra:1 Mem:47.37M (Peak 55.51M) | Time:00:00.01 | Mem:24.16M, Peak:24.16M | Scene, ViewLayer | Updating Objects Flags
Fra:1 Mem:47.37M (Peak 55.51M) | Time:00:00.01 | Mem:24.16M, Peak:24.16M | Scene, ViewLayer | Updating Primitive Offsets
Fra:1 Mem:47.37M (Peak 55.51M) | Time:00:00.01 | Mem:24.16M, Peak:24.16M | Scene, ViewLayer | Updating Images
Fra:1 Mem:47.37M (Peak 55.51M) | Time:00:00.01 | Mem:24.16M, Peak:24.16M | Scene, ViewLayer | Updating Camera Volume
Fra:1 Mem:47.37M (Peak 55.51M) | Time:00:00.01 | Mem:24.16M, Peak:24.16M | Scene, ViewLayer | Updating Lookup Tables
Fra:1 Mem:47.37M (Peak 55.51M) | Time:00:00.01 | Mem:24.25M, Peak:24.25M | Scene, ViewLayer | Updating Lights
Fra:1 Mem:47.37M (Peak 55.51M) | Time:00:00.01 | Mem:24.25M, Peak:24.25M | Scene, ViewLayer | Updating Lights | Computing tree
Fra:1 Mem:47.37M (Peak 55.51M) | Time:00:00.01 | Mem:24.25M, Peak:24.25M | Scene, ViewLayer | Updating Integrator
Fra:1 Mem:47.37M (Peak 55.51M) | Time:00:00.01 | Mem:24.25M, Peak:24.25M | Scene, ViewLayer | Updating Film
Fra:1 Mem:47.37M (Peak 55.51M) | Time:00:00.01 | Mem:24.17M, Peak:24.25M | Scene, ViewLayer | Updating Lookup Tables
Fra:1 Mem:47.37M (Peak 55.51M) | Time:00:00.01 | Mem:24.25M, Peak:24.25M | Scene, ViewLayer | Updating Baking
Fra:1 Mem:47.37M (Peak 55.51M) | Time:00:00.01 | Mem:24.25M, Peak:24.25M | Scene, ViewLayer | Updating Device | Writing constant memory
Fra:1 Mem:47.37M (Peak 55.51M) | Time:00:00.01 | Mem:24.25M, Peak:24.25M | Scene, ViewLayer | Loading denoising kernels (may take a few minutes the first time)
Fra:1 Mem:47.37M (Peak 55.51M) | Time:00:00.01 | Mem:24.25M, Peak:24.25M | Scene, ViewLayer | Sample 0/12
Fra:1 Mem:64.70M (Peak 64.70M) | Time:00:00.04 | Remaining:00:00.35 | Mem:41.31M, Peak:41.31M | Scene, ViewLayer | Sample 1/12
Fra:1 Mem:71.88M (Peak 82.65M) | Time:00:00.79 | Mem:41.31M, Peak:41.31M | Scene, ViewLayer | Sample 12/12
Fra:1 Mem:71.88M (Peak 82.65M) | Time:00:00.79 | Mem:41.31M, Peak:41.31M | Scene, ViewLayer | Finished
Saved: 'E:\Games_Develop\Little-Castle_Assets_cliffkit\Source\Environment\CliffKit\v001\QA\Cliff_Terrace_High_rear.png'
Time: 00:00.81 (Saving: 00:00.01)

Fra:1 Mem:23.38M (Peak 23.38M) | Time:00:00.00 | Mem:0.00M, Peak:0.00M | Scene, ViewLayer | Synchronizing object | Cliff_End_Left_LOD0
Fra:1 Mem:23.39M (Peak 23.39M) | Time:00:00.00 | Mem:0.00M, Peak:0.00M | Scene, ViewLayer | Synchronizing object | Plane
Fra:1 Mem:23.50M (Peak 23.50M) | Time:00:00.00 | Mem:0.00M, Peak:0.00M | Scene, ViewLayer | Initializing
Fra:1 Mem:23.49M (Peak 23.50M) | Time:00:00.00 | Mem:0.00M, Peak:0.00M | Scene, ViewLayer | Updating Images | Loading BaseColor.png
Fra:1 Mem:23.49M (Peak 23.50M) | Time:00:00.00 | Mem:0.00M, Peak:0.00M | Scene, ViewLayer | Updating Images | Loading Normal_OpenGL.png.002
Fra:1 Mem:23.49M (Peak 23.50M) | Time:00:00.00 | Mem:0.00M, Peak:0.00M | Scene, ViewLayer | Updating Images | Loading Roughness.png
Fra:1 Mem:23.49M (Peak 23.50M) | Time:00:00.00 | Mem:0.00M, Peak:0.00M | Scene, ViewLayer | Updating Images | Loading Roughness.png.002
Fra:1 Mem:47.18M (Peak 59.53M) | Time:00:00.01 | Mem:24.00M, Peak:24.00M | Scene, ViewLayer | Waiting for render to start
Fra:1 Mem:47.18M (Peak 59.53M) | Time:00:00.01 | Mem:24.00M, Peak:24.00M | Scene, ViewLayer | Loading render kernels (may take a few minutes the first time)
Fra:1 Mem:47.18M (Peak 59.53M) | Time:00:00.01 | Mem:24.00M, Peak:24.00M | Scene, ViewLayer | Updating Scene
Fra:1 Mem:47.18M (Peak 59.53M) | Time:00:00.01 | Mem:24.00M, Peak:24.00M | Scene, ViewLayer | Updating Shaders
Fra:1 Mem:47.27M (Peak 59.53M) | Time:00:00.01 | Mem:24.00M, Peak:24.00M | Scene, ViewLayer | Updating Procedurals
Fra:1 Mem:47.27M (Peak 59.53M) | Time:00:00.01 | Mem:24.00M, Peak:24.00M | Scene, ViewLayer | Updating Background
Fra:1 Mem:47.27M (Peak 59.53M) | Time:00:00.01 | Mem:24.00M, Peak:24.00M | Scene, ViewLayer | Updating Camera
Fra:1 Mem:47.27M (Peak 59.53M) | Time:00:00.01 | Mem:24.00M, Peak:24.00M | Scene, ViewLayer | Updating Meshes Flags
Fra:1 Mem:47.27M (Peak 59.53M) | Time:00:00.01 | Mem:24.00M, Peak:24.00M | Scene, ViewLayer | Updating Objects
Fra:1 Mem:47.27M (Peak 59.53M) | Time:00:00.01 | Mem:24.00M, Peak:24.00M | Scene, ViewLayer | Updating Objects | Copying Transformations to device
Fra:1 Mem:47.27M (Peak 59.53M) | Time:00:00.01 | Mem:24.00M, Peak:24.00M | Scene, ViewLayer | Updating Objects | Applying Static Transformations
Fra:1 Mem:47.27M (Peak 59.53M) | Time:00:00.01 | Mem:24.00M, Peak:24.00M | Scene, ViewLayer | Updating Particle Systems
Fra:1 Mem:47.27M (Peak 59.53M) | Time:00:00.01 | Mem:24.00M, Peak:24.00M | Scene, ViewLayer | Updating Particle Systems | Copying Particles to device
Fra:1 Mem:47.27M (Peak 59.53M) | Time:00:00.01 | Mem:24.00M, Peak:24.00M | Scene, ViewLayer | Updating Meshes
Fra:1 Mem:47.28M (Peak 59.53M) | Time:00:00.01 | Mem:24.00M, Peak:24.00M | Scene, ViewLayer | Updating Mesh | Computing attributes
Fra:1 Mem:47.35M (Peak 59.53M) | Time:00:00.01 | Mem:24.00M, Peak:24.00M | Scene, ViewLayer | Updating Mesh | Copying Attributes to device
Fra:1 Mem:47.35M (Peak 59.53M) | Time:00:00.01 | Mem:24.07M, Peak:24.07M | Scene, ViewLayer | Updating Scene BVH | Building
Fra:1 Mem:47.35M (Peak 59.53M) | Time:00:00.01 | Mem:24.07M, Peak:24.07M | Scene, ViewLayer | Updating Scene BVH | Building BVH
Fra:1 Mem:47.35M (Peak 59.53M) | Time:00:00.01 | Mem:24.10M, Peak:24.10M | Scene, ViewLayer | Updating Scene BVH | Building BVH 0%
Fra:1 Mem:47.35M (Peak 59.53M) | Time:00:00.01 | Mem:24.14M, Peak:24.16M | Scene, ViewLayer | Updating Scene BVH | Copying BVH to device
Fra:1 Mem:47.35M (Peak 59.53M) | Time:00:00.01 | Mem:24.14M, Peak:24.16M | Scene, ViewLayer | Updating Mesh | Computing normals
Fra:1 Mem:47.38M (Peak 59.53M) | Time:00:00.01 | Mem:24.14M, Peak:24.16M | Scene, ViewLayer | Updating Mesh | Copying Mesh to device
Fra:1 Mem:47.38M (Peak 59.53M) | Time:00:00.01 | Mem:24.17M, Peak:24.17M | Scene, ViewLayer | Updating Objects Flags
Fra:1 Mem:47.38M (Peak 59.53M) | Time:00:00.01 | Mem:24.17M, Peak:24.17M | Scene, ViewLayer | Updating Primitive Offsets
Fra:1 Mem:47.38M (Peak 59.53M) | Time:00:00.01 | Mem:24.17M, Peak:24.17M | Scene, ViewLayer | Updating Images
Fra:1 Mem:47.38M (Peak 59.53M) | Time:00:00.01 | Mem:24.17M, Peak:24.17M | Scene, ViewLayer | Updating Camera Volume
Fra:1 Mem:47.38M (Peak 59.53M) | Time:00:00.01 | Mem:24.17M, Peak:24.17M | Scene, ViewLayer | Updating Lookup Tables
Fra:1 Mem:47.38M (Peak 59.53M) | Time:00:00.01 | Mem:24.25M, Peak:24.25M | Scene, ViewLayer | Updating Lights
Fra:1 Mem:47.38M (Peak 59.53M) | Time:00:00.01 | Mem:24.25M, Peak:24.25M | Scene, ViewLayer | Updating Lights | Computing tree
Fra:1 Mem:47.38M (Peak 59.53M) | Time:00:00.01 | Mem:24.25M, Peak:24.25M | Scene, ViewLayer | Updating Integrator
Fra:1 Mem:47.38M (Peak 59.53M) | Time:00:00.01 | Mem:24.25M, Peak:24.25M | Scene, ViewLayer | Updating Film
Fra:1 Mem:47.39M (Peak 59.53M) | Time:00:00.01 | Mem:24.17M, Peak:24.25M | Scene, ViewLayer | Updating Lookup Tables
Fra:1 Mem:47.39M (Peak 59.53M) | Time:00:00.01 | Mem:24.25M, Peak:24.25M | Scene, ViewLayer | Updating Baking
Fra:1 Mem:47.39M (Peak 59.53M) | Time:00:00.01 | Mem:24.25M, Peak:24.25M | Scene, ViewLayer | Updating Device | Writing constant memory
Fra:1 Mem:47.39M (Peak 59.53M) | Time:00:00.01 | Mem:24.25M, Peak:24.25M | Scene, ViewLayer | Loading denoising kernels (may take a few minutes the first time)
Fra:1 Mem:47.39M (Peak 59.53M) | Time:00:00.01 | Mem:24.25M, Peak:24.25M | Scene, ViewLayer | Sample 0/12
Fra:1 Mem:64.71M (Peak 64.71M) | Time:00:00.04 | Remaining:00:00.34 | Mem:41.31M, Peak:41.31M | Scene, ViewLayer | Sample 1/12
Fra:1 Mem:71.89M (Peak 82.66M) | Time:00:00.79 | Mem:41.31M, Peak:41.31M | Scene, ViewLayer | Sample 12/12
Fra:1 Mem:71.89M (Peak 82.66M) | Time:00:00.79 | Mem:41.31M, Peak:41.31M | Scene, ViewLayer | Finished
Saved: 'E:\Games_Develop\Little-Castle_Assets_cliffkit\Source\Environment\CliffKit\v001\QA\Cliff_End_Left_LOD0.png'
Time: 00:00.81 (Saving: 00:00.01)

Fra:1 Mem:23.39M (Peak 23.39M) | Time:00:00.00 | Mem:0.00M, Peak:0.00M | Scene, ViewLayer | Synchronizing object | Cliff_End_Left_LOD1
Fra:1 Mem:23.39M (Peak 23.39M) | Time:00:00.00 | Mem:0.00M, Peak:0.00M | Scene, ViewLayer | Synchronizing object | Plane
Fra:1 Mem:23.43M (Peak 23.43M) | Time:00:00.00 | Mem:0.00M, Peak:0.00M | Scene, ViewLayer | Initializing
Fra:1 Mem:23.42M (Peak 23.43M) | Time:00:00.00 | Mem:0.00M, Peak:0.00M | Scene, ViewLayer | Updating Images | Loading Normal_OpenGL.png.002
Fra:1 Mem:23.42M (Peak 23.43M) | Time:00:00.00 | Mem:0.00M, Peak:0.00M | Scene, ViewLayer | Updating Images | Loading Normal_OpenGL.png
Fra:1 Mem:23.42M (Peak 23.43M) | Time:00:00.00 | Mem:0.00M, Peak:0.00M | Scene, ViewLayer | Updating Images | Loading Roughness.png.002
Fra:1 Mem:47.11M (Peak 55.45M) | Time:00:00.01 | Mem:24.00M, Peak:24.00M | Scene, ViewLayer | Waiting for render to start
Fra:1 Mem:47.11M (Peak 55.45M) | Time:00:00.01 | Mem:24.00M, Peak:24.00M | Scene, ViewLayer | Loading render kernels (may take a few minutes the first time)
Fra:1 Mem:47.11M (Peak 55.45M) | Time:00:00.01 | Mem:24.00M, Peak:24.00M | Scene, ViewLayer | Updating Scene
Fra:1 Mem:47.11M (Peak 55.45M) | Time:00:00.01 | Mem:24.00M, Peak:24.00M | Scene, ViewLayer | Updating Shaders
Fra:1 Mem:47.19M (Peak 55.45M) | Time:00:00.01 | Mem:24.00M, Peak:24.00M | Scene, ViewLayer | Updating Procedurals
Fra:1 Mem:47.19M (Peak 55.45M) | Time:00:00.01 | Mem:24.00M, Peak:24.00M | Scene, ViewLayer | Updating Background
Fra:1 Mem:47.19M (Peak 55.45M) | Time:00:00.01 | Mem:24.00M, Peak:24.00M | Scene, ViewLayer | Updating Camera
Fra:1 Mem:47.19M (Peak 55.45M) | Time:00:00.01 | Mem:24.00M, Peak:24.00M | Scene, ViewLayer | Updating Meshes Flags
Fra:1 Mem:47.19M (Peak 55.45M) | Time:00:00.01 | Mem:24.00M, Peak:24.00M | Scene, ViewLayer | Updating Objects
Fra:1 Mem:47.19M (Peak 55.45M) | Time:00:00.01 | Mem:24.00M, Peak:24.00M | Scene, ViewLayer | Updating Objects | Copying Transformations to device
Fra:1 Mem:47.19M (Peak 55.45M) | Time:00:00.01 | Mem:24.00M, Peak:24.00M | Scene, ViewLayer | Updating Objects | Applying Static Transformations
Fra:1 Mem:47.19M (Peak 55.45M) | Time:00:00.01 | Mem:24.00M, Peak:24.00M | Scene, ViewLayer | Updating Particle Systems
Fra:1 Mem:47.19M (Peak 55.45M) | Time:00:00.01 | Mem:24.00M, Peak:24.00M | Scene, ViewLayer | Updating Particle Systems | Copying Particles to device
Fra:1 Mem:47.19M (Peak 55.45M) | Time:00:00.01 | Mem:24.00M, Peak:24.00M | Scene, ViewLayer | Updating Meshes
Fra:1 Mem:47.20M (Peak 55.45M) | Time:00:00.01 | Mem:24.00M, Peak:24.00M | Scene, ViewLayer | Updating Mesh | Computing attributes
Fra:1 Mem:47.22M (Peak 55.45M) | Time:00:00.01 | Mem:24.00M, Peak:24.00M | Scene, ViewLayer | Updating Mesh | Copying Attributes to device
Fra:1 Mem:47.22M (Peak 55.45M) | Time:00:00.01 | Mem:24.02M, Peak:24.02M | Scene, ViewLayer | Updating Scene BVH | Building
Fra:1 Mem:47.22M (Peak 55.45M) | Time:00:00.01 | Mem:24.02M, Peak:24.02M | Scene, ViewLayer | Updating Scene BVH | Building BVH
Fra:1 Mem:47.22M (Peak 55.45M) | Time:00:00.01 | Mem:24.03M, Peak:24.03M | Scene, ViewLayer | Updating Scene BVH | Building BVH 0%
Fra:1 Mem:47.22M (Peak 55.45M) | Time:00:00.01 | Mem:24.04M, Peak:24.05M | Scene, ViewLayer | Updating Scene BVH | Copying BVH to device
Fra:1 Mem:47.22M (Peak 55.45M) | Time:00:00.01 | Mem:24.04M, Peak:24.05M | Scene, ViewLayer | Updating Mesh | Computing normals
Fra:1 Mem:47.23M (Peak 55.45M) | Time:00:00.01 | Mem:24.04M, Peak:24.05M | Scene, ViewLayer | Updating Mesh | Copying Mesh to device
Fra:1 Mem:47.23M (Peak 55.45M) | Time:00:00.01 | Mem:24.05M, Peak:24.05M | Scene, ViewLayer | Updating Objects Flags
Fra:1 Mem:47.23M (Peak 55.45M) | Time:00:00.01 | Mem:24.05M, Peak:24.05M | Scene, ViewLayer | Updating Primitive Offsets
Fra:1 Mem:47.23M (Peak 55.45M) | Time:00:00.01 | Mem:24.05M, Peak:24.05M | Scene, ViewLayer | Updating Images
Fra:1 Mem:47.23M (Peak 55.45M) | Time:00:00.01 | Mem:24.05M, Peak:24.05M | Scene, ViewLayer | Updating Camera Volume
Fra:1 Mem:47.23M (Peak 55.45M) | Time:00:00.01 | Mem:24.05M, Peak:24.05M | Scene, ViewLayer | Updating Lookup Tables
Fra:1 Mem:47.23M (Peak 55.45M) | Time:00:00.01 | Mem:24.13M, Peak:24.13M | Scene, ViewLayer | Updating Lights
Fra:1 Mem:47.23M (Peak 55.45M) | Time:00:00.01 | Mem:24.13M, Peak:24.13M | Scene, ViewLayer | Updating Lights | Computing tree
Fra:1 Mem:47.23M (Peak 55.45M) | Time:00:00.01 | Mem:24.13M, Peak:24.13M | Scene, ViewLayer | Updating Integrator
Fra:1 Mem:47.23M (Peak 55.45M) | Time:00:00.01 | Mem:24.13M, Peak:24.13M | Scene, ViewLayer | Updating Film
Fra:1 Mem:47.23M (Peak 55.45M) | Time:00:00.01 | Mem:24.05M, Peak:24.13M | Scene, ViewLayer | Updating Lookup Tables
Fra:1 Mem:47.23M (Peak 55.45M) | Time:00:00.01 | Mem:24.14M, Peak:24.14M | Scene, ViewLayer | Updating Baking
Fra:1 Mem:47.23M (Peak 55.45M) | Time:00:00.01 | Mem:24.14M, Peak:24.14M | Scene, ViewLayer | Updating Device | Writing constant memory
Fra:1 Mem:47.23M (Peak 55.45M) | Time:00:00.01 | Mem:24.14M, Peak:24.14M | Scene, ViewLayer | Loading denoising kernels (may take a few minutes the first time)
Fra:1 Mem:47.23M (Peak 55.45M) | Time:00:00.01 | Mem:24.14M, Peak:24.14M | Scene, ViewLayer | Sample 0/12
Fra:1 Mem:64.56M (Peak 64.56M) | Time:00:00.04 | Remaining:00:00.35 | Mem:41.20M, Peak:41.20M | Scene, ViewLayer | Sample 1/12
Fra:1 Mem:71.74M (Peak 82.51M) | Time:00:00.79 | Mem:41.20M, Peak:41.20M | Scene, ViewLayer | Sample 12/12
Fra:1 Mem:71.74M (Peak 82.51M) | Time:00:00.79 | Mem:41.20M, Peak:41.20M | Scene, ViewLayer | Finished
Saved: 'E:\Games_Develop\Little-Castle_Assets_cliffkit\Source\Environment\CliffKit\v001\QA\Cliff_End_Left_LOD1.png'
Time: 00:00.81 (Saving: 00:00.01)

Fra:1 Mem:23.40M (Peak 23.40M) | Time:00:00.00 | Mem:0.00M, Peak:0.00M | Scene, ViewLayer | Synchronizing object | Cliff_End_Left_LOD2
Fra:1 Mem:23.40M (Peak 23.40M) | Time:00:00.00 | Mem:0.00M, Peak:0.00M | Scene, ViewLayer | Synchronizing object | Plane
Fra:1 Mem:23.42M (Peak 23.42M) | Time:00:00.00 | Mem:0.00M, Peak:0.00M | Scene, ViewLayer | Initializing
Fra:1 Mem:23.41M (Peak 23.42M) | Time:00:00.00 | Mem:0.00M, Peak:0.00M | Scene, ViewLayer | Updating Images | Loading Normal_OpenGL.png.002
Fra:1 Mem:23.41M (Peak 23.42M) | Time:00:00.00 | Mem:0.00M, Peak:0.00M | Scene, ViewLayer | Updating Images | Loading BaseColor.png
Fra:1 Mem:23.41M (Peak 23.42M) | Time:00:00.00 | Mem:0.00M, Peak:0.00M | Scene, ViewLayer | Updating Images | Loading Roughness.png.002
Fra:1 Mem:47.10M (Peak 51.44M) | Time:00:00.01 | Mem:24.00M, Peak:24.00M | Scene, ViewLayer | Waiting for render to start
Fra:1 Mem:47.10M (Peak 51.44M) | Time:00:00.01 | Mem:24.00M, Peak:24.00M | Scene, ViewLayer | Loading render kernels (may take a few minutes the first time)
Fra:1 Mem:47.10M (Peak 51.44M) | Time:00:00.01 | Mem:24.00M, Peak:24.00M | Scene, ViewLayer | Updating Scene
Fra:1 Mem:47.10M (Peak 51.44M) | Time:00:00.01 | Mem:24.00M, Peak:24.00M | Scene, ViewLayer | Updating Shaders
Fra:1 Mem:47.18M (Peak 51.44M) | Time:00:00.01 | Mem:24.00M, Peak:24.00M | Scene, ViewLayer | Updating Procedurals
Fra:1 Mem:47.18M (Peak 51.44M) | Time:00:00.01 | Mem:24.00M, Peak:24.00M | Scene, ViewLayer | Updating Background
Fra:1 Mem:47.18M (Peak 51.44M) | Time:00:00.01 | Mem:24.00M, Peak:24.00M | Scene, ViewLayer | Updating Camera
Fra:1 Mem:47.18M (Peak 51.44M) | Time:00:00.01 | Mem:24.00M, Peak:24.00M | Scene, ViewLayer | Updating Meshes Flags
Fra:1 Mem:47.18M (Peak 51.44M) | Time:00:00.01 | Mem:24.00M, Peak:24.00M | Scene, ViewLayer | Updating Objects
Fra:1 Mem:47.18M (Peak 51.44M) | Time:00:00.01 | Mem:24.00M, Peak:24.00M | Scene, ViewLayer | Updating Objects | Copying Transformations to device
Fra:1 Mem:47.18M (Peak 51.44M) | Time:00:00.01 | Mem:24.00M, Peak:24.00M | Scene, ViewLayer | Updating Objects | Applying Static Transformations
Fra:1 Mem:47.18M (Peak 51.44M) | Time:00:00.01 | Mem:24.00M, Peak:24.00M | Scene, ViewLayer | Updating Particle Systems
Fra:1 Mem:47.18M (Peak 51.44M) | Time:00:00.01 | Mem:24.00M, Peak:24.00M | Scene, ViewLayer | Updating Particle Systems | Copying Particles to device
Fra:1 Mem:47.18M (Peak 51.44M) | Time:00:00.01 | Mem:24.00M, Peak:24.00M | Scene, ViewLayer | Updating Meshes
Fra:1 Mem:47.19M (Peak 51.44M) | Time:00:00.01 | Mem:24.00M, Peak:24.00M | Scene, ViewLayer | Updating Mesh | Computing attributes
Fra:1 Mem:47.20M (Peak 51.44M) | Time:00:00.01 | Mem:24.00M, Peak:24.00M | Scene, ViewLayer | Updating Mesh | Copying Attributes to device
Fra:1 Mem:47.20M (Peak 51.44M) | Time:00:00.01 | Mem:24.02M, Peak:24.02M | Scene, ViewLayer | Updating Scene BVH | Building
Fra:1 Mem:47.20M (Peak 51.44M) | Time:00:00.01 | Mem:24.02M, Peak:24.02M | Scene, ViewLayer | Updating Scene BVH | Building BVH
Fra:1 Mem:47.20M (Peak 51.44M) | Time:00:00.01 | Mem:24.02M, Peak:24.02M | Scene, ViewLayer | Updating Scene BVH | Building BVH 0%
Fra:1 Mem:47.20M (Peak 51.44M) | Time:00:00.01 | Mem:24.03M, Peak:24.04M | Scene, ViewLayer | Updating Scene BVH | Copying BVH to device
Fra:1 Mem:47.20M (Peak 51.44M) | Time:00:00.01 | Mem:24.03M, Peak:24.04M | Scene, ViewLayer | Updating Mesh | Computing normals
Fra:1 Mem:47.20M (Peak 51.44M) | Time:00:00.01 | Mem:24.03M, Peak:24.04M | Scene, ViewLayer | Updating Mesh | Copying Mesh to device
Fra:1 Mem:47.20M (Peak 51.44M) | Time:00:00.01 | Mem:24.04M, Peak:24.04M | Scene, ViewLayer | Updating Objects Flags
Fra:1 Mem:47.20M (Peak 51.44M) | Time:00:00.01 | Mem:24.04M, Peak:24.04M | Scene, ViewLayer | Updating Primitive Offsets
Fra:1 Mem:47.20M (Peak 51.44M) | Time:00:00.01 | Mem:24.04M, Peak:24.04M | Scene, ViewLayer | Updating Images
Fra:1 Mem:47.20M (Peak 51.44M) | Time:00:00.01 | Mem:24.04M, Peak:24.04M | Scene, ViewLayer | Updating Camera Volume
Fra:1 Mem:47.20M (Peak 51.44M) | Time:00:00.01 | Mem:24.04M, Peak:24.04M | Scene, ViewLayer | Updating Lookup Tables
Fra:1 Mem:47.20M (Peak 51.44M) | Time:00:00.01 | Mem:24.12M, Peak:24.12M | Scene, ViewLayer | Updating Lights
Fra:1 Mem:47.20M (Peak 51.44M) | Time:00:00.01 | Mem:24.12M, Peak:24.12M | Scene, ViewLayer | Updating Lights | Computing tree
Fra:1 Mem:47.21M (Peak 51.44M) | Time:00:00.01 | Mem:24.12M, Peak:24.12M | Scene, ViewLayer | Updating Integrator
Fra:1 Mem:47.21M (Peak 51.44M) | Time:00:00.01 | Mem:24.12M, Peak:24.12M | Scene, ViewLayer | Updating Film
Fra:1 Mem:47.21M (Peak 51.44M) | Time:00:00.01 | Mem:24.04M, Peak:24.12M | Scene, ViewLayer | Updating Lookup Tables
Fra:1 Mem:47.21M (Peak 51.44M) | Time:00:00.01 | Mem:24.12M, Peak:24.12M | Scene, ViewLayer | Updating Baking
Fra:1 Mem:47.21M (Peak 51.44M) | Time:00:00.01 | Mem:24.12M, Peak:24.12M | Scene, ViewLayer | Updating Device | Writing constant memory
Fra:1 Mem:47.21M (Peak 51.44M) | Time:00:00.01 | Mem:24.12M, Peak:24.12M | Scene, ViewLayer | Loading denoising kernels (may take a few minutes the first time)
Fra:1 Mem:47.21M (Peak 51.44M) | Time:00:00.01 | Mem:24.12M, Peak:24.12M | Scene, ViewLayer | Sample 0/12
Fra:1 Mem:64.54M (Peak 64.54M) | Time:00:00.04 | Remaining:00:00.33 | Mem:41.18M, Peak:41.18M | Scene, ViewLayer | Sample 1/12
Fra:1 Mem:71.72M (Peak 82.49M) | Time:00:00.78 | Mem:41.18M, Peak:41.18M | Scene, ViewLayer | Sample 12/12
Fra:1 Mem:71.72M (Peak 82.49M) | Time:00:00.78 | Mem:41.18M, Peak:41.18M | Scene, ViewLayer | Finished
Saved: 'E:\Games_Develop\Little-Castle_Assets_cliffkit\Source\Environment\CliffKit\v001\QA\Cliff_End_Left_LOD2.png'
Time: 00:00.80 (Saving: 00:00.01)

Fra:1 Mem:23.40M (Peak 23.40M) | Time:00:00.00 | Mem:0.00M, Peak:0.00M | Scene, ViewLayer | Synchronizing object | Cliff_End_Left_LOD0
Fra:1 Mem:23.40M (Peak 23.40M) | Time:00:00.00 | Mem:0.00M, Peak:0.00M | Scene, ViewLayer | Synchronizing object | Plane
Fra:1 Mem:23.51M (Peak 23.51M) | Time:00:00.00 | Mem:0.00M, Peak:0.00M | Scene, ViewLayer | Initializing
Fra:1 Mem:23.50M (Peak 23.51M) | Time:00:00.00 | Mem:0.00M, Peak:0.00M | Scene, ViewLayer | Updating Images | Loading Normal_OpenGL.png.002
Fra:1 Mem:23.50M (Peak 23.51M) | Time:00:00.00 | Mem:0.00M, Peak:0.00M | Scene, ViewLayer | Updating Images | Loading Roughness.png.002
Fra:1 Mem:47.19M (Peak 55.53M) | Time:00:00.01 | Mem:24.00M, Peak:24.00M | Scene, ViewLayer | Waiting for render to start
Fra:1 Mem:47.19M (Peak 55.53M) | Time:00:00.01 | Mem:24.00M, Peak:24.00M | Scene, ViewLayer | Loading render kernels (may take a few minutes the first time)
Fra:1 Mem:47.19M (Peak 55.53M) | Time:00:00.01 | Mem:24.00M, Peak:24.00M | Scene, ViewLayer | Updating Scene
Fra:1 Mem:47.19M (Peak 55.53M) | Time:00:00.01 | Mem:24.00M, Peak:24.00M | Scene, ViewLayer | Updating Shaders
Fra:1 Mem:47.27M (Peak 55.53M) | Time:00:00.01 | Mem:24.00M, Peak:24.00M | Scene, ViewLayer | Updating Procedurals
Fra:1 Mem:47.27M (Peak 55.53M) | Time:00:00.01 | Mem:24.00M, Peak:24.00M | Scene, ViewLayer | Updating Background
Fra:1 Mem:47.27M (Peak 55.53M) | Time:00:00.01 | Mem:24.00M, Peak:24.00M | Scene, ViewLayer | Updating Camera
Fra:1 Mem:47.27M (Peak 55.53M) | Time:00:00.01 | Mem:24.00M, Peak:24.00M | Scene, ViewLayer | Updating Meshes Flags
Fra:1 Mem:47.27M (Peak 55.53M) | Time:00:00.01 | Mem:24.00M, Peak:24.00M | Scene, ViewLayer | Updating Objects
Fra:1 Mem:47.27M (Peak 55.53M) | Time:00:00.01 | Mem:24.00M, Peak:24.00M | Scene, ViewLayer | Updating Objects | Copying Transformations to device
Fra:1 Mem:47.27M (Peak 55.53M) | Time:00:00.01 | Mem:24.00M, Peak:24.00M | Scene, ViewLayer | Updating Objects | Applying Static Transformations
Fra:1 Mem:47.27M (Peak 55.53M) | Time:00:00.01 | Mem:24.00M, Peak:24.00M | Scene, ViewLayer | Updating Particle Systems
Fra:1 Mem:47.27M (Peak 55.53M) | Time:00:00.01 | Mem:24.00M, Peak:24.00M | Scene, ViewLayer | Updating Particle Systems | Copying Particles to device
Fra:1 Mem:47.27M (Peak 55.53M) | Time:00:00.01 | Mem:24.00M, Peak:24.00M | Scene, ViewLayer | Updating Meshes
Fra:1 Mem:47.29M (Peak 55.53M) | Time:00:00.01 | Mem:24.00M, Peak:24.00M | Scene, ViewLayer | Updating Mesh | Computing attributes
Fra:1 Mem:47.36M (Peak 55.53M) | Time:00:00.01 | Mem:24.00M, Peak:24.00M | Scene, ViewLayer | Updating Mesh | Copying Attributes to device
Fra:1 Mem:47.36M (Peak 55.53M) | Time:00:00.01 | Mem:24.07M, Peak:24.07M | Scene, ViewLayer | Updating Scene BVH | Building
Fra:1 Mem:47.36M (Peak 55.53M) | Time:00:00.01 | Mem:24.07M, Peak:24.07M | Scene, ViewLayer | Updating Scene BVH | Building BVH
Fra:1 Mem:47.36M (Peak 55.53M) | Time:00:00.01 | Mem:24.10M, Peak:24.10M | Scene, ViewLayer | Updating Scene BVH | Building BVH 0%
Fra:1 Mem:47.36M (Peak 55.53M) | Time:00:00.01 | Mem:24.14M, Peak:24.16M | Scene, ViewLayer | Updating Scene BVH | Copying BVH to device
Fra:1 Mem:47.36M (Peak 55.53M) | Time:00:00.01 | Mem:24.14M, Peak:24.16M | Scene, ViewLayer | Updating Mesh | Computing normals
Fra:1 Mem:47.39M (Peak 55.53M) | Time:00:00.01 | Mem:24.14M, Peak:24.16M | Scene, ViewLayer | Updating Mesh | Copying Mesh to device
Fra:1 Mem:47.39M (Peak 55.53M) | Time:00:00.01 | Mem:24.17M, Peak:24.17M | Scene, ViewLayer | Updating Objects Flags
Fra:1 Mem:47.39M (Peak 55.53M) | Time:00:00.01 | Mem:24.17M, Peak:24.17M | Scene, ViewLayer | Updating Primitive Offsets
Fra:1 Mem:47.39M (Peak 55.53M) | Time:00:00.01 | Mem:24.17M, Peak:24.17M | Scene, ViewLayer | Updating Images
Fra:1 Mem:47.39M (Peak 55.53M) | Time:00:00.01 | Mem:24.17M, Peak:24.17M | Scene, ViewLayer | Updating Camera Volume
Fra:1 Mem:47.39M (Peak 55.53M) | Time:00:00.01 | Mem:24.17M, Peak:24.17M | Scene, ViewLayer | Updating Lookup Tables
Fra:1 Mem:47.39M (Peak 55.53M) | Time:00:00.01 | Mem:24.25M, Peak:24.25M | Scene, ViewLayer | Updating Lights
Fra:1 Mem:47.39M (Peak 55.53M) | Time:00:00.01 | Mem:24.25M, Peak:24.25M | Scene, ViewLayer | Updating Lights | Computing tree
Fra:1 Mem:47.39M (Peak 55.53M) | Time:00:00.01 | Mem:24.25M, Peak:24.25M | Scene, ViewLayer | Updating Integrator
Fra:1 Mem:47.39M (Peak 55.53M) | Time:00:00.01 | Mem:24.25M, Peak:24.25M | Scene, ViewLayer | Updating Film
Fra:1 Mem:47.39M (Peak 55.53M) | Time:00:00.01 | Mem:24.17M, Peak:24.25M | Scene, ViewLayer | Updating Lookup Tables
Fra:1 Mem:47.39M (Peak 55.53M) | Time:00:00.01 | Mem:24.25M, Peak:24.25M | Scene, ViewLayer | Updating Baking
Fra:1 Mem:47.39M (Peak 55.53M) | Time:00:00.01 | Mem:24.25M, Peak:24.25M | Scene, ViewLayer | Updating Device | Writing constant memory
Fra:1 Mem:47.39M (Peak 55.53M) | Time:00:00.01 | Mem:24.25M, Peak:24.25M | Scene, ViewLayer | Loading denoising kernels (may take a few minutes the first time)
Fra:1 Mem:47.39M (Peak 55.53M) | Time:00:00.01 | Mem:24.25M, Peak:24.25M | Scene, ViewLayer | Sample 0/12
Fra:1 Mem:64.72M (Peak 64.72M) | Time:00:00.04 | Remaining:00:00.36 | Mem:41.31M, Peak:41.31M | Scene, ViewLayer | Sample 1/12
Fra:1 Mem:71.90M (Peak 82.67M) | Time:00:00.79 | Mem:41.31M, Peak:41.31M | Scene, ViewLayer | Sample 12/12
Fra:1 Mem:71.90M (Peak 82.67M) | Time:00:00.79 | Mem:41.31M, Peak:41.31M | Scene, ViewLayer | Finished
Saved: 'E:\Games_Develop\Little-Castle_Assets_cliffkit\Source\Environment\CliffKit\v001\QA\Cliff_End_Left_front.png'
Time: 00:00.81 (Saving: 00:00.01)

Fra:1 Mem:23.40M (Peak 23.40M) | Time:00:00.00 | Mem:0.00M, Peak:0.00M | Scene, ViewLayer | Synchronizing object | Cliff_End_Left_LOD0
Fra:1 Mem:23.40M (Peak 23.40M) | Time:00:00.00 | Mem:0.00M, Peak:0.00M | Scene, ViewLayer | Synchronizing object | Plane
Fra:1 Mem:23.51M (Peak 23.51M) | Time:00:00.00 | Mem:0.00M, Peak:0.00M | Scene, ViewLayer | Initializing
Fra:1 Mem:23.50M (Peak 23.51M) | Time:00:00.00 | Mem:0.00M, Peak:0.00M | Scene, ViewLayer | Updating Images | Loading Normal_OpenGL.png.002
Fra:1 Mem:23.50M (Peak 23.51M) | Time:00:00.00 | Mem:0.00M, Peak:0.00M | Scene, ViewLayer | Updating Images | Loading BaseColor.png
Fra:1 Mem:23.50M (Peak 23.51M) | Time:00:00.00 | Mem:0.00M, Peak:0.00M | Scene, ViewLayer | Updating Images | Loading BaseColor.png.002
Fra:1 Mem:47.19M (Peak 55.53M) | Time:00:00.01 | Mem:24.00M, Peak:24.00M | Scene, ViewLayer | Waiting for render to start
Fra:1 Mem:47.19M (Peak 55.53M) | Time:00:00.01 | Mem:24.00M, Peak:24.00M | Scene, ViewLayer | Loading render kernels (may take a few minutes the first time)
Fra:1 Mem:47.19M (Peak 55.53M) | Time:00:00.01 | Mem:24.00M, Peak:24.00M | Scene, ViewLayer | Updating Scene
Fra:1 Mem:47.19M (Peak 55.53M) | Time:00:00.01 | Mem:24.00M, Peak:24.00M | Scene, ViewLayer | Updating Shaders
Fra:1 Mem:47.27M (Peak 55.53M) | Time:00:00.01 | Mem:24.00M, Peak:24.00M | Scene, ViewLayer | Updating Procedurals
Fra:1 Mem:47.27M (Peak 55.53M) | Time:00:00.01 | Mem:24.00M, Peak:24.00M | Scene, ViewLayer | Updating Background
Fra:1 Mem:47.27M (Peak 55.53M) | Time:00:00.01 | Mem:24.00M, Peak:24.00M | Scene, ViewLayer | Updating Camera
Fra:1 Mem:47.27M (Peak 55.53M) | Time:00:00.01 | Mem:24.00M, Peak:24.00M | Scene, ViewLayer | Updating Meshes Flags
Fra:1 Mem:47.27M (Peak 55.53M) | Time:00:00.01 | Mem:24.00M, Peak:24.00M | Scene, ViewLayer | Updating Objects
Fra:1 Mem:47.27M (Peak 55.53M) | Time:00:00.01 | Mem:24.00M, Peak:24.00M | Scene, ViewLayer | Updating Objects | Copying Transformations to device
Fra:1 Mem:47.27M (Peak 55.53M) | Time:00:00.01 | Mem:24.00M, Peak:24.00M | Scene, ViewLayer | Updating Objects | Applying Static Transformations
Fra:1 Mem:47.27M (Peak 55.53M) | Time:00:00.01 | Mem:24.00M, Peak:24.00M | Scene, ViewLayer | Updating Particle Systems
Fra:1 Mem:47.27M (Peak 55.53M) | Time:00:00.01 | Mem:24.00M, Peak:24.00M | Scene, ViewLayer | Updating Particle Systems | Copying Particles to device
Fra:1 Mem:47.27M (Peak 55.53M) | Time:00:00.01 | Mem:24.00M, Peak:24.00M | Scene, ViewLayer | Updating Meshes
Fra:1 Mem:47.29M (Peak 55.53M) | Time:00:00.01 | Mem:24.00M, Peak:24.00M | Scene, ViewLayer | Updating Mesh | Computing attributes
Fra:1 Mem:47.36M (Peak 55.53M) | Time:00:00.01 | Mem:24.00M, Peak:24.00M | Scene, ViewLayer | Updating Mesh | Copying Attributes to device
Fra:1 Mem:47.36M (Peak 55.53M) | Time:00:00.01 | Mem:24.07M, Peak:24.07M | Scene, ViewLayer | Updating Scene BVH | Building
Fra:1 Mem:47.36M (Peak 55.53M) | Time:00:00.01 | Mem:24.07M, Peak:24.07M | Scene, ViewLayer | Updating Scene BVH | Building BVH
Fra:1 Mem:47.36M (Peak 55.53M) | Time:00:00.01 | Mem:24.10M, Peak:24.10M | Scene, ViewLayer | Updating Scene BVH | Building BVH 0%
Fra:1 Mem:47.36M (Peak 55.53M) | Time:00:00.01 | Mem:24.14M, Peak:24.16M | Scene, ViewLayer | Updating Scene BVH | Copying BVH to device
Fra:1 Mem:47.36M (Peak 55.53M) | Time:00:00.01 | Mem:24.14M, Peak:24.16M | Scene, ViewLayer | Updating Mesh | Computing normals
Fra:1 Mem:47.39M (Peak 55.53M) | Time:00:00.01 | Mem:24.14M, Peak:24.16M | Scene, ViewLayer | Updating Mesh | Copying Mesh to device
Fra:1 Mem:47.39M (Peak 55.53M) | Time:00:00.01 | Mem:24.17M, Peak:24.17M | Scene, ViewLayer | Updating Objects Flags
Fra:1 Mem:47.39M (Peak 55.53M) | Time:00:00.01 | Mem:24.17M, Peak:24.17M | Scene, ViewLayer | Updating Primitive Offsets
Fra:1 Mem:47.39M (Peak 55.53M) | Time:00:00.01 | Mem:24.17M, Peak:24.17M | Scene, ViewLayer | Updating Images
Fra:1 Mem:47.39M (Peak 55.53M) | Time:00:00.01 | Mem:24.17M, Peak:24.17M | Scene, ViewLayer | Updating Camera Volume
Fra:1 Mem:47.39M (Peak 55.53M) | Time:00:00.01 | Mem:24.17M, Peak:24.17M | Scene, ViewLayer | Updating Lookup Tables
Fra:1 Mem:47.39M (Peak 55.53M) | Time:00:00.01 | Mem:24.25M, Peak:24.25M | Scene, ViewLayer | Updating Lights
Fra:1 Mem:47.39M (Peak 55.53M) | Time:00:00.01 | Mem:24.25M, Peak:24.25M | Scene, ViewLayer | Updating Lights | Computing tree
Fra:1 Mem:47.39M (Peak 55.53M) | Time:00:00.01 | Mem:24.25M, Peak:24.25M | Scene, ViewLayer | Updating Integrator
Fra:1 Mem:47.39M (Peak 55.53M) | Time:00:00.01 | Mem:24.25M, Peak:24.25M | Scene, ViewLayer | Updating Film
Fra:1 Mem:47.39M (Peak 55.53M) | Time:00:00.01 | Mem:24.17M, Peak:24.25M | Scene, ViewLayer | Updating Lookup Tables
Fra:1 Mem:47.39M (Peak 55.53M) | Time:00:00.01 | Mem:24.25M, Peak:24.25M | Scene, ViewLayer | Updating Baking
Fra:1 Mem:47.39M (Peak 55.53M) | Time:00:00.01 | Mem:24.25M, Peak:24.25M | Scene, ViewLayer | Updating Device | Writing constant memory
Fra:1 Mem:47.39M (Peak 55.53M) | Time:00:00.01 | Mem:24.25M, Peak:24.25M | Scene, ViewLayer | Loading denoising kernels (may take a few minutes the first time)
Fra:1 Mem:47.39M (Peak 55.53M) | Time:00:00.01 | Mem:24.25M, Peak:24.25M | Scene, ViewLayer | Sample 0/12
Fra:1 Mem:64.72M (Peak 64.72M) | Time:00:00.04 | Remaining:00:00.33 | Mem:41.31M, Peak:41.31M | Scene, ViewLayer | Sample 1/12
Fra:1 Mem:71.90M (Peak 82.67M) | Time:00:00.77 | Mem:41.31M, Peak:41.31M | Scene, ViewLayer | Sample 12/12
Fra:1 Mem:71.90M (Peak 82.67M) | Time:00:00.77 | Mem:41.31M, Peak:41.31M | Scene, ViewLayer | Finished
Saved: 'E:\Games_Develop\Little-Castle_Assets_cliffkit\Source\Environment\CliffKit\v001\QA\Cliff_End_Left_rear.png'
Time: 00:00.79 (Saving: 00:00.01)

Fra:1 Mem:23.40M (Peak 23.40M) | Time:00:00.00 | Mem:0.00M, Peak:0.00M | Scene, ViewLayer | Synchronizing object | Cliff_End_Right_LOD0
Fra:1 Mem:23.40M (Peak 23.40M) | Time:00:00.00 | Mem:0.00M, Peak:0.00M | Scene, ViewLayer | Synchronizing object | Plane
Fra:1 Mem:23.52M (Peak 23.52M) | Time:00:00.00 | Mem:0.00M, Peak:0.00M | Scene, ViewLayer | Initializing
Fra:1 Mem:23.51M (Peak 23.52M) | Time:00:00.00 | Mem:0.00M, Peak:0.00M | Scene, ViewLayer | Updating Images | Loading Normal_OpenGL.png.002
Fra:1 Mem:23.51M (Peak 23.52M) | Time:00:00.00 | Mem:0.00M, Peak:0.00M | Scene, ViewLayer | Updating Images | Loading BaseColor.png
Fra:1 Mem:23.51M (Peak 23.52M) | Time:00:00.00 | Mem:0.00M, Peak:0.00M | Scene, ViewLayer | Updating Images | Loading Roughness.png
Fra:1 Mem:23.51M (Peak 23.52M) | Time:00:00.00 | Mem:0.00M, Peak:0.00M | Scene, ViewLayer | Updating Images | Loading Normal_OpenGL.png
Fra:1 Mem:23.51M (Peak 23.52M) | Time:00:00.00 | Mem:0.00M, Peak:0.00M | Scene, ViewLayer | Updating Images | Loading Roughness.png.002
Fra:1 Mem:47.20M (Peak 55.55M) | Time:00:00.01 | Mem:24.00M, Peak:24.00M | Scene, ViewLayer | Waiting for render to start
Fra:1 Mem:47.20M (Peak 55.55M) | Time:00:00.01 | Mem:24.00M, Peak:24.00M | Scene, ViewLayer | Loading render kernels (may take a few minutes the first time)
Fra:1 Mem:47.20M (Peak 55.55M) | Time:00:00.01 | Mem:24.00M, Peak:24.00M | Scene, ViewLayer | Updating Scene
Fra:1 Mem:47.20M (Peak 55.55M) | Time:00:00.01 | Mem:24.00M, Peak:24.00M | Scene, ViewLayer | Updating Shaders
Fra:1 Mem:47.29M (Peak 55.55M) | Time:00:00.01 | Mem:24.00M, Peak:24.00M | Scene, ViewLayer | Updating Procedurals
Fra:1 Mem:47.29M (Peak 55.55M) | Time:00:00.01 | Mem:24.00M, Peak:24.00M | Scene, ViewLayer | Updating Background
Fra:1 Mem:47.29M (Peak 55.55M) | Time:00:00.01 | Mem:24.00M, Peak:24.00M | Scene, ViewLayer | Updating Camera
Fra:1 Mem:47.29M (Peak 55.55M) | Time:00:00.01 | Mem:24.00M, Peak:24.00M | Scene, ViewLayer | Updating Meshes Flags
Fra:1 Mem:47.29M (Peak 55.55M) | Time:00:00.01 | Mem:24.00M, Peak:24.00M | Scene, ViewLayer | Updating Objects
Fra:1 Mem:47.29M (Peak 55.55M) | Time:00:00.01 | Mem:24.00M, Peak:24.00M | Scene, ViewLayer | Updating Objects | Copying Transformations to device
Fra:1 Mem:47.29M (Peak 55.55M) | Time:00:00.01 | Mem:24.00M, Peak:24.00M | Scene, ViewLayer | Updating Objects | Applying Static Transformations
Fra:1 Mem:47.29M (Peak 55.55M) | Time:00:00.01 | Mem:24.00M, Peak:24.00M | Scene, ViewLayer | Updating Particle Systems
Fra:1 Mem:47.29M (Peak 55.55M) | Time:00:00.01 | Mem:24.00M, Peak:24.00M | Scene, ViewLayer | Updating Particle Systems | Copying Particles to device
Fra:1 Mem:47.29M (Peak 55.55M) | Time:00:00.01 | Mem:24.00M, Peak:24.00M | Scene, ViewLayer | Updating Meshes
Fra:1 Mem:47.30M (Peak 55.55M) | Time:00:00.01 | Mem:24.00M, Peak:24.00M | Scene, ViewLayer | Updating Mesh | Computing attributes
Fra:1 Mem:47.37M (Peak 55.55M) | Time:00:00.01 | Mem:24.00M, Peak:24.00M | Scene, ViewLayer | Updating Mesh | Copying Attributes to device
Fra:1 Mem:47.37M (Peak 55.55M) | Time:00:00.01 | Mem:24.07M, Peak:24.07M | Scene, ViewLayer | Updating Scene BVH | Building
Fra:1 Mem:47.37M (Peak 55.55M) | Time:00:00.01 | Mem:24.07M, Peak:24.07M | Scene, ViewLayer | Updating Scene BVH | Building BVH
Fra:1 Mem:47.37M (Peak 55.55M) | Time:00:00.01 | Mem:24.10M, Peak:24.10M | Scene, ViewLayer | Updating Scene BVH | Building BVH 0%
Fra:1 Mem:47.37M (Peak 55.55M) | Time:00:00.01 | Mem:24.14M, Peak:24.16M | Scene, ViewLayer | Updating Scene BVH | Copying BVH to device
Fra:1 Mem:47.37M (Peak 55.55M) | Time:00:00.01 | Mem:24.14M, Peak:24.16M | Scene, ViewLayer | Updating Mesh | Computing normals
Fra:1 Mem:47.40M (Peak 55.55M) | Time:00:00.01 | Mem:24.14M, Peak:24.16M | Scene, ViewLayer | Updating Mesh | Copying Mesh to device
Fra:1 Mem:47.40M (Peak 55.55M) | Time:00:00.01 | Mem:24.17M, Peak:24.17M | Scene, ViewLayer | Updating Objects Flags
Fra:1 Mem:47.40M (Peak 55.55M) | Time:00:00.01 | Mem:24.17M, Peak:24.17M | Scene, ViewLayer | Updating Primitive Offsets
Fra:1 Mem:47.40M (Peak 55.55M) | Time:00:00.01 | Mem:24.17M, Peak:24.17M | Scene, ViewLayer | Updating Images
Fra:1 Mem:47.40M (Peak 55.55M) | Time:00:00.01 | Mem:24.17M, Peak:24.17M | Scene, ViewLayer | Updating Camera Volume
Fra:1 Mem:47.40M (Peak 55.55M) | Time:00:00.01 | Mem:24.17M, Peak:24.17M | Scene, ViewLayer | Updating Lookup Tables
Fra:1 Mem:47.40M (Peak 55.55M) | Time:00:00.01 | Mem:24.25M, Peak:24.25M | Scene, ViewLayer | Updating Lights
Fra:1 Mem:47.40M (Peak 55.55M) | Time:00:00.01 | Mem:24.25M, Peak:24.25M | Scene, ViewLayer | Updating Lights | Computing tree
Fra:1 Mem:47.40M (Peak 55.55M) | Time:00:00.01 | Mem:24.25M, Peak:24.25M | Scene, ViewLayer | Updating Integrator
Fra:1 Mem:47.40M (Peak 55.55M) | Time:00:00.01 | Mem:24.25M, Peak:24.25M | Scene, ViewLayer | Updating Film
Fra:1 Mem:47.41M (Peak 55.55M) | Time:00:00.01 | Mem:24.17M, Peak:24.25M | Scene, ViewLayer | Updating Lookup Tables
Fra:1 Mem:47.41M (Peak 55.55M) | Time:00:00.01 | Mem:24.25M, Peak:24.25M | Scene, ViewLayer | Updating Baking
Fra:1 Mem:47.41M (Peak 55.55M) | Time:00:00.01 | Mem:24.25M, Peak:24.25M | Scene, ViewLayer | Updating Device | Writing constant memory
Fra:1 Mem:47.41M (Peak 55.55M) | Time:00:00.01 | Mem:24.25M, Peak:24.25M | Scene, ViewLayer | Loading denoising kernels (may take a few minutes the first time)
Fra:1 Mem:47.41M (Peak 55.55M) | Time:00:00.01 | Mem:24.25M, Peak:24.25M | Scene, ViewLayer | Sample 0/12
Fra:1 Mem:64.73M (Peak 64.73M) | Time:00:00.04 | Remaining:00:00.34 | Mem:41.31M, Peak:41.31M | Scene, ViewLayer | Sample 1/12
Fra:1 Mem:71.91M (Peak 82.68M) | Time:00:00.80 | Mem:41.31M, Peak:41.31M | Scene, ViewLayer | Sample 12/12
Fra:1 Mem:71.91M (Peak 82.68M) | Time:00:00.80 | Mem:41.31M, Peak:41.31M | Scene, ViewLayer | Finished
Saved: 'E:\Games_Develop\Little-Castle_Assets_cliffkit\Source\Environment\CliffKit\v001\QA\Cliff_End_Right_LOD0.png'
Time: 00:00.82 (Saving: 00:00.01)

Fra:1 Mem:23.41M (Peak 23.41M) | Time:00:00.00 | Mem:0.00M, Peak:0.00M | Scene, ViewLayer | Synchronizing object | Cliff_End_Right_LOD1
Fra:1 Mem:23.41M (Peak 23.41M) | Time:00:00.00 | Mem:0.00M, Peak:0.00M | Scene, ViewLayer | Synchronizing object | Plane
Fra:1 Mem:23.45M (Peak 23.45M) | Time:00:00.00 | Mem:0.00M, Peak:0.00M | Scene, ViewLayer | Initializing
Fra:1 Mem:23.44M (Peak 23.45M) | Time:00:00.00 | Mem:0.00M, Peak:0.00M | Scene, ViewLayer | Updating Images | Loading Normal_OpenGL.png.002
Fra:1 Mem:23.44M (Peak 23.45M) | Time:00:00.00 | Mem:0.00M, Peak:0.00M | Scene, ViewLayer | Updating Images | Loading BaseColor.png
Fra:1 Mem:23.44M (Peak 23.45M) | Time:00:00.00 | Mem:0.00M, Peak:0.00M | Scene, ViewLayer | Updating Images | Loading BaseColor.png.002
Fra:1 Mem:47.13M (Peak 55.47M) | Time:00:00.01 | Mem:24.00M, Peak:24.00M | Scene, ViewLayer | Waiting for render to start
Fra:1 Mem:47.13M (Peak 55.47M) | Time:00:00.01 | Mem:24.00M, Peak:24.00M | Scene, ViewLayer | Loading render kernels (may take a few minutes the first time)
Fra:1 Mem:47.13M (Peak 55.47M) | Time:00:00.01 | Mem:24.00M, Peak:24.00M | Scene, ViewLayer | Updating Scene
Fra:1 Mem:47.13M (Peak 55.47M) | Time:00:00.01 | Mem:24.00M, Peak:24.00M | Scene, ViewLayer | Updating Shaders
Fra:1 Mem:47.21M (Peak 55.47M) | Time:00:00.01 | Mem:24.00M, Peak:24.00M | Scene, ViewLayer | Updating Procedurals
Fra:1 Mem:47.21M (Peak 55.47M) | Time:00:00.01 | Mem:24.00M, Peak:24.00M | Scene, ViewLayer | Updating Background
Fra:1 Mem:47.21M (Peak 55.47M) | Time:00:00.01 | Mem:24.00M, Peak:24.00M | Scene, ViewLayer | Updating Camera
Fra:1 Mem:47.21M (Peak 55.47M) | Time:00:00.01 | Mem:24.00M, Peak:24.00M | Scene, ViewLayer | Updating Meshes Flags
Fra:1 Mem:47.21M (Peak 55.47M) | Time:00:00.01 | Mem:24.00M, Peak:24.00M | Scene, ViewLayer | Updating Objects
Fra:1 Mem:47.21M (Peak 55.47M) | Time:00:00.01 | Mem:24.00M, Peak:24.00M | Scene, ViewLayer | Updating Objects | Copying Transformations to device
Fra:1 Mem:47.21M (Peak 55.47M) | Time:00:00.01 | Mem:24.00M, Peak:24.00M | Scene, ViewLayer | Updating Objects | Applying Static Transformations
Fra:1 Mem:47.21M (Peak 55.47M) | Time:00:00.01 | Mem:24.00M, Peak:24.00M | Scene, ViewLayer | Updating Particle Systems
Fra:1 Mem:47.21M (Peak 55.47M) | Time:00:00.01 | Mem:24.00M, Peak:24.00M | Scene, ViewLayer | Updating Particle Systems | Copying Particles to device
Fra:1 Mem:47.21M (Peak 55.47M) | Time:00:00.01 | Mem:24.00M, Peak:24.00M | Scene, ViewLayer | Updating Meshes
Fra:1 Mem:47.22M (Peak 55.47M) | Time:00:00.01 | Mem:24.00M, Peak:24.00M | Scene, ViewLayer | Updating Mesh | Computing attributes
Fra:1 Mem:47.24M (Peak 55.47M) | Time:00:00.01 | Mem:24.00M, Peak:24.00M | Scene, ViewLayer | Updating Mesh | Copying Attributes to device
Fra:1 Mem:47.24M (Peak 55.47M) | Time:00:00.01 | Mem:24.02M, Peak:24.02M | Scene, ViewLayer | Updating Scene BVH | Building
Fra:1 Mem:47.24M (Peak 55.47M) | Time:00:00.01 | Mem:24.02M, Peak:24.02M | Scene, ViewLayer | Updating Scene BVH | Building BVH
Fra:1 Mem:47.24M (Peak 55.47M) | Time:00:00.01 | Mem:24.03M, Peak:24.03M | Scene, ViewLayer | Updating Scene BVH | Building BVH 0%
Fra:1 Mem:47.24M (Peak 55.47M) | Time:00:00.01 | Mem:24.05M, Peak:24.05M | Scene, ViewLayer | Updating Scene BVH | Copying BVH to device
Fra:1 Mem:47.24M (Peak 55.47M) | Time:00:00.01 | Mem:24.05M, Peak:24.05M | Scene, ViewLayer | Updating Mesh | Computing normals
Fra:1 Mem:47.25M (Peak 55.47M) | Time:00:00.01 | Mem:24.05M, Peak:24.05M | Scene, ViewLayer | Updating Mesh | Copying Mesh to device
Fra:1 Mem:47.25M (Peak 55.47M) | Time:00:00.01 | Mem:24.06M, Peak:24.06M | Scene, ViewLayer | Updating Objects Flags
Fra:1 Mem:47.25M (Peak 55.47M) | Time:00:00.01 | Mem:24.06M, Peak:24.06M | Scene, ViewLayer | Updating Primitive Offsets
Fra:1 Mem:47.25M (Peak 55.47M) | Time:00:00.01 | Mem:24.06M, Peak:24.06M | Scene, ViewLayer | Updating Images
Fra:1 Mem:47.25M (Peak 55.47M) | Time:00:00.01 | Mem:24.06M, Peak:24.06M | Scene, ViewLayer | Updating Camera Volume
Fra:1 Mem:47.25M (Peak 55.47M) | Time:00:00.01 | Mem:24.06M, Peak:24.06M | Scene, ViewLayer | Updating Lookup Tables
Fra:1 Mem:47.25M (Peak 55.47M) | Time:00:00.01 | Mem:24.14M, Peak:24.14M | Scene, ViewLayer | Updating Lights
Fra:1 Mem:47.25M (Peak 55.47M) | Time:00:00.01 | Mem:24.14M, Peak:24.14M | Scene, ViewLayer | Updating Lights | Computing tree
Fra:1 Mem:47.25M (Peak 55.47M) | Time:00:00.01 | Mem:24.14M, Peak:24.14M | Scene, ViewLayer | Updating Integrator
Fra:1 Mem:47.25M (Peak 55.47M) | Time:00:00.01 | Mem:24.14M, Peak:24.14M | Scene, ViewLayer | Updating Film
Fra:1 Mem:47.25M (Peak 55.47M) | Time:00:00.01 | Mem:24.06M, Peak:24.14M | Scene, ViewLayer | Updating Lookup Tables
Fra:1 Mem:47.25M (Peak 55.47M) | Time:00:00.01 | Mem:24.14M, Peak:24.14M | Scene, ViewLayer | Updating Baking
Fra:1 Mem:47.25M (Peak 55.47M) | Time:00:00.01 | Mem:24.14M, Peak:24.14M | Scene, ViewLayer | Updating Device | Writing constant memory
Fra:1 Mem:47.25M (Peak 55.47M) | Time:00:00.01 | Mem:24.14M, Peak:24.14M | Scene, ViewLayer | Loading denoising kernels (may take a few minutes the first time)
Fra:1 Mem:47.25M (Peak 55.47M) | Time:00:00.01 | Mem:24.14M, Peak:24.14M | Scene, ViewLayer | Sample 0/12
Fra:1 Mem:64.58M (Peak 64.58M) | Time:00:00.04 | Remaining:00:00.36 | Mem:41.20M, Peak:41.20M | Scene, ViewLayer | Sample 1/12
Fra:1 Mem:71.76M (Peak 82.53M) | Time:00:00.80 | Mem:41.20M, Peak:41.20M | Scene, ViewLayer | Sample 12/12
Fra:1 Mem:71.76M (Peak 82.53M) | Time:00:00.80 | Mem:41.20M, Peak:41.20M | Scene, ViewLayer | Finished
Saved: 'E:\Games_Develop\Little-Castle_Assets_cliffkit\Source\Environment\CliffKit\v001\QA\Cliff_End_Right_LOD1.png'
Time: 00:00.82 (Saving: 00:00.01)

Fra:1 Mem:23.42M (Peak 23.42M) | Time:00:00.00 | Mem:0.00M, Peak:0.00M | Scene, ViewLayer | Synchronizing object | Cliff_End_Right_LOD2
Fra:1 Mem:23.42M (Peak 23.42M) | Time:00:00.00 | Mem:0.00M, Peak:0.00M | Scene, ViewLayer | Synchronizing object | Plane
Fra:1 Mem:23.44M (Peak 23.44M) | Time:00:00.00 | Mem:0.00M, Peak:0.00M | Scene, ViewLayer | Initializing
Fra:1 Mem:23.43M (Peak 23.44M) | Time:00:00.00 | Mem:0.00M, Peak:0.00M | Scene, ViewLayer | Updating Images | Loading Normal_OpenGL.png.002
Fra:1 Mem:23.43M (Peak 23.44M) | Time:00:00.00 | Mem:0.00M, Peak:0.00M | Scene, ViewLayer | Updating Images | Loading BaseColor.png.002
Fra:1 Mem:47.12M (Peak 55.46M) | Time:00:00.01 | Mem:24.00M, Peak:24.00M | Scene, ViewLayer | Waiting for render to start
Fra:1 Mem:47.12M (Peak 55.46M) | Time:00:00.01 | Mem:24.00M, Peak:24.00M | Scene, ViewLayer | Loading render kernels (may take a few minutes the first time)
Fra:1 Mem:47.12M (Peak 55.46M) | Time:00:00.01 | Mem:24.00M, Peak:24.00M | Scene, ViewLayer | Updating Scene
Fra:1 Mem:47.12M (Peak 55.46M) | Time:00:00.01 | Mem:24.00M, Peak:24.00M | Scene, ViewLayer | Updating Shaders
Fra:1 Mem:47.20M (Peak 55.46M) | Time:00:00.01 | Mem:24.00M, Peak:24.00M | Scene, ViewLayer | Updating Procedurals
Fra:1 Mem:47.20M (Peak 55.46M) | Time:00:00.01 | Mem:24.00M, Peak:24.00M | Scene, ViewLayer | Updating Background
Fra:1 Mem:47.20M (Peak 55.46M) | Time:00:00.01 | Mem:24.00M, Peak:24.00M | Scene, ViewLayer | Updating Camera
Fra:1 Mem:47.20M (Peak 55.46M) | Time:00:00.01 | Mem:24.00M, Peak:24.00M | Scene, ViewLayer | Updating Meshes Flags
Fra:1 Mem:47.20M (Peak 55.46M) | Time:00:00.01 | Mem:24.00M, Peak:24.00M | Scene, ViewLayer | Updating Objects
Fra:1 Mem:47.20M (Peak 55.46M) | Time:00:00.01 | Mem:24.00M, Peak:24.00M | Scene, ViewLayer | Updating Objects | Copying Transformations to device
Fra:1 Mem:47.20M (Peak 55.46M) | Time:00:00.01 | Mem:24.00M, Peak:24.00M | Scene, ViewLayer | Updating Objects | Applying Static Transformations
Fra:1 Mem:47.20M (Peak 55.46M) | Time:00:00.01 | Mem:24.00M, Peak:24.00M | Scene, ViewLayer | Updating Particle Systems
Fra:1 Mem:47.20M (Peak 55.46M) | Time:00:00.01 | Mem:24.00M, Peak:24.00M | Scene, ViewLayer | Updating Particle Systems | Copying Particles to device
Fra:1 Mem:47.20M (Peak 55.46M) | Time:00:00.01 | Mem:24.00M, Peak:24.00M | Scene, ViewLayer | Updating Meshes
Fra:1 Mem:47.21M (Peak 55.46M) | Time:00:00.01 | Mem:24.00M, Peak:24.00M | Scene, ViewLayer | Updating Mesh | Computing attributes
Fra:1 Mem:47.22M (Peak 55.46M) | Time:00:00.01 | Mem:24.00M, Peak:24.00M | Scene, ViewLayer | Updating Mesh | Copying Attributes to device
Fra:1 Mem:47.22M (Peak 55.46M) | Time:00:00.01 | Mem:24.02M, Peak:24.02M | Scene, ViewLayer | Updating Scene BVH | Building
Fra:1 Mem:47.22M (Peak 55.46M) | Time:00:00.01 | Mem:24.02M, Peak:24.02M | Scene, ViewLayer | Updating Scene BVH | Building BVH
Fra:1 Mem:47.22M (Peak 55.46M) | Time:00:00.01 | Mem:24.02M, Peak:24.02M | Scene, ViewLayer | Updating Scene BVH | Building BVH 0%
Fra:1 Mem:47.22M (Peak 55.46M) | Time:00:00.01 | Mem:24.03M, Peak:24.04M | Scene, ViewLayer | Updating Scene BVH | Copying BVH to device
Fra:1 Mem:47.22M (Peak 55.46M) | Time:00:00.01 | Mem:24.03M, Peak:24.04M | Scene, ViewLayer | Updating Mesh | Computing normals
Fra:1 Mem:47.23M (Peak 55.46M) | Time:00:00.01 | Mem:24.03M, Peak:24.04M | Scene, ViewLayer | Updating Mesh | Copying Mesh to device
Fra:1 Mem:47.23M (Peak 55.46M) | Time:00:00.01 | Mem:24.04M, Peak:24.04M | Scene, ViewLayer | Updating Objects Flags
Fra:1 Mem:47.23M (Peak 55.46M) | Time:00:00.01 | Mem:24.04M, Peak:24.04M | Scene, ViewLayer | Updating Primitive Offsets
Fra:1 Mem:47.23M (Peak 55.46M) | Time:00:00.01 | Mem:24.04M, Peak:24.04M | Scene, ViewLayer | Updating Images
Fra:1 Mem:47.23M (Peak 55.46M) | Time:00:00.01 | Mem:24.04M, Peak:24.04M | Scene, ViewLayer | Updating Camera Volume
Fra:1 Mem:47.23M (Peak 55.46M) | Time:00:00.01 | Mem:24.04M, Peak:24.04M | Scene, ViewLayer | Updating Lookup Tables
Fra:1 Mem:47.23M (Peak 55.46M) | Time:00:00.01 | Mem:24.12M, Peak:24.12M | Scene, ViewLayer | Updating Lights
Fra:1 Mem:47.23M (Peak 55.46M) | Time:00:00.01 | Mem:24.12M, Peak:24.12M | Scene, ViewLayer | Updating Lights | Computing tree
Fra:1 Mem:47.23M (Peak 55.46M) | Time:00:00.01 | Mem:24.12M, Peak:24.12M | Scene, ViewLayer | Updating Integrator
Fra:1 Mem:47.23M (Peak 55.46M) | Time:00:00.01 | Mem:24.12M, Peak:24.12M | Scene, ViewLayer | Updating Film
Fra:1 Mem:47.23M (Peak 55.46M) | Time:00:00.01 | Mem:24.04M, Peak:24.12M | Scene, ViewLayer | Updating Lookup Tables
Fra:1 Mem:47.23M (Peak 55.46M) | Time:00:00.01 | Mem:24.12M, Peak:24.12M | Scene, ViewLayer | Updating Baking
Fra:1 Mem:47.23M (Peak 55.46M) | Time:00:00.01 | Mem:24.12M, Peak:24.12M | Scene, ViewLayer | Updating Device | Writing constant memory
Fra:1 Mem:47.23M (Peak 55.46M) | Time:00:00.01 | Mem:24.12M, Peak:24.12M | Scene, ViewLayer | Loading denoising kernels (may take a few minutes the first time)
Fra:1 Mem:47.23M (Peak 55.46M) | Time:00:00.01 | Mem:24.12M, Peak:24.12M | Scene, ViewLayer | Sample 0/12
Fra:1 Mem:64.56M (Peak 64.56M) | Time:00:00.04 | Remaining:00:00.35 | Mem:41.18M, Peak:41.18M | Scene, ViewLayer | Sample 1/12
Fra:1 Mem:71.74M (Peak 82.51M) | Time:00:00.79 | Mem:41.18M, Peak:41.18M | Scene, ViewLayer | Sample 12/12
Fra:1 Mem:71.74M (Peak 82.51M) | Time:00:00.79 | Mem:41.18M, Peak:41.18M | Scene, ViewLayer | Finished
Saved: 'E:\Games_Develop\Little-Castle_Assets_cliffkit\Source\Environment\CliffKit\v001\QA\Cliff_End_Right_LOD2.png'
Time: 00:00.80 (Saving: 00:00.01)

Fra:1 Mem:23.42M (Peak 23.42M) | Time:00:00.00 | Mem:0.00M, Peak:0.00M | Scene, ViewLayer | Synchronizing object | Cliff_End_Right_LOD0
Fra:1 Mem:23.42M (Peak 23.42M) | Time:00:00.00 | Mem:0.00M, Peak:0.00M | Scene, ViewLayer | Synchronizing object | Plane
Fra:1 Mem:23.53M (Peak 23.53M) | Time:00:00.00 | Mem:0.00M, Peak:0.00M | Scene, ViewLayer | Initializing
Fra:1 Mem:23.52M (Peak 23.53M) | Time:00:00.00 | Mem:0.00M, Peak:0.00M | Scene, ViewLayer | Updating Images | Loading Normal_OpenGL.png.002
Fra:1 Mem:23.52M (Peak 23.53M) | Time:00:00.00 | Mem:0.00M, Peak:0.00M | Scene, ViewLayer | Updating Images | Loading BaseColor.png
Fra:1 Mem:23.52M (Peak 23.53M) | Time:00:00.00 | Mem:0.00M, Peak:0.00M | Scene, ViewLayer | Updating Images | Loading BaseColor.png.002
Fra:1 Mem:47.21M (Peak 51.55M) | Time:00:00.01 | Mem:24.00M, Peak:24.00M | Scene, ViewLayer | Waiting for render to start
Fra:1 Mem:47.21M (Peak 51.55M) | Time:00:00.01 | Mem:24.00M, Peak:24.00M | Scene, ViewLayer | Loading render kernels (may take a few minutes the first time)
Fra:1 Mem:47.21M (Peak 51.55M) | Time:00:00.01 | Mem:24.00M, Peak:24.00M | Scene, ViewLayer | Updating Scene
Fra:1 Mem:47.21M (Peak 51.55M) | Time:00:00.01 | Mem:24.00M, Peak:24.00M | Scene, ViewLayer | Updating Shaders
Fra:1 Mem:47.29M (Peak 51.55M) | Time:00:00.01 | Mem:24.00M, Peak:24.00M | Scene, ViewLayer | Updating Procedurals
Fra:1 Mem:47.29M (Peak 51.55M) | Time:00:00.01 | Mem:24.00M, Peak:24.00M | Scene, ViewLayer | Updating Background
Fra:1 Mem:47.29M (Peak 51.55M) | Time:00:00.01 | Mem:24.00M, Peak:24.00M | Scene, ViewLayer | Updating Camera
Fra:1 Mem:47.29M (Peak 51.55M) | Time:00:00.01 | Mem:24.00M, Peak:24.00M | Scene, ViewLayer | Updating Meshes Flags
Fra:1 Mem:47.29M (Peak 51.55M) | Time:00:00.01 | Mem:24.00M, Peak:24.00M | Scene, ViewLayer | Updating Objects
Fra:1 Mem:47.29M (Peak 51.55M) | Time:00:00.01 | Mem:24.00M, Peak:24.00M | Scene, ViewLayer | Updating Objects | Copying Transformations to device
Fra:1 Mem:47.29M (Peak 51.55M) | Time:00:00.01 | Mem:24.00M, Peak:24.00M | Scene, ViewLayer | Updating Objects | Applying Static Transformations
Fra:1 Mem:47.29M (Peak 51.55M) | Time:00:00.01 | Mem:24.00M, Peak:24.00M | Scene, ViewLayer | Updating Particle Systems
Fra:1 Mem:47.29M (Peak 51.55M) | Time:00:00.01 | Mem:24.00M, Peak:24.00M | Scene, ViewLayer | Updating Particle Systems | Copying Particles to device
Fra:1 Mem:47.29M (Peak 51.55M) | Time:00:00.01 | Mem:24.00M, Peak:24.00M | Scene, ViewLayer | Updating Meshes
Fra:1 Mem:47.31M (Peak 51.55M) | Time:00:00.01 | Mem:24.00M, Peak:24.00M | Scene, ViewLayer | Updating Mesh | Computing attributes
Fra:1 Mem:47.38M (Peak 51.55M) | Time:00:00.01 | Mem:24.00M, Peak:24.00M | Scene, ViewLayer | Updating Mesh | Copying Attributes to device
Fra:1 Mem:47.38M (Peak 51.55M) | Time:00:00.01 | Mem:24.07M, Peak:24.07M | Scene, ViewLayer | Updating Scene BVH | Building
Fra:1 Mem:47.38M (Peak 51.55M) | Time:00:00.01 | Mem:24.07M, Peak:24.07M | Scene, ViewLayer | Updating Scene BVH | Building BVH
Fra:1 Mem:47.38M (Peak 51.55M) | Time:00:00.01 | Mem:24.10M, Peak:24.10M | Scene, ViewLayer | Updating Scene BVH | Building BVH 0%
Fra:1 Mem:47.38M (Peak 51.55M) | Time:00:00.01 | Mem:24.14M, Peak:24.16M | Scene, ViewLayer | Updating Scene BVH | Copying BVH to device
Fra:1 Mem:47.38M (Peak 51.55M) | Time:00:00.01 | Mem:24.14M, Peak:24.16M | Scene, ViewLayer | Updating Mesh | Computing normals
Fra:1 Mem:47.41M (Peak 51.55M) | Time:00:00.01 | Mem:24.14M, Peak:24.16M | Scene, ViewLayer | Updating Mesh | Copying Mesh to device
Fra:1 Mem:47.41M (Peak 51.55M) | Time:00:00.01 | Mem:24.17M, Peak:24.17M | Scene, ViewLayer | Updating Objects Flags
Fra:1 Mem:47.41M (Peak 51.55M) | Time:00:00.01 | Mem:24.17M, Peak:24.17M | Scene, ViewLayer | Updating Primitive Offsets
Fra:1 Mem:47.41M (Peak 51.55M) | Time:00:00.01 | Mem:24.17M, Peak:24.17M | Scene, ViewLayer | Updating Images
Fra:1 Mem:47.41M (Peak 51.55M) | Time:00:00.01 | Mem:24.17M, Peak:24.17M | Scene, ViewLayer | Updating Camera Volume
Fra:1 Mem:47.41M (Peak 51.55M) | Time:00:00.01 | Mem:24.17M, Peak:24.17M | Scene, ViewLayer | Updating Lookup Tables
Fra:1 Mem:47.41M (Peak 51.55M) | Time:00:00.01 | Mem:24.25M, Peak:24.25M | Scene, ViewLayer | Updating Lights
Fra:1 Mem:47.41M (Peak 51.55M) | Time:00:00.01 | Mem:24.25M, Peak:24.25M | Scene, ViewLayer | Updating Lights | Computing tree
Fra:1 Mem:47.41M (Peak 51.55M) | Time:00:00.01 | Mem:24.25M, Peak:24.25M | Scene, ViewLayer | Updating Integrator
Fra:1 Mem:47.41M (Peak 51.55M) | Time:00:00.01 | Mem:24.25M, Peak:24.25M | Scene, ViewLayer | Updating Film
Fra:1 Mem:47.41M (Peak 51.55M) | Time:00:00.01 | Mem:24.17M, Peak:24.25M | Scene, ViewLayer | Updating Lookup Tables
Fra:1 Mem:47.41M (Peak 51.55M) | Time:00:00.01 | Mem:24.25M, Peak:24.25M | Scene, ViewLayer | Updating Baking
Fra:1 Mem:47.41M (Peak 51.55M) | Time:00:00.01 | Mem:24.25M, Peak:24.25M | Scene, ViewLayer | Updating Device | Writing constant memory
Fra:1 Mem:47.41M (Peak 51.55M) | Time:00:00.01 | Mem:24.25M, Peak:24.25M | Scene, ViewLayer | Loading denoising kernels (may take a few minutes the first time)
Fra:1 Mem:47.41M (Peak 51.55M) | Time:00:00.01 | Mem:24.25M, Peak:24.25M | Scene, ViewLayer | Sample 0/12
Fra:1 Mem:64.74M (Peak 64.74M) | Time:00:00.04 | Remaining:00:00.35 | Mem:41.31M, Peak:41.31M | Scene, ViewLayer | Sample 1/12
Fra:1 Mem:71.92M (Peak 82.69M) | Time:00:00.79 | Mem:41.31M, Peak:41.31M | Scene, ViewLayer | Sample 12/12
Fra:1 Mem:71.92M (Peak 82.69M) | Time:00:00.79 | Mem:41.31M, Peak:41.31M | Scene, ViewLayer | Finished
Saved: 'E:\Games_Develop\Little-Castle_Assets_cliffkit\Source\Environment\CliffKit\v001\QA\Cliff_End_Right_front.png'
Time: 00:00.81 (Saving: 00:00.01)

Fra:1 Mem:23.42M (Peak 23.42M) | Time:00:00.00 | Mem:0.00M, Peak:0.00M | Scene, ViewLayer | Synchronizing object | Cliff_End_Right_LOD0
Fra:1 Mem:23.42M (Peak 23.42M) | Time:00:00.00 | Mem:0.00M, Peak:0.00M | Scene, ViewLayer | Synchronizing object | Plane
Fra:1 Mem:23.53M (Peak 23.53M) | Time:00:00.00 | Mem:0.00M, Peak:0.00M | Scene, ViewLayer | Initializing
Fra:1 Mem:23.52M (Peak 23.53M) | Time:00:00.00 | Mem:0.00M, Peak:0.00M | Scene, ViewLayer | Updating Images | Loading Normal_OpenGL.png.002
Fra:1 Mem:23.52M (Peak 23.53M) | Time:00:00.00 | Mem:0.00M, Peak:0.00M | Scene, ViewLayer | Updating Images | Loading BaseColor.png
Fra:1 Mem:23.52M (Peak 23.53M) | Time:00:00.00 | Mem:0.00M, Peak:0.00M | Scene, ViewLayer | Updating Images | Loading Roughness.png.002
Fra:1 Mem:47.21M (Peak 55.56M) | Time:00:00.01 | Mem:24.00M, Peak:24.00M | Scene, ViewLayer | Waiting for render to start
Fra:1 Mem:47.21M (Peak 55.56M) | Time:00:00.01 | Mem:24.00M, Peak:24.00M | Scene, ViewLayer | Loading render kernels (may take a few minutes the first time)
Fra:1 Mem:47.21M (Peak 55.56M) | Time:00:00.01 | Mem:24.00M, Peak:24.00M | Scene, ViewLayer | Updating Scene
Fra:1 Mem:47.21M (Peak 55.56M) | Time:00:00.01 | Mem:24.00M, Peak:24.00M | Scene, ViewLayer | Updating Shaders
Fra:1 Mem:47.29M (Peak 55.56M) | Time:00:00.01 | Mem:24.00M, Peak:24.00M | Scene, ViewLayer | Updating Procedurals
Fra:1 Mem:47.29M (Peak 55.56M) | Time:00:00.01 | Mem:24.00M, Peak:24.00M | Scene, ViewLayer | Updating Background
Fra:1 Mem:47.29M (Peak 55.56M) | Time:00:00.01 | Mem:24.00M, Peak:24.00M | Scene, ViewLayer | Updating Camera
Fra:1 Mem:47.29M (Peak 55.56M) | Time:00:00.01 | Mem:24.00M, Peak:24.00M | Scene, ViewLayer | Updating Meshes Flags
Fra:1 Mem:47.29M (Peak 55.56M) | Time:00:00.01 | Mem:24.00M, Peak:24.00M | Scene, ViewLayer | Updating Objects
Fra:1 Mem:47.29M (Peak 55.56M) | Time:00:00.01 | Mem:24.00M, Peak:24.00M | Scene, ViewLayer | Updating Objects | Copying Transformations to device
Fra:1 Mem:47.29M (Peak 55.56M) | Time:00:00.01 | Mem:24.00M, Peak:24.00M | Scene, ViewLayer | Updating Objects | Applying Static Transformations
Fra:1 Mem:47.29M (Peak 55.56M) | Time:00:00.01 | Mem:24.00M, Peak:24.00M | Scene, ViewLayer | Updating Particle Systems
Fra:1 Mem:47.29M (Peak 55.56M) | Time:00:00.01 | Mem:24.00M, Peak:24.00M | Scene, ViewLayer | Updating Particle Systems | Copying Particles to device
Fra:1 Mem:47.29M (Peak 55.56M) | Time:00:00.01 | Mem:24.00M, Peak:24.00M | Scene, ViewLayer | Updating Meshes
Fra:1 Mem:47.31M (Peak 55.56M) | Time:00:00.01 | Mem:24.00M, Peak:24.00M | Scene, ViewLayer | Updating Mesh | Computing attributes
Fra:1 Mem:47.38M (Peak 55.56M) | Time:00:00.01 | Mem:24.00M, Peak:24.00M | Scene, ViewLayer | Updating Mesh | Copying Attributes to device
Fra:1 Mem:47.38M (Peak 55.56M) | Time:00:00.01 | Mem:24.07M, Peak:24.07M | Scene, ViewLayer | Updating Scene BVH | Building
Fra:1 Mem:47.38M (Peak 55.56M) | Time:00:00.01 | Mem:24.07M, Peak:24.07M | Scene, ViewLayer | Updating Scene BVH | Building BVH
Fra:1 Mem:47.38M (Peak 55.56M) | Time:00:00.01 | Mem:24.10M, Peak:24.10M | Scene, ViewLayer | Updating Scene BVH | Building BVH 0%
Fra:1 Mem:47.38M (Peak 55.56M) | Time:00:00.01 | Mem:24.14M, Peak:24.16M | Scene, ViewLayer | Updating Scene BVH | Copying BVH to device
Fra:1 Mem:47.38M (Peak 55.56M) | Time:00:00.01 | Mem:24.14M, Peak:24.16M | Scene, ViewLayer | Updating Mesh | Computing normals
Fra:1 Mem:47.41M (Peak 55.56M) | Time:00:00.01 | Mem:24.14M, Peak:24.16M | Scene, ViewLayer | Updating Mesh | Copying Mesh to device
Fra:1 Mem:47.41M (Peak 55.56M) | Time:00:00.01 | Mem:24.17M, Peak:24.17M | Scene, ViewLayer | Updating Objects Flags
Fra:1 Mem:47.41M (Peak 55.56M) | Time:00:00.01 | Mem:24.17M, Peak:24.17M | Scene, ViewLayer | Updating Primitive Offsets
Fra:1 Mem:47.41M (Peak 55.56M) | Time:00:00.01 | Mem:24.17M, Peak:24.17M | Scene, ViewLayer | Updating Images
Fra:1 Mem:47.41M (Peak 55.56M) | Time:00:00.01 | Mem:24.17M, Peak:24.17M | Scene, ViewLayer | Updating Camera Volume
Fra:1 Mem:47.41M (Peak 55.56M) | Time:00:00.01 | Mem:24.17M, Peak:24.17M | Scene, ViewLayer | Updating Lookup Tables
Fra:1 Mem:47.41M (Peak 55.56M) | Time:00:00.01 | Mem:24.25M, Peak:24.25M | Scene, ViewLayer | Updating Lights
Fra:1 Mem:47.41M (Peak 55.56M) | Time:00:00.01 | Mem:24.25M, Peak:24.25M | Scene, ViewLayer | Updating Lights | Computing tree
Fra:1 Mem:47.41M (Peak 55.56M) | Time:00:00.01 | Mem:24.25M, Peak:24.25M | Scene, ViewLayer | Updating Integrator
Fra:1 Mem:47.41M (Peak 55.56M) | Time:00:00.01 | Mem:24.25M, Peak:24.25M | Scene, ViewLayer | Updating Film
Fra:1 Mem:47.41M (Peak 55.56M) | Time:00:00.01 | Mem:24.17M, Peak:24.25M | Scene, ViewLayer | Updating Lookup Tables
Fra:1 Mem:47.41M (Peak 55.56M) | Time:00:00.01 | Mem:24.25M, Peak:24.25M | Scene, ViewLayer | Updating Baking
Fra:1 Mem:47.41M (Peak 55.56M) | Time:00:00.01 | Mem:24.25M, Peak:24.25M | Scene, ViewLayer | Updating Device | Writing constant memory
Fra:1 Mem:47.41M (Peak 55.56M) | Time:00:00.01 | Mem:24.25M, Peak:24.25M | Scene, ViewLayer | Loading denoising kernels (may take a few minutes the first time)
Fra:1 Mem:47.41M (Peak 55.56M) | Time:00:00.01 | Mem:24.25M, Peak:24.25M | Scene, ViewLayer | Sample 0/12
Fra:1 Mem:64.74M (Peak 64.74M) | Time:00:00.04 | Remaining:00:00.33 | Mem:41.31M, Peak:41.31M | Scene, ViewLayer | Sample 1/12
Fra:1 Mem:71.92M (Peak 82.69M) | Time:00:00.78 | Mem:41.31M, Peak:41.31M | Scene, ViewLayer | Sample 12/12
Fra:1 Mem:71.92M (Peak 82.69M) | Time:00:00.78 | Mem:41.31M, Peak:41.31M | Scene, ViewLayer | Finished
Saved: 'E:\Games_Develop\Little-Castle_Assets_cliffkit\Source\Environment\CliffKit\v001\QA\Cliff_End_Right_rear.png'
Time: 00:00.80 (Saving: 00:00.01)

Fra:1 Mem:23.35M (Peak 23.35M) | Time:00:00.00 | Mem:0.00M, Peak:0.00M | Scene, ViewLayer | Synchronizing object | Rock_Outcrop_Large_LOD0
Fra:1 Mem:23.35M (Peak 23.35M) | Time:00:00.00 | Mem:0.00M, Peak:0.00M | Scene, ViewLayer | Synchronizing object | Plane
Fra:1 Mem:23.37M (Peak 23.37M) | Time:00:00.00 | Mem:0.00M, Peak:0.00M | Scene, ViewLayer | Initializing
Fra:1 Mem:23.36M (Peak 23.37M) | Time:00:00.00 | Mem:0.00M, Peak:0.00M | Scene, ViewLayer | Updating Images | Loading Normal_OpenGL.png
Fra:1 Mem:23.36M (Peak 23.37M) | Time:00:00.00 | Mem:0.00M, Peak:0.00M | Scene, ViewLayer | Updating Images | Loading BaseColor.png
Fra:1 Mem:23.36M (Peak 23.37M) | Time:00:00.00 | Mem:0.00M, Peak:0.00M | Scene, ViewLayer | Updating Images | Loading Roughness.png
Fra:1 Mem:35.12M (Peak 39.39M) | Time:00:00.01 | Mem:12.00M, Peak:12.00M | Scene, ViewLayer | Waiting for render to start
Fra:1 Mem:35.13M (Peak 39.39M) | Time:00:00.01 | Mem:12.00M, Peak:12.00M | Scene, ViewLayer | Loading render kernels (may take a few minutes the first time)
Fra:1 Mem:35.13M (Peak 39.39M) | Time:00:00.01 | Mem:12.00M, Peak:12.00M | Scene, ViewLayer | Updating Scene
Fra:1 Mem:35.13M (Peak 39.39M) | Time:00:00.01 | Mem:12.00M, Peak:12.00M | Scene, ViewLayer | Updating Shaders
Fra:1 Mem:35.21M (Peak 39.39M) | Time:00:00.01 | Mem:12.00M, Peak:12.00M | Scene, ViewLayer | Updating Procedurals
Fra:1 Mem:35.21M (Peak 39.39M) | Time:00:00.01 | Mem:12.00M, Peak:12.00M | Scene, ViewLayer | Updating Background
Fra:1 Mem:35.21M (Peak 39.39M) | Time:00:00.01 | Mem:12.00M, Peak:12.00M | Scene, ViewLayer | Updating Camera
Fra:1 Mem:35.21M (Peak 39.39M) | Time:00:00.01 | Mem:12.00M, Peak:12.00M | Scene, ViewLayer | Updating Meshes Flags
Fra:1 Mem:35.21M (Peak 39.39M) | Time:00:00.01 | Mem:12.00M, Peak:12.00M | Scene, ViewLayer | Updating Objects
Fra:1 Mem:35.21M (Peak 39.39M) | Time:00:00.01 | Mem:12.00M, Peak:12.00M | Scene, ViewLayer | Updating Objects | Copying Transformations to device
Fra:1 Mem:35.21M (Peak 39.39M) | Time:00:00.01 | Mem:12.00M, Peak:12.00M | Scene, ViewLayer | Updating Objects | Applying Static Transformations
Fra:1 Mem:35.21M (Peak 39.39M) | Time:00:00.01 | Mem:12.00M, Peak:12.00M | Scene, ViewLayer | Updating Particle Systems
Fra:1 Mem:35.21M (Peak 39.39M) | Time:00:00.01 | Mem:12.00M, Peak:12.00M | Scene, ViewLayer | Updating Particle Systems | Copying Particles to device
Fra:1 Mem:35.21M (Peak 39.39M) | Time:00:00.01 | Mem:12.00M, Peak:12.00M | Scene, ViewLayer | Updating Meshes
Fra:1 Mem:35.21M (Peak 39.39M) | Time:00:00.01 | Mem:12.00M, Peak:12.00M | Scene, ViewLayer | Updating Mesh | Computing attributes
Fra:1 Mem:35.23M (Peak 39.39M) | Time:00:00.01 | Mem:12.00M, Peak:12.00M | Scene, ViewLayer | Updating Mesh | Copying Attributes to device
Fra:1 Mem:35.23M (Peak 39.39M) | Time:00:00.01 | Mem:12.02M, Peak:12.02M | Scene, ViewLayer | Updating Scene BVH | Building
Fra:1 Mem:35.23M (Peak 39.39M) | Time:00:00.01 | Mem:12.02M, Peak:12.02M | Scene, ViewLayer | Updating Scene BVH | Building BVH
Fra:1 Mem:35.23M (Peak 39.39M) | Time:00:00.01 | Mem:12.02M, Peak:12.02M | Scene, ViewLayer | Updating Scene BVH | Building BVH 0%
Fra:1 Mem:35.23M (Peak 39.39M) | Time:00:00.01 | Mem:12.03M, Peak:12.04M | Scene, ViewLayer | Updating Scene BVH | Copying BVH to device
Fra:1 Mem:35.23M (Peak 39.39M) | Time:00:00.01 | Mem:12.03M, Peak:12.04M | Scene, ViewLayer | Updating Mesh | Computing normals
Fra:1 Mem:35.23M (Peak 39.39M) | Time:00:00.01 | Mem:12.03M, Peak:12.04M | Scene, ViewLayer | Updating Mesh | Copying Mesh to device
Fra:1 Mem:35.23M (Peak 39.39M) | Time:00:00.01 | Mem:12.04M, Peak:12.04M | Scene, ViewLayer | Updating Objects Flags
Fra:1 Mem:35.23M (Peak 39.39M) | Time:00:00.01 | Mem:12.04M, Peak:12.04M | Scene, ViewLayer | Updating Primitive Offsets
Fra:1 Mem:35.23M (Peak 39.39M) | Time:00:00.01 | Mem:12.04M, Peak:12.04M | Scene, ViewLayer | Updating Images
Fra:1 Mem:35.23M (Peak 39.39M) | Time:00:00.01 | Mem:12.04M, Peak:12.04M | Scene, ViewLayer | Updating Camera Volume
Fra:1 Mem:35.23M (Peak 39.39M) | Time:00:00.01 | Mem:12.04M, Peak:12.04M | Scene, ViewLayer | Updating Lookup Tables
Fra:1 Mem:35.23M (Peak 39.39M) | Time:00:00.01 | Mem:12.12M, Peak:12.12M | Scene, ViewLayer | Updating Lights
Fra:1 Mem:35.23M (Peak 39.39M) | Time:00:00.01 | Mem:12.12M, Peak:12.12M | Scene, ViewLayer | Updating Lights | Computing tree
Fra:1 Mem:35.23M (Peak 39.39M) | Time:00:00.01 | Mem:12.12M, Peak:12.12M | Scene, ViewLayer | Updating Integrator
Fra:1 Mem:35.23M (Peak 39.39M) | Time:00:00.01 | Mem:12.12M, Peak:12.12M | Scene, ViewLayer | Updating Film
Fra:1 Mem:35.24M (Peak 39.39M) | Time:00:00.01 | Mem:12.04M, Peak:12.12M | Scene, ViewLayer | Updating Lookup Tables
Fra:1 Mem:35.24M (Peak 39.39M) | Time:00:00.01 | Mem:12.13M, Peak:12.13M | Scene, ViewLayer | Updating Baking
Fra:1 Mem:35.24M (Peak 39.39M) | Time:00:00.01 | Mem:12.13M, Peak:12.13M | Scene, ViewLayer | Updating Device | Writing constant memory
Fra:1 Mem:35.24M (Peak 39.39M) | Time:00:00.01 | Mem:12.13M, Peak:12.13M | Scene, ViewLayer | Loading denoising kernels (may take a few minutes the first time)
Fra:1 Mem:35.24M (Peak 39.39M) | Time:00:00.01 | Mem:12.13M, Peak:12.13M | Scene, ViewLayer | Sample 0/12
Fra:1 Mem:52.56M (Peak 52.56M) | Time:00:00.04 | Remaining:00:00.34 | Mem:29.18M, Peak:29.18M | Scene, ViewLayer | Sample 1/12
Fra:1 Mem:59.74M (Peak 70.51M) | Time:00:00.75 | Mem:29.18M, Peak:29.18M | Scene, ViewLayer | Sample 12/12
Fra:1 Mem:59.74M (Peak 70.51M) | Time:00:00.75 | Mem:29.18M, Peak:29.18M | Scene, ViewLayer | Finished
Saved: 'E:\Games_Develop\Little-Castle_Assets_cliffkit\Source\Environment\CliffKit\v001\QA\Rock_Outcrop_Large_LOD0.png'
Time: 00:00.77 (Saving: 00:00.01)

Fra:1 Mem:23.35M (Peak 23.35M) | Time:00:00.00 | Mem:0.00M, Peak:0.00M | Scene, ViewLayer | Synchronizing object | Rock_Outcrop_Large_LOD1
Fra:1 Mem:23.35M (Peak 23.35M) | Time:00:00.00 | Mem:0.00M, Peak:0.00M | Scene, ViewLayer | Synchronizing object | Plane
Fra:1 Mem:23.36M (Peak 23.36M) | Time:00:00.00 | Mem:0.00M, Peak:0.00M | Scene, ViewLayer | Initializing
Fra:1 Mem:23.35M (Peak 23.36M) | Time:00:00.00 | Mem:0.00M, Peak:0.00M | Scene, ViewLayer | Updating Images | Loading Normal_OpenGL.png
Fra:1 Mem:23.35M (Peak 23.36M) | Time:00:00.00 | Mem:0.00M, Peak:0.00M | Scene, ViewLayer | Updating Images | Loading Roughness.png
Fra:1 Mem:35.11M (Peak 39.38M) | Time:00:00.01 | Mem:12.00M, Peak:12.00M | Scene, ViewLayer | Waiting for render to start
Fra:1 Mem:35.12M (Peak 39.38M) | Time:00:00.01 | Mem:12.00M, Peak:12.00M | Scene, ViewLayer | Loading render kernels (may take a few minutes the first time)
Fra:1 Mem:35.12M (Peak 39.38M) | Time:00:00.01 | Mem:12.00M, Peak:12.00M | Scene, ViewLayer | Updating Scene
Fra:1 Mem:35.12M (Peak 39.38M) | Time:00:00.01 | Mem:12.00M, Peak:12.00M | Scene, ViewLayer | Updating Shaders
Fra:1 Mem:35.20M (Peak 39.38M) | Time:00:00.01 | Mem:12.00M, Peak:12.00M | Scene, ViewLayer | Updating Procedurals
Fra:1 Mem:35.20M (Peak 39.38M) | Time:00:00.01 | Mem:12.00M, Peak:12.00M | Scene, ViewLayer | Updating Background
Fra:1 Mem:35.20M (Peak 39.38M) | Time:00:00.01 | Mem:12.00M, Peak:12.00M | Scene, ViewLayer | Updating Camera
Fra:1 Mem:35.20M (Peak 39.38M) | Time:00:00.01 | Mem:12.00M, Peak:12.00M | Scene, ViewLayer | Updating Meshes Flags
Fra:1 Mem:35.20M (Peak 39.38M) | Time:00:00.01 | Mem:12.00M, Peak:12.00M | Scene, ViewLayer | Updating Objects
Fra:1 Mem:35.20M (Peak 39.38M) | Time:00:00.01 | Mem:12.00M, Peak:12.00M | Scene, ViewLayer | Updating Objects | Copying Transformations to device
Fra:1 Mem:35.20M (Peak 39.38M) | Time:00:00.01 | Mem:12.00M, Peak:12.00M | Scene, ViewLayer | Updating Objects | Applying Static Transformations
Fra:1 Mem:35.20M (Peak 39.38M) | Time:00:00.01 | Mem:12.00M, Peak:12.00M | Scene, ViewLayer | Updating Particle Systems
Fra:1 Mem:35.20M (Peak 39.38M) | Time:00:00.01 | Mem:12.00M, Peak:12.00M | Scene, ViewLayer | Updating Particle Systems | Copying Particles to device
Fra:1 Mem:35.20M (Peak 39.38M) | Time:00:00.01 | Mem:12.00M, Peak:12.00M | Scene, ViewLayer | Updating Meshes
Fra:1 Mem:35.20M (Peak 39.38M) | Time:00:00.01 | Mem:12.00M, Peak:12.00M | Scene, ViewLayer | Updating Mesh | Computing attributes
Fra:1 Mem:35.21M (Peak 39.38M) | Time:00:00.01 | Mem:12.00M, Peak:12.00M | Scene, ViewLayer | Updating Mesh | Copying Attributes to device
Fra:1 Mem:35.21M (Peak 39.38M) | Time:00:00.01 | Mem:12.01M, Peak:12.01M | Scene, ViewLayer | Updating Scene BVH | Building
Fra:1 Mem:35.21M (Peak 39.38M) | Time:00:00.01 | Mem:12.01M, Peak:12.01M | Scene, ViewLayer | Updating Scene BVH | Building BVH
Fra:1 Mem:35.21M (Peak 39.38M) | Time:00:00.01 | Mem:12.01M, Peak:12.01M | Scene, ViewLayer | Updating Scene BVH | Building BVH 0%
Fra:1 Mem:35.21M (Peak 39.38M) | Time:00:00.01 | Mem:12.02M, Peak:12.02M | Scene, ViewLayer | Updating Scene BVH | Copying BVH to device
Fra:1 Mem:35.21M (Peak 39.38M) | Time:00:00.01 | Mem:12.02M, Peak:12.02M | Scene, ViewLayer | Updating Mesh | Computing normals
Fra:1 Mem:35.21M (Peak 39.38M) | Time:00:00.01 | Mem:12.02M, Peak:12.02M | Scene, ViewLayer | Updating Mesh | Copying Mesh to device
Fra:1 Mem:35.21M (Peak 39.38M) | Time:00:00.01 | Mem:12.02M, Peak:12.02M | Scene, ViewLayer | Updating Objects Flags
Fra:1 Mem:35.21M (Peak 39.38M) | Time:00:00.01 | Mem:12.02M, Peak:12.02M | Scene, ViewLayer | Updating Primitive Offsets
Fra:1 Mem:35.21M (Peak 39.38M) | Time:00:00.01 | Mem:12.02M, Peak:12.02M | Scene, ViewLayer | Updating Images
Fra:1 Mem:35.21M (Peak 39.38M) | Time:00:00.01 | Mem:12.02M, Peak:12.02M | Scene, ViewLayer | Updating Camera Volume
Fra:1 Mem:35.21M (Peak 39.38M) | Time:00:00.01 | Mem:12.02M, Peak:12.02M | Scene, ViewLayer | Updating Lookup Tables
Fra:1 Mem:35.21M (Peak 39.38M) | Time:00:00.01 | Mem:12.10M, Peak:12.10M | Scene, ViewLayer | Updating Lights
Fra:1 Mem:35.21M (Peak 39.38M) | Time:00:00.01 | Mem:12.10M, Peak:12.10M | Scene, ViewLayer | Updating Lights | Computing tree
Fra:1 Mem:35.21M (Peak 39.38M) | Time:00:00.01 | Mem:12.10M, Peak:12.10M | Scene, ViewLayer | Updating Integrator
Fra:1 Mem:35.21M (Peak 39.38M) | Time:00:00.01 | Mem:12.10M, Peak:12.10M | Scene, ViewLayer | Updating Film
Fra:1 Mem:35.22M (Peak 39.38M) | Time:00:00.01 | Mem:12.02M, Peak:12.10M | Scene, ViewLayer | Updating Lookup Tables
Fra:1 Mem:35.22M (Peak 39.38M) | Time:00:00.01 | Mem:12.11M, Peak:12.11M | Scene, ViewLayer | Updating Baking
Fra:1 Mem:35.22M (Peak 39.38M) | Time:00:00.01 | Mem:12.11M, Peak:12.11M | Scene, ViewLayer | Updating Device | Writing constant memory
Fra:1 Mem:35.22M (Peak 39.38M) | Time:00:00.01 | Mem:12.11M, Peak:12.11M | Scene, ViewLayer | Loading denoising kernels (may take a few minutes the first time)
Fra:1 Mem:35.22M (Peak 39.38M) | Time:00:00.01 | Mem:12.11M, Peak:12.11M | Scene, ViewLayer | Sample 0/12
Fra:1 Mem:52.54M (Peak 52.54M) | Time:00:00.04 | Remaining:00:00.33 | Mem:29.17M, Peak:29.17M | Scene, ViewLayer | Sample 1/12
Fra:1 Mem:59.72M (Peak 70.49M) | Time:00:00.74 | Mem:29.17M, Peak:29.17M | Scene, ViewLayer | Sample 12/12
Fra:1 Mem:59.72M (Peak 70.49M) | Time:00:00.74 | Mem:29.17M, Peak:29.17M | Scene, ViewLayer | Finished
Saved: 'E:\Games_Develop\Little-Castle_Assets_cliffkit\Source\Environment\CliffKit\v001\QA\Rock_Outcrop_Large_LOD1.png'
Time: 00:00.76 (Saving: 00:00.01)

Fra:1 Mem:23.35M (Peak 23.35M) | Time:00:00.00 | Mem:0.00M, Peak:0.00M | Scene, ViewLayer | Synchronizing object | Rock_Outcrop_Large_LOD2
Fra:1 Mem:23.35M (Peak 23.35M) | Time:00:00.00 | Mem:0.00M, Peak:0.00M | Scene, ViewLayer | Synchronizing object | Plane
Fra:1 Mem:23.36M (Peak 23.36M) | Time:00:00.00 | Mem:0.00M, Peak:0.00M | Scene, ViewLayer | Initializing
Fra:1 Mem:23.35M (Peak 23.36M) | Time:00:00.00 | Mem:0.00M, Peak:0.00M | Scene, ViewLayer | Updating Images | Loading Normal_OpenGL.png
Fra:1 Mem:23.35M (Peak 23.36M) | Time:00:00.00 | Mem:0.00M, Peak:0.00M | Scene, ViewLayer | Updating Images | Loading Roughness.png
Fra:1 Mem:35.11M (Peak 39.37M) | Time:00:00.01 | Mem:12.00M, Peak:12.00M | Scene, ViewLayer | Waiting for render to start
Fra:1 Mem:35.11M (Peak 39.37M) | Time:00:00.01 | Mem:12.00M, Peak:12.00M | Scene, ViewLayer | Loading render kernels (may take a few minutes the first time)
Fra:1 Mem:35.11M (Peak 39.37M) | Time:00:00.01 | Mem:12.00M, Peak:12.00M | Scene, ViewLayer | Updating Scene
Fra:1 Mem:35.11M (Peak 39.37M) | Time:00:00.01 | Mem:12.00M, Peak:12.00M | Scene, ViewLayer | Updating Shaders
Fra:1 Mem:35.20M (Peak 39.37M) | Time:00:00.01 | Mem:12.00M, Peak:12.00M | Scene, ViewLayer | Updating Procedurals
Fra:1 Mem:35.20M (Peak 39.37M) | Time:00:00.01 | Mem:12.00M, Peak:12.00M | Scene, ViewLayer | Updating Background
Fra:1 Mem:35.20M (Peak 39.37M) | Time:00:00.01 | Mem:12.00M, Peak:12.00M | Scene, ViewLayer | Updating Camera
Fra:1 Mem:35.20M (Peak 39.37M) | Time:00:00.01 | Mem:12.00M, Peak:12.00M | Scene, ViewLayer | Updating Meshes Flags
Fra:1 Mem:35.20M (Peak 39.37M) | Time:00:00.01 | Mem:12.00M, Peak:12.00M | Scene, ViewLayer | Updating Objects
Fra:1 Mem:35.20M (Peak 39.37M) | Time:00:00.01 | Mem:12.00M, Peak:12.00M | Scene, ViewLayer | Updating Objects | Copying Transformations to device
Fra:1 Mem:35.20M (Peak 39.37M) | Time:00:00.01 | Mem:12.00M, Peak:12.00M | Scene, ViewLayer | Updating Objects | Applying Static Transformations
Fra:1 Mem:35.20M (Peak 39.37M) | Time:00:00.01 | Mem:12.00M, Peak:12.00M | Scene, ViewLayer | Updating Particle Systems
Fra:1 Mem:35.20M (Peak 39.37M) | Time:00:00.01 | Mem:12.00M, Peak:12.00M | Scene, ViewLayer | Updating Particle Systems | Copying Particles to device
Fra:1 Mem:35.20M (Peak 39.37M) | Time:00:00.01 | Mem:12.00M, Peak:12.00M | Scene, ViewLayer | Updating Meshes
Fra:1 Mem:35.20M (Peak 39.37M) | Time:00:00.01 | Mem:12.00M, Peak:12.00M | Scene, ViewLayer | Updating Mesh | Computing attributes
Fra:1 Mem:35.20M (Peak 39.37M) | Time:00:00.01 | Mem:12.00M, Peak:12.00M | Scene, ViewLayer | Updating Mesh | Copying Attributes to device
Fra:1 Mem:35.20M (Peak 39.37M) | Time:00:00.01 | Mem:12.01M, Peak:12.01M | Scene, ViewLayer | Updating Scene BVH | Building
Fra:1 Mem:35.20M (Peak 39.37M) | Time:00:00.01 | Mem:12.01M, Peak:12.01M | Scene, ViewLayer | Updating Scene BVH | Building BVH
Fra:1 Mem:35.20M (Peak 39.37M) | Time:00:00.01 | Mem:12.01M, Peak:12.01M | Scene, ViewLayer | Updating Scene BVH | Building BVH 0%
Fra:1 Mem:35.20M (Peak 39.37M) | Time:00:00.01 | Mem:12.01M, Peak:12.01M | Scene, ViewLayer | Updating Scene BVH | Copying BVH to device
Fra:1 Mem:35.20M (Peak 39.37M) | Time:00:00.01 | Mem:12.01M, Peak:12.01M | Scene, ViewLayer | Updating Mesh | Computing normals
Fra:1 Mem:35.20M (Peak 39.37M) | Time:00:00.01 | Mem:12.01M, Peak:12.01M | Scene, ViewLayer | Updating Mesh | Copying Mesh to device
Fra:1 Mem:35.20M (Peak 39.37M) | Time:00:00.01 | Mem:12.02M, Peak:12.02M | Scene, ViewLayer | Updating Objects Flags
Fra:1 Mem:35.20M (Peak 39.37M) | Time:00:00.01 | Mem:12.02M, Peak:12.02M | Scene, ViewLayer | Updating Primitive Offsets
Fra:1 Mem:35.20M (Peak 39.37M) | Time:00:00.01 | Mem:12.02M, Peak:12.02M | Scene, ViewLayer | Updating Images
Fra:1 Mem:35.20M (Peak 39.37M) | Time:00:00.01 | Mem:12.02M, Peak:12.02M | Scene, ViewLayer | Updating Camera Volume
Fra:1 Mem:35.20M (Peak 39.37M) | Time:00:00.01 | Mem:12.02M, Peak:12.02M | Scene, ViewLayer | Updating Lookup Tables
Fra:1 Mem:35.20M (Peak 39.37M) | Time:00:00.01 | Mem:12.10M, Peak:12.10M | Scene, ViewLayer | Updating Lights
Fra:1 Mem:35.20M (Peak 39.37M) | Time:00:00.01 | Mem:12.10M, Peak:12.10M | Scene, ViewLayer | Updating Lights | Computing tree
Fra:1 Mem:35.21M (Peak 39.37M) | Time:00:00.01 | Mem:12.10M, Peak:12.10M | Scene, ViewLayer | Updating Integrator
Fra:1 Mem:35.21M (Peak 39.37M) | Time:00:00.01 | Mem:12.10M, Peak:12.10M | Scene, ViewLayer | Updating Film
Fra:1 Mem:35.21M (Peak 39.37M) | Time:00:00.01 | Mem:12.02M, Peak:12.10M | Scene, ViewLayer | Updating Lookup Tables
Fra:1 Mem:35.21M (Peak 39.37M) | Time:00:00.01 | Mem:12.10M, Peak:12.10M | Scene, ViewLayer | Updating Baking
Fra:1 Mem:35.21M (Peak 39.37M) | Time:00:00.01 | Mem:12.10M, Peak:12.10M | Scene, ViewLayer | Updating Device | Writing constant memory
Fra:1 Mem:35.21M (Peak 39.37M) | Time:00:00.01 | Mem:12.10M, Peak:12.10M | Scene, ViewLayer | Loading denoising kernels (may take a few minutes the first time)
Fra:1 Mem:35.21M (Peak 39.37M) | Time:00:00.01 | Mem:12.10M, Peak:12.10M | Scene, ViewLayer | Sample 0/12
Fra:1 Mem:52.54M (Peak 52.54M) | Time:00:00.04 | Remaining:00:00.31 | Mem:29.16M, Peak:29.16M | Scene, ViewLayer | Sample 1/12
Fra:1 Mem:59.72M (Peak 70.49M) | Time:00:00.76 | Mem:29.16M, Peak:29.16M | Scene, ViewLayer | Sample 12/12
Fra:1 Mem:59.72M (Peak 70.49M) | Time:00:00.76 | Mem:29.16M, Peak:29.16M | Scene, ViewLayer | Finished
Saved: 'E:\Games_Develop\Little-Castle_Assets_cliffkit\Source\Environment\CliffKit\v001\QA\Rock_Outcrop_Large_LOD2.png'
Time: 00:00.78 (Saving: 00:00.01)

Fra:1 Mem:23.35M (Peak 23.35M) | Time:00:00.00 | Mem:0.00M, Peak:0.00M | Scene, ViewLayer | Synchronizing object | Rock_Outcrop_Large_LOD0
Fra:1 Mem:23.35M (Peak 23.35M) | Time:00:00.00 | Mem:0.00M, Peak:0.00M | Scene, ViewLayer | Synchronizing object | Plane
Fra:1 Mem:23.38M (Peak 23.38M) | Time:00:00.00 | Mem:0.00M, Peak:0.00M | Scene, ViewLayer | Initializing
Fra:1 Mem:23.37M (Peak 23.38M) | Time:00:00.00 | Mem:0.00M, Peak:0.00M | Scene, ViewLayer | Updating Images | Loading Normal_OpenGL.png
Fra:1 Mem:23.37M (Peak 23.38M) | Time:00:00.00 | Mem:0.00M, Peak:0.00M | Scene, ViewLayer | Updating Images | Loading BaseColor.png
Fra:1 Mem:23.37M (Peak 23.38M) | Time:00:00.00 | Mem:0.00M, Peak:0.00M | Scene, ViewLayer | Updating Images | Loading Roughness.png
Fra:1 Mem:35.13M (Peak 39.39M) | Time:00:00.01 | Mem:12.00M, Peak:12.00M | Scene, ViewLayer | Waiting for render to start
Fra:1 Mem:35.13M (Peak 39.39M) | Time:00:00.01 | Mem:12.00M, Peak:12.00M | Scene, ViewLayer | Loading render kernels (may take a few minutes the first time)
Fra:1 Mem:35.13M (Peak 39.39M) | Time:00:00.01 | Mem:12.00M, Peak:12.00M | Scene, ViewLayer | Updating Scene
Fra:1 Mem:35.13M (Peak 39.39M) | Time:00:00.01 | Mem:12.00M, Peak:12.00M | Scene, ViewLayer | Updating Shaders
Fra:1 Mem:35.21M (Peak 39.39M) | Time:00:00.01 | Mem:12.00M, Peak:12.00M | Scene, ViewLayer | Updating Procedurals
Fra:1 Mem:35.21M (Peak 39.39M) | Time:00:00.01 | Mem:12.00M, Peak:12.00M | Scene, ViewLayer | Updating Background
Fra:1 Mem:35.21M (Peak 39.39M) | Time:00:00.01 | Mem:12.00M, Peak:12.00M | Scene, ViewLayer | Updating Camera
Fra:1 Mem:35.21M (Peak 39.39M) | Time:00:00.01 | Mem:12.00M, Peak:12.00M | Scene, ViewLayer | Updating Meshes Flags
Fra:1 Mem:35.21M (Peak 39.39M) | Time:00:00.01 | Mem:12.00M, Peak:12.00M | Scene, ViewLayer | Updating Objects
Fra:1 Mem:35.21M (Peak 39.39M) | Time:00:00.01 | Mem:12.00M, Peak:12.00M | Scene, ViewLayer | Updating Objects | Copying Transformations to device
Fra:1 Mem:35.21M (Peak 39.39M) | Time:00:00.01 | Mem:12.00M, Peak:12.00M | Scene, ViewLayer | Updating Objects | Applying Static Transformations
Fra:1 Mem:35.21M (Peak 39.39M) | Time:00:00.01 | Mem:12.00M, Peak:12.00M | Scene, ViewLayer | Updating Particle Systems
Fra:1 Mem:35.21M (Peak 39.39M) | Time:00:00.01 | Mem:12.00M, Peak:12.00M | Scene, ViewLayer | Updating Particle Systems | Copying Particles to device
Fra:1 Mem:35.21M (Peak 39.39M) | Time:00:00.01 | Mem:12.00M, Peak:12.00M | Scene, ViewLayer | Updating Meshes
Fra:1 Mem:35.21M (Peak 39.39M) | Time:00:00.01 | Mem:12.00M, Peak:12.00M | Scene, ViewLayer | Updating Mesh | Computing attributes
Fra:1 Mem:35.23M (Peak 39.39M) | Time:00:00.01 | Mem:12.00M, Peak:12.00M | Scene, ViewLayer | Updating Mesh | Copying Attributes to device
Fra:1 Mem:35.23M (Peak 39.39M) | Time:00:00.01 | Mem:12.02M, Peak:12.02M | Scene, ViewLayer | Updating Scene BVH | Building
Fra:1 Mem:35.23M (Peak 39.39M) | Time:00:00.01 | Mem:12.02M, Peak:12.02M | Scene, ViewLayer | Updating Scene BVH | Building BVH
Fra:1 Mem:35.23M (Peak 39.39M) | Time:00:00.01 | Mem:12.02M, Peak:12.02M | Scene, ViewLayer | Updating Scene BVH | Building BVH 0%
Fra:1 Mem:35.23M (Peak 39.39M) | Time:00:00.01 | Mem:12.03M, Peak:12.04M | Scene, ViewLayer | Updating Scene BVH | Copying BVH to device
Fra:1 Mem:35.23M (Peak 39.39M) | Time:00:00.01 | Mem:12.03M, Peak:12.04M | Scene, ViewLayer | Updating Mesh | Computing normals
Fra:1 Mem:35.24M (Peak 39.39M) | Time:00:00.01 | Mem:12.03M, Peak:12.04M | Scene, ViewLayer | Updating Mesh | Copying Mesh to device
Fra:1 Mem:35.24M (Peak 39.39M) | Time:00:00.01 | Mem:12.04M, Peak:12.04M | Scene, ViewLayer | Updating Objects Flags
Fra:1 Mem:35.24M (Peak 39.39M) | Time:00:00.01 | Mem:12.04M, Peak:12.04M | Scene, ViewLayer | Updating Primitive Offsets
Fra:1 Mem:35.24M (Peak 39.39M) | Time:00:00.01 | Mem:12.04M, Peak:12.04M | Scene, ViewLayer | Updating Images
Fra:1 Mem:35.24M (Peak 39.39M) | Time:00:00.01 | Mem:12.04M, Peak:12.04M | Scene, ViewLayer | Updating Camera Volume
Fra:1 Mem:35.24M (Peak 39.39M) | Time:00:00.01 | Mem:12.04M, Peak:12.04M | Scene, ViewLayer | Updating Lookup Tables
Fra:1 Mem:35.24M (Peak 39.39M) | Time:00:00.01 | Mem:12.12M, Peak:12.12M | Scene, ViewLayer | Updating Lights
Fra:1 Mem:35.24M (Peak 39.39M) | Time:00:00.01 | Mem:12.12M, Peak:12.12M | Scene, ViewLayer | Updating Lights | Computing tree
Fra:1 Mem:35.24M (Peak 39.39M) | Time:00:00.01 | Mem:12.12M, Peak:12.12M | Scene, ViewLayer | Updating Integrator
Fra:1 Mem:35.24M (Peak 39.39M) | Time:00:00.01 | Mem:12.12M, Peak:12.12M | Scene, ViewLayer | Updating Film
Fra:1 Mem:35.24M (Peak 39.39M) | Time:00:00.01 | Mem:12.04M, Peak:12.12M | Scene, ViewLayer | Updating Lookup Tables
Fra:1 Mem:35.24M (Peak 39.39M) | Time:00:00.01 | Mem:12.13M, Peak:12.13M | Scene, ViewLayer | Updating Baking
Fra:1 Mem:35.24M (Peak 39.39M) | Time:00:00.01 | Mem:12.13M, Peak:12.13M | Scene, ViewLayer | Updating Device | Writing constant memory
Fra:1 Mem:35.24M (Peak 39.39M) | Time:00:00.01 | Mem:12.13M, Peak:12.13M | Scene, ViewLayer | Loading denoising kernels (may take a few minutes the first time)
Fra:1 Mem:35.24M (Peak 39.39M) | Time:00:00.01 | Mem:12.13M, Peak:12.13M | Scene, ViewLayer | Sample 0/12
Fra:1 Mem:52.57M (Peak 52.57M) | Time:00:00.04 | Remaining:00:00.30 | Mem:29.18M, Peak:29.18M | Scene, ViewLayer | Sample 1/12
Fra:1 Mem:59.75M (Peak 70.52M) | Time:00:00.76 | Mem:29.18M, Peak:29.18M | Scene, ViewLayer | Sample 12/12
Fra:1 Mem:59.75M (Peak 70.52M) | Time:00:00.76 | Mem:29.18M, Peak:29.18M | Scene, ViewLayer | Finished
Saved: 'E:\Games_Develop\Little-Castle_Assets_cliffkit\Source\Environment\CliffKit\v001\QA\Rock_Outcrop_Large_front.png'
Time: 00:00.78 (Saving: 00:00.01)

Fra:1 Mem:23.35M (Peak 23.35M) | Time:00:00.00 | Mem:0.00M, Peak:0.00M | Scene, ViewLayer | Synchronizing object | Rock_Outcrop_Large_LOD0
Fra:1 Mem:23.35M (Peak 23.35M) | Time:00:00.00 | Mem:0.00M, Peak:0.00M | Scene, ViewLayer | Synchronizing object | Plane
Fra:1 Mem:23.38M (Peak 23.38M) | Time:00:00.00 | Mem:0.00M, Peak:0.00M | Scene, ViewLayer | Initializing
Fra:1 Mem:23.37M (Peak 23.38M) | Time:00:00.00 | Mem:0.00M, Peak:0.00M | Scene, ViewLayer | Updating Images | Loading Normal_OpenGL.png
Fra:1 Mem:23.37M (Peak 23.38M) | Time:00:00.00 | Mem:0.00M, Peak:0.00M | Scene, ViewLayer | Updating Images | Loading BaseColor.png
Fra:1 Mem:23.37M (Peak 23.38M) | Time:00:00.00 | Mem:0.00M, Peak:0.00M | Scene, ViewLayer | Updating Images | Loading Roughness.png
Fra:1 Mem:35.13M (Peak 39.39M) | Time:00:00.01 | Mem:12.00M, Peak:12.00M | Scene, ViewLayer | Waiting for render to start
Fra:1 Mem:35.13M (Peak 39.39M) | Time:00:00.01 | Mem:12.00M, Peak:12.00M | Scene, ViewLayer | Loading render kernels (may take a few minutes the first time)
Fra:1 Mem:35.13M (Peak 39.39M) | Time:00:00.01 | Mem:12.00M, Peak:12.00M | Scene, ViewLayer | Updating Scene
Fra:1 Mem:35.13M (Peak 39.39M) | Time:00:00.01 | Mem:12.00M, Peak:12.00M | Scene, ViewLayer | Updating Shaders
Fra:1 Mem:35.21M (Peak 39.39M) | Time:00:00.01 | Mem:12.00M, Peak:12.00M | Scene, ViewLayer | Updating Procedurals
Fra:1 Mem:35.21M (Peak 39.39M) | Time:00:00.01 | Mem:12.00M, Peak:12.00M | Scene, ViewLayer | Updating Background
Fra:1 Mem:35.21M (Peak 39.39M) | Time:00:00.01 | Mem:12.00M, Peak:12.00M | Scene, ViewLayer | Updating Camera
Fra:1 Mem:35.21M (Peak 39.39M) | Time:00:00.01 | Mem:12.00M, Peak:12.00M | Scene, ViewLayer | Updating Meshes Flags
Fra:1 Mem:35.21M (Peak 39.39M) | Time:00:00.01 | Mem:12.00M, Peak:12.00M | Scene, ViewLayer | Updating Objects
Fra:1 Mem:35.21M (Peak 39.39M) | Time:00:00.01 | Mem:12.00M, Peak:12.00M | Scene, ViewLayer | Updating Objects | Copying Transformations to device
Fra:1 Mem:35.21M (Peak 39.39M) | Time:00:00.01 | Mem:12.00M, Peak:12.00M | Scene, ViewLayer | Updating Objects | Applying Static Transformations
Fra:1 Mem:35.21M (Peak 39.39M) | Time:00:00.01 | Mem:12.00M, Peak:12.00M | Scene, ViewLayer | Updating Particle Systems
Fra:1 Mem:35.21M (Peak 39.39M) | Time:00:00.01 | Mem:12.00M, Peak:12.00M | Scene, ViewLayer | Updating Particle Systems | Copying Particles to device
Fra:1 Mem:35.21M (Peak 39.39M) | Time:00:00.01 | Mem:12.00M, Peak:12.00M | Scene, ViewLayer | Updating Meshes
Fra:1 Mem:35.21M (Peak 39.39M) | Time:00:00.01 | Mem:12.00M, Peak:12.00M | Scene, ViewLayer | Updating Mesh | Computing attributes
Fra:1 Mem:35.23M (Peak 39.39M) | Time:00:00.01 | Mem:12.00M, Peak:12.00M | Scene, ViewLayer | Updating Mesh | Copying Attributes to device
Fra:1 Mem:35.23M (Peak 39.39M) | Time:00:00.01 | Mem:12.02M, Peak:12.02M | Scene, ViewLayer | Updating Scene BVH | Building
Fra:1 Mem:35.23M (Peak 39.39M) | Time:00:00.01 | Mem:12.02M, Peak:12.02M | Scene, ViewLayer | Updating Scene BVH | Building BVH
Fra:1 Mem:35.23M (Peak 39.39M) | Time:00:00.01 | Mem:12.02M, Peak:12.02M | Scene, ViewLayer | Updating Scene BVH | Building BVH 0%
Fra:1 Mem:35.23M (Peak 39.39M) | Time:00:00.01 | Mem:12.03M, Peak:12.04M | Scene, ViewLayer | Updating Scene BVH | Copying BVH to device
Fra:1 Mem:35.23M (Peak 39.39M) | Time:00:00.01 | Mem:12.03M, Peak:12.04M | Scene, ViewLayer | Updating Mesh | Computing normals
Fra:1 Mem:35.24M (Peak 39.39M) | Time:00:00.01 | Mem:12.03M, Peak:12.04M | Scene, ViewLayer | Updating Mesh | Copying Mesh to device
Fra:1 Mem:35.24M (Peak 39.39M) | Time:00:00.01 | Mem:12.04M, Peak:12.04M | Scene, ViewLayer | Updating Objects Flags
Fra:1 Mem:35.24M (Peak 39.39M) | Time:00:00.01 | Mem:12.04M, Peak:12.04M | Scene, ViewLayer | Updating Primitive Offsets
Fra:1 Mem:35.24M (Peak 39.39M) | Time:00:00.01 | Mem:12.04M, Peak:12.04M | Scene, ViewLayer | Updating Images
Fra:1 Mem:35.24M (Peak 39.39M) | Time:00:00.01 | Mem:12.04M, Peak:12.04M | Scene, ViewLayer | Updating Camera Volume
Fra:1 Mem:35.24M (Peak 39.39M) | Time:00:00.01 | Mem:12.04M, Peak:12.04M | Scene, ViewLayer | Updating Lookup Tables
Fra:1 Mem:35.24M (Peak 39.39M) | Time:00:00.01 | Mem:12.12M, Peak:12.12M | Scene, ViewLayer | Updating Lights
Fra:1 Mem:35.24M (Peak 39.39M) | Time:00:00.01 | Mem:12.12M, Peak:12.12M | Scene, ViewLayer | Updating Lights | Computing tree
Fra:1 Mem:35.24M (Peak 39.39M) | Time:00:00.01 | Mem:12.12M, Peak:12.12M | Scene, ViewLayer | Updating Integrator
Fra:1 Mem:35.24M (Peak 39.39M) | Time:00:00.01 | Mem:12.12M, Peak:12.12M | Scene, ViewLayer | Updating Film
Fra:1 Mem:35.24M (Peak 39.39M) | Time:00:00.01 | Mem:12.04M, Peak:12.12M | Scene, ViewLayer | Updating Lookup Tables
Fra:1 Mem:35.24M (Peak 39.39M) | Time:00:00.01 | Mem:12.13M, Peak:12.13M | Scene, ViewLayer | Updating Baking
Fra:1 Mem:35.24M (Peak 39.39M) | Time:00:00.01 | Mem:12.13M, Peak:12.13M | Scene, ViewLayer | Updating Device | Writing constant memory
Fra:1 Mem:35.24M (Peak 39.39M) | Time:00:00.01 | Mem:12.13M, Peak:12.13M | Scene, ViewLayer | Loading denoising kernels (may take a few minutes the first time)
Fra:1 Mem:35.24M (Peak 39.39M) | Time:00:00.01 | Mem:12.13M, Peak:12.13M | Scene, ViewLayer | Sample 0/12
Fra:1 Mem:52.57M (Peak 52.57M) | Time:00:00.04 | Remaining:00:00.30 | Mem:29.18M, Peak:29.18M | Scene, ViewLayer | Sample 1/12
Fra:1 Mem:59.75M (Peak 70.52M) | Time:00:00.78 | Mem:29.18M, Peak:29.18M | Scene, ViewLayer | Sample 12/12
Fra:1 Mem:59.75M (Peak 70.52M) | Time:00:00.78 | Mem:29.18M, Peak:29.18M | Scene, ViewLayer | Finished
Saved: 'E:\Games_Develop\Little-Castle_Assets_cliffkit\Source\Environment\CliffKit\v001\QA\Rock_Outcrop_Large_rear.png'
Time: 00:00.80 (Saving: 00:00.01)

Fra:1 Mem:23.35M (Peak 23.35M) | Time:00:00.00 | Mem:0.00M, Peak:0.00M | Scene, ViewLayer | Synchronizing object | Rock_Outcrop_Medium_LOD0
Fra:1 Mem:23.38M (Peak 23.38M) | Time:00:00.00 | Mem:0.00M, Peak:0.00M | Scene, ViewLayer | Synchronizing object | Plane
Fra:1 Mem:23.38M (Peak 23.38M) | Time:00:00.00 | Mem:0.00M, Peak:0.00M | Scene, ViewLayer | Initializing
Fra:1 Mem:23.37M (Peak 23.38M) | Time:00:00.00 | Mem:0.00M, Peak:0.00M | Scene, ViewLayer | Updating Images | Loading Normal_OpenGL.png
Fra:1 Mem:23.37M (Peak 23.38M) | Time:00:00.00 | Mem:0.00M, Peak:0.00M | Scene, ViewLayer | Updating Images | Loading BaseColor.png
Fra:1 Mem:23.37M (Peak 23.38M) | Time:00:00.00 | Mem:0.00M, Peak:0.00M | Scene, ViewLayer | Updating Images | Loading Roughness.png
Fra:1 Mem:35.13M (Peak 39.39M) | Time:00:00.01 | Mem:12.00M, Peak:12.00M | Scene, ViewLayer | Waiting for render to start
Fra:1 Mem:35.13M (Peak 39.39M) | Time:00:00.01 | Mem:12.00M, Peak:12.00M | Scene, ViewLayer | Loading render kernels (may take a few minutes the first time)
Fra:1 Mem:35.13M (Peak 39.39M) | Time:00:00.01 | Mem:12.00M, Peak:12.00M | Scene, ViewLayer | Updating Scene
Fra:1 Mem:35.13M (Peak 39.39M) | Time:00:00.01 | Mem:12.00M, Peak:12.00M | Scene, ViewLayer | Updating Shaders
Fra:1 Mem:35.21M (Peak 39.39M) | Time:00:00.01 | Mem:12.00M, Peak:12.00M | Scene, ViewLayer | Updating Procedurals
Fra:1 Mem:35.21M (Peak 39.39M) | Time:00:00.01 | Mem:12.00M, Peak:12.00M | Scene, ViewLayer | Updating Background
Fra:1 Mem:35.21M (Peak 39.39M) | Time:00:00.01 | Mem:12.00M, Peak:12.00M | Scene, ViewLayer | Updating Camera
Fra:1 Mem:35.21M (Peak 39.39M) | Time:00:00.01 | Mem:12.00M, Peak:12.00M | Scene, ViewLayer | Updating Meshes Flags
Fra:1 Mem:35.21M (Peak 39.39M) | Time:00:00.01 | Mem:12.00M, Peak:12.00M | Scene, ViewLayer | Updating Objects
Fra:1 Mem:35.21M (Peak 39.39M) | Time:00:00.01 | Mem:12.00M, Peak:12.00M | Scene, ViewLayer | Updating Objects | Copying Transformations to device
Fra:1 Mem:35.21M (Peak 39.39M) | Time:00:00.01 | Mem:12.00M, Peak:12.00M | Scene, ViewLayer | Updating Objects | Applying Static Transformations
Fra:1 Mem:35.21M (Peak 39.39M) | Time:00:00.01 | Mem:12.00M, Peak:12.00M | Scene, ViewLayer | Updating Particle Systems
Fra:1 Mem:35.21M (Peak 39.39M) | Time:00:00.01 | Mem:12.00M, Peak:12.00M | Scene, ViewLayer | Updating Particle Systems | Copying Particles to device
Fra:1 Mem:35.21M (Peak 39.39M) | Time:00:00.01 | Mem:12.00M, Peak:12.00M | Scene, ViewLayer | Updating Meshes
Fra:1 Mem:35.22M (Peak 39.39M) | Time:00:00.01 | Mem:12.00M, Peak:12.00M | Scene, ViewLayer | Updating Mesh | Computing attributes
Fra:1 Mem:35.23M (Peak 39.39M) | Time:00:00.01 | Mem:12.00M, Peak:12.00M | Scene, ViewLayer | Updating Mesh | Copying Attributes to device
Fra:1 Mem:35.23M (Peak 39.39M) | Time:00:00.01 | Mem:12.02M, Peak:12.02M | Scene, ViewLayer | Updating Scene BVH | Building
Fra:1 Mem:35.23M (Peak 39.39M) | Time:00:00.01 | Mem:12.02M, Peak:12.02M | Scene, ViewLayer | Updating Scene BVH | Building BVH
Fra:1 Mem:35.23M (Peak 39.39M) | Time:00:00.01 | Mem:12.02M, Peak:12.02M | Scene, ViewLayer | Updating Scene BVH | Building BVH 0%
Fra:1 Mem:35.23M (Peak 39.39M) | Time:00:00.01 | Mem:12.03M, Peak:12.04M | Scene, ViewLayer | Updating Scene BVH | Copying BVH to device
Fra:1 Mem:35.23M (Peak 39.39M) | Time:00:00.01 | Mem:12.03M, Peak:12.04M | Scene, ViewLayer | Updating Mesh | Computing normals
Fra:1 Mem:35.24M (Peak 39.39M) | Time:00:00.01 | Mem:12.03M, Peak:12.04M | Scene, ViewLayer | Updating Mesh | Copying Mesh to device
Fra:1 Mem:35.24M (Peak 39.39M) | Time:00:00.01 | Mem:12.04M, Peak:12.04M | Scene, ViewLayer | Updating Objects Flags
Fra:1 Mem:35.24M (Peak 39.39M) | Time:00:00.01 | Mem:12.04M, Peak:12.04M | Scene, ViewLayer | Updating Primitive Offsets
Fra:1 Mem:35.24M (Peak 39.39M) | Time:00:00.01 | Mem:12.04M, Peak:12.04M | Scene, ViewLayer | Updating Images
Fra:1 Mem:35.24M (Peak 39.39M) | Time:00:00.01 | Mem:12.04M, Peak:12.04M | Scene, ViewLayer | Updating Camera Volume
Fra:1 Mem:35.24M (Peak 39.39M) | Time:00:00.01 | Mem:12.04M, Peak:12.04M | Scene, ViewLayer | Updating Lookup Tables
Fra:1 Mem:35.24M (Peak 39.39M) | Time:00:00.01 | Mem:12.12M, Peak:12.12M | Scene, ViewLayer | Updating Lights
Fra:1 Mem:35.24M (Peak 39.39M) | Time:00:00.01 | Mem:12.12M, Peak:12.12M | Scene, ViewLayer | Updating Lights | Computing tree
Fra:1 Mem:35.24M (Peak 39.39M) | Time:00:00.01 | Mem:12.12M, Peak:12.12M | Scene, ViewLayer | Updating Integrator
Fra:1 Mem:35.24M (Peak 39.39M) | Time:00:00.01 | Mem:12.12M, Peak:12.12M | Scene, ViewLayer | Updating Film
Fra:1 Mem:35.24M (Peak 39.39M) | Time:00:00.01 | Mem:12.04M, Peak:12.12M | Scene, ViewLayer | Updating Lookup Tables
Fra:1 Mem:35.24M (Peak 39.39M) | Time:00:00.01 | Mem:12.12M, Peak:12.12M | Scene, ViewLayer | Updating Baking
Fra:1 Mem:35.24M (Peak 39.39M) | Time:00:00.01 | Mem:12.12M, Peak:12.12M | Scene, ViewLayer | Updating Device | Writing constant memory
Fra:1 Mem:35.24M (Peak 39.39M) | Time:00:00.01 | Mem:12.12M, Peak:12.12M | Scene, ViewLayer | Loading denoising kernels (may take a few minutes the first time)
Fra:1 Mem:35.24M (Peak 39.39M) | Time:00:00.01 | Mem:12.12M, Peak:12.12M | Scene, ViewLayer | Sample 0/12
Fra:1 Mem:52.57M (Peak 52.57M) | Time:00:00.04 | Remaining:00:00.29 | Mem:29.18M, Peak:29.18M | Scene, ViewLayer | Sample 1/12
Fra:1 Mem:59.75M (Peak 70.52M) | Time:00:00.77 | Mem:29.18M, Peak:29.18M | Scene, ViewLayer | Sample 12/12
Fra:1 Mem:59.75M (Peak 70.52M) | Time:00:00.77 | Mem:29.18M, Peak:29.18M | Scene, ViewLayer | Finished
Saved: 'E:\Games_Develop\Little-Castle_Assets_cliffkit\Source\Environment\CliffKit\v001\QA\Rock_Outcrop_Medium_LOD0.png'
Time: 00:00.78 (Saving: 00:00.01)

Fra:1 Mem:23.36M (Peak 23.36M) | Time:00:00.00 | Mem:0.00M, Peak:0.00M | Scene, ViewLayer | Synchronizing object | Rock_Outcrop_Medium_LOD1
Fra:1 Mem:23.37M (Peak 23.37M) | Time:00:00.00 | Mem:0.00M, Peak:0.00M | Scene, ViewLayer | Synchronizing object | Plane
Fra:1 Mem:23.37M (Peak 23.37M) | Time:00:00.00 | Mem:0.00M, Peak:0.00M | Scene, ViewLayer | Initializing
Fra:1 Mem:23.36M (Peak 23.37M) | Time:00:00.00 | Mem:0.00M, Peak:0.00M | Scene, ViewLayer | Updating Images | Loading Normal_OpenGL.png
Fra:1 Mem:23.36M (Peak 23.37M) | Time:00:00.00 | Mem:0.00M, Peak:0.00M | Scene, ViewLayer | Updating Images | Loading BaseColor.png
Fra:1 Mem:23.36M (Peak 23.37M) | Time:00:00.00 | Mem:0.00M, Peak:0.00M | Scene, ViewLayer | Updating Images | Loading Roughness.png
Fra:1 Mem:35.12M (Peak 39.38M) | Time:00:00.01 | Mem:12.00M, Peak:12.00M | Scene, ViewLayer | Waiting for render to start
Fra:1 Mem:35.12M (Peak 39.38M) | Time:00:00.01 | Mem:12.00M, Peak:12.00M | Scene, ViewLayer | Loading render kernels (may take a few minutes the first time)
Fra:1 Mem:35.12M (Peak 39.38M) | Time:00:00.01 | Mem:12.00M, Peak:12.00M | Scene, ViewLayer | Updating Scene
Fra:1 Mem:35.12M (Peak 39.38M) | Time:00:00.01 | Mem:12.00M, Peak:12.00M | Scene, ViewLayer | Updating Shaders
Fra:1 Mem:35.20M (Peak 39.38M) | Time:00:00.01 | Mem:12.00M, Peak:12.00M | Scene, ViewLayer | Updating Procedurals
Fra:1 Mem:35.20M (Peak 39.38M) | Time:00:00.01 | Mem:12.00M, Peak:12.00M | Scene, ViewLayer | Updating Background
Fra:1 Mem:35.20M (Peak 39.38M) | Time:00:00.01 | Mem:12.00M, Peak:12.00M | Scene, ViewLayer | Updating Camera
Fra:1 Mem:35.20M (Peak 39.38M) | Time:00:00.01 | Mem:12.00M, Peak:12.00M | Scene, ViewLayer | Updating Meshes Flags
Fra:1 Mem:35.20M (Peak 39.38M) | Time:00:00.01 | Mem:12.00M, Peak:12.00M | Scene, ViewLayer | Updating Objects
Fra:1 Mem:35.20M (Peak 39.38M) | Time:00:00.01 | Mem:12.00M, Peak:12.00M | Scene, ViewLayer | Updating Objects | Copying Transformations to device
Fra:1 Mem:35.20M (Peak 39.38M) | Time:00:00.01 | Mem:12.00M, Peak:12.00M | Scene, ViewLayer | Updating Objects | Applying Static Transformations
Fra:1 Mem:35.20M (Peak 39.38M) | Time:00:00.01 | Mem:12.00M, Peak:12.00M | Scene, ViewLayer | Updating Particle Systems
Fra:1 Mem:35.20M (Peak 39.38M) | Time:00:00.01 | Mem:12.00M, Peak:12.00M | Scene, ViewLayer | Updating Particle Systems | Copying Particles to device
Fra:1 Mem:35.20M (Peak 39.38M) | Time:00:00.01 | Mem:12.00M, Peak:12.00M | Scene, ViewLayer | Updating Meshes
Fra:1 Mem:35.21M (Peak 39.38M) | Time:00:00.01 | Mem:12.00M, Peak:12.00M | Scene, ViewLayer | Updating Mesh | Computing attributes
Fra:1 Mem:35.21M (Peak 39.38M) | Time:00:00.01 | Mem:12.00M, Peak:12.00M | Scene, ViewLayer | Updating Mesh | Copying Attributes to device
Fra:1 Mem:35.21M (Peak 39.38M) | Time:00:00.01 | Mem:12.01M, Peak:12.01M | Scene, ViewLayer | Updating Scene BVH | Building
Fra:1 Mem:35.21M (Peak 39.38M) | Time:00:00.01 | Mem:12.01M, Peak:12.01M | Scene, ViewLayer | Updating Scene BVH | Building BVH
Fra:1 Mem:35.21M (Peak 39.38M) | Time:00:00.01 | Mem:12.01M, Peak:12.01M | Scene, ViewLayer | Updating Scene BVH | Building BVH 0%
Fra:1 Mem:35.21M (Peak 39.38M) | Time:00:00.01 | Mem:12.02M, Peak:12.02M | Scene, ViewLayer | Updating Scene BVH | Copying BVH to device
Fra:1 Mem:35.21M (Peak 39.38M) | Time:00:00.01 | Mem:12.02M, Peak:12.02M | Scene, ViewLayer | Updating Mesh | Computing normals
Fra:1 Mem:35.22M (Peak 39.38M) | Time:00:00.01 | Mem:12.02M, Peak:12.02M | Scene, ViewLayer | Updating Mesh | Copying Mesh to device
Fra:1 Mem:35.22M (Peak 39.38M) | Time:00:00.01 | Mem:12.02M, Peak:12.02M | Scene, ViewLayer | Updating Objects Flags
Fra:1 Mem:35.22M (Peak 39.38M) | Time:00:00.01 | Mem:12.02M, Peak:12.02M | Scene, ViewLayer | Updating Primitive Offsets
Fra:1 Mem:35.22M (Peak 39.38M) | Time:00:00.01 | Mem:12.02M, Peak:12.02M | Scene, ViewLayer | Updating Images
Fra:1 Mem:35.22M (Peak 39.38M) | Time:00:00.01 | Mem:12.02M, Peak:12.02M | Scene, ViewLayer | Updating Camera Volume
Fra:1 Mem:35.22M (Peak 39.38M) | Time:00:00.01 | Mem:12.02M, Peak:12.02M | Scene, ViewLayer | Updating Lookup Tables
Fra:1 Mem:35.22M (Peak 39.38M) | Time:00:00.01 | Mem:12.10M, Peak:12.10M | Scene, ViewLayer | Updating Lights
Fra:1 Mem:35.22M (Peak 39.38M) | Time:00:00.01 | Mem:12.10M, Peak:12.10M | Scene, ViewLayer | Updating Lights | Computing tree
Fra:1 Mem:35.22M (Peak 39.38M) | Time:00:00.01 | Mem:12.10M, Peak:12.10M | Scene, ViewLayer | Updating Integrator
Fra:1 Mem:35.22M (Peak 39.38M) | Time:00:00.01 | Mem:12.10M, Peak:12.10M | Scene, ViewLayer | Updating Film
Fra:1 Mem:35.22M (Peak 39.38M) | Time:00:00.01 | Mem:12.02M, Peak:12.10M | Scene, ViewLayer | Updating Lookup Tables
Fra:1 Mem:35.22M (Peak 39.38M) | Time:00:00.01 | Mem:12.11M, Peak:12.11M | Scene, ViewLayer | Updating Baking
Fra:1 Mem:35.22M (Peak 39.38M) | Time:00:00.01 | Mem:12.11M, Peak:12.11M | Scene, ViewLayer | Updating Device | Writing constant memory
Fra:1 Mem:35.22M (Peak 39.38M) | Time:00:00.01 | Mem:12.11M, Peak:12.11M | Scene, ViewLayer | Loading denoising kernels (may take a few minutes the first time)
Fra:1 Mem:35.22M (Peak 39.38M) | Time:00:00.01 | Mem:12.11M, Peak:12.11M | Scene, ViewLayer | Sample 0/12
Fra:1 Mem:52.55M (Peak 52.55M) | Time:00:00.04 | Remaining:00:00.28 | Mem:29.17M, Peak:29.17M | Scene, ViewLayer | Sample 1/12
Fra:1 Mem:59.73M (Peak 70.50M) | Time:00:00.77 | Mem:29.17M, Peak:29.17M | Scene, ViewLayer | Sample 12/12
Fra:1 Mem:59.73M (Peak 70.50M) | Time:00:00.77 | Mem:29.17M, Peak:29.17M | Scene, ViewLayer | Finished
Saved: 'E:\Games_Develop\Little-Castle_Assets_cliffkit\Source\Environment\CliffKit\v001\QA\Rock_Outcrop_Medium_LOD1.png'
Time: 00:00.79 (Saving: 00:00.01)

Fra:1 Mem:23.36M (Peak 23.36M) | Time:00:00.00 | Mem:0.00M, Peak:0.00M | Scene, ViewLayer | Synchronizing object | Rock_Outcrop_Medium_LOD2
Fra:1 Mem:23.36M (Peak 23.36M) | Time:00:00.00 | Mem:0.00M, Peak:0.00M | Scene, ViewLayer | Synchronizing object | Plane
Fra:1 Mem:23.37M (Peak 23.37M) | Time:00:00.00 | Mem:0.00M, Peak:0.00M | Scene, ViewLayer | Initializing
Fra:1 Mem:23.36M (Peak 23.37M) | Time:00:00.00 | Mem:0.00M, Peak:0.00M | Scene, ViewLayer | Updating Images | Loading Normal_OpenGL.png
Fra:1 Mem:23.36M (Peak 23.37M) | Time:00:00.00 | Mem:0.00M, Peak:0.00M | Scene, ViewLayer | Updating Images | Loading BaseColor.png
Fra:1 Mem:23.36M (Peak 23.37M) | Time:00:00.00 | Mem:0.00M, Peak:0.00M | Scene, ViewLayer | Updating Images | Loading Roughness.png
Fra:1 Mem:35.12M (Peak 39.38M) | Time:00:00.01 | Mem:12.00M, Peak:12.00M | Scene, ViewLayer | Waiting for render to start
Fra:1 Mem:35.12M (Peak 39.38M) | Time:00:00.01 | Mem:12.00M, Peak:12.00M | Scene, ViewLayer | Loading render kernels (may take a few minutes the first time)
Fra:1 Mem:35.12M (Peak 39.38M) | Time:00:00.01 | Mem:12.00M, Peak:12.00M | Scene, ViewLayer | Updating Scene
Fra:1 Mem:35.12M (Peak 39.38M) | Time:00:00.01 | Mem:12.00M, Peak:12.00M | Scene, ViewLayer | Updating Shaders
Fra:1 Mem:35.20M (Peak 39.38M) | Time:00:00.01 | Mem:12.00M, Peak:12.00M | Scene, ViewLayer | Updating Procedurals
Fra:1 Mem:35.20M (Peak 39.38M) | Time:00:00.01 | Mem:12.00M, Peak:12.00M | Scene, ViewLayer | Updating Background
Fra:1 Mem:35.20M (Peak 39.38M) | Time:00:00.01 | Mem:12.00M, Peak:12.00M | Scene, ViewLayer | Updating Camera
Fra:1 Mem:35.20M (Peak 39.38M) | Time:00:00.01 | Mem:12.00M, Peak:12.00M | Scene, ViewLayer | Updating Meshes Flags
Fra:1 Mem:35.20M (Peak 39.38M) | Time:00:00.01 | Mem:12.00M, Peak:12.00M | Scene, ViewLayer | Updating Objects
Fra:1 Mem:35.20M (Peak 39.38M) | Time:00:00.01 | Mem:12.00M, Peak:12.00M | Scene, ViewLayer | Updating Objects | Copying Transformations to device
Fra:1 Mem:35.20M (Peak 39.38M) | Time:00:00.01 | Mem:12.00M, Peak:12.00M | Scene, ViewLayer | Updating Objects | Applying Static Transformations
Fra:1 Mem:35.20M (Peak 39.38M) | Time:00:00.01 | Mem:12.00M, Peak:12.00M | Scene, ViewLayer | Updating Particle Systems
Fra:1 Mem:35.20M (Peak 39.38M) | Time:00:00.01 | Mem:12.00M, Peak:12.00M | Scene, ViewLayer | Updating Particle Systems | Copying Particles to device
Fra:1 Mem:35.20M (Peak 39.38M) | Time:00:00.01 | Mem:12.00M, Peak:12.00M | Scene, ViewLayer | Updating Meshes
Fra:1 Mem:35.20M (Peak 39.38M) | Time:00:00.01 | Mem:12.00M, Peak:12.00M | Scene, ViewLayer | Updating Mesh | Computing attributes
Fra:1 Mem:35.21M (Peak 39.38M) | Time:00:00.01 | Mem:12.00M, Peak:12.00M | Scene, ViewLayer | Updating Mesh | Copying Attributes to device
Fra:1 Mem:35.21M (Peak 39.38M) | Time:00:00.01 | Mem:12.01M, Peak:12.01M | Scene, ViewLayer | Updating Scene BVH | Building
Fra:1 Mem:35.21M (Peak 39.38M) | Time:00:00.01 | Mem:12.01M, Peak:12.01M | Scene, ViewLayer | Updating Scene BVH | Building BVH
Fra:1 Mem:35.21M (Peak 39.38M) | Time:00:00.01 | Mem:12.01M, Peak:12.01M | Scene, ViewLayer | Updating Scene BVH | Building BVH 0%
Fra:1 Mem:35.21M (Peak 39.38M) | Time:00:00.01 | Mem:12.01M, Peak:12.01M | Scene, ViewLayer | Updating Scene BVH | Copying BVH to device
Fra:1 Mem:35.21M (Peak 39.38M) | Time:00:00.01 | Mem:12.01M, Peak:12.01M | Scene, ViewLayer | Updating Mesh | Computing normals
Fra:1 Mem:35.21M (Peak 39.38M) | Time:00:00.01 | Mem:12.01M, Peak:12.01M | Scene, ViewLayer | Updating Mesh | Copying Mesh to device
Fra:1 Mem:35.21M (Peak 39.38M) | Time:00:00.01 | Mem:12.02M, Peak:12.02M | Scene, ViewLayer | Updating Objects Flags
Fra:1 Mem:35.21M (Peak 39.38M) | Time:00:00.01 | Mem:12.02M, Peak:12.02M | Scene, ViewLayer | Updating Primitive Offsets
Fra:1 Mem:35.21M (Peak 39.38M) | Time:00:00.01 | Mem:12.02M, Peak:12.02M | Scene, ViewLayer | Updating Images
Fra:1 Mem:35.21M (Peak 39.38M) | Time:00:00.01 | Mem:12.02M, Peak:12.02M | Scene, ViewLayer | Updating Camera Volume
Fra:1 Mem:35.21M (Peak 39.38M) | Time:00:00.01 | Mem:12.02M, Peak:12.02M | Scene, ViewLayer | Updating Lookup Tables
Fra:1 Mem:35.21M (Peak 39.38M) | Time:00:00.01 | Mem:12.10M, Peak:12.10M | Scene, ViewLayer | Updating Lights
Fra:1 Mem:35.21M (Peak 39.38M) | Time:00:00.01 | Mem:12.10M, Peak:12.10M | Scene, ViewLayer | Updating Lights | Computing tree
Fra:1 Mem:35.21M (Peak 39.38M) | Time:00:00.01 | Mem:12.10M, Peak:12.10M | Scene, ViewLayer | Updating Integrator
Fra:1 Mem:35.21M (Peak 39.38M) | Time:00:00.01 | Mem:12.10M, Peak:12.10M | Scene, ViewLayer | Updating Film
Fra:1 Mem:35.21M (Peak 39.38M) | Time:00:00.01 | Mem:12.02M, Peak:12.10M | Scene, ViewLayer | Updating Lookup Tables
Fra:1 Mem:35.21M (Peak 39.38M) | Time:00:00.01 | Mem:12.10M, Peak:12.10M | Scene, ViewLayer | Updating Baking
Fra:1 Mem:35.21M (Peak 39.38M) | Time:00:00.01 | Mem:12.10M, Peak:12.10M | Scene, ViewLayer | Updating Device | Writing constant memory
Fra:1 Mem:35.22M (Peak 39.38M) | Time:00:00.01 | Mem:12.10M, Peak:12.10M | Scene, ViewLayer | Loading denoising kernels (may take a few minutes the first time)
Fra:1 Mem:35.22M (Peak 39.38M) | Time:00:00.01 | Mem:12.10M, Peak:12.10M | Scene, ViewLayer | Sample 0/12
Fra:1 Mem:52.54M (Peak 52.54M) | Time:00:00.04 | Remaining:00:00.28 | Mem:29.16M, Peak:29.16M | Scene, ViewLayer | Sample 1/12
Fra:1 Mem:59.72M (Peak 70.49M) | Time:00:00.75 | Mem:29.16M, Peak:29.16M | Scene, ViewLayer | Sample 12/12
Fra:1 Mem:59.72M (Peak 70.49M) | Time:00:00.75 | Mem:29.16M, Peak:29.16M | Scene, ViewLayer | Finished
Saved: 'E:\Games_Develop\Little-Castle_Assets_cliffkit\Source\Environment\CliffKit\v001\QA\Rock_Outcrop_Medium_LOD2.png'
Time: 00:00.76 (Saving: 00:00.01)

Fra:1 Mem:23.36M (Peak 23.36M) | Time:00:00.00 | Mem:0.00M, Peak:0.00M | Scene, ViewLayer | Synchronizing object | Rock_Outcrop_Medium_LOD0
Fra:1 Mem:23.36M (Peak 23.36M) | Time:00:00.00 | Mem:0.00M, Peak:0.00M | Scene, ViewLayer | Synchronizing object | Plane
Fra:1 Mem:23.38M (Peak 23.38M) | Time:00:00.00 | Mem:0.00M, Peak:0.00M | Scene, ViewLayer | Initializing
Fra:1 Mem:23.37M (Peak 23.38M) | Time:00:00.00 | Mem:0.00M, Peak:0.00M | Scene, ViewLayer | Updating Images | Loading Normal_OpenGL.png
Fra:1 Mem:23.37M (Peak 23.38M) | Time:00:00.00 | Mem:0.00M, Peak:0.00M | Scene, ViewLayer | Updating Images | Loading BaseColor.png
Fra:1 Mem:23.37M (Peak 23.38M) | Time:00:00.00 | Mem:0.00M, Peak:0.00M | Scene, ViewLayer | Updating Images | Loading Roughness.png
Fra:1 Mem:35.13M (Peak 39.39M) | Time:00:00.01 | Mem:12.00M, Peak:12.00M | Scene, ViewLayer | Waiting for render to start
Fra:1 Mem:35.13M (Peak 39.39M) | Time:00:00.01 | Mem:12.00M, Peak:12.00M | Scene, ViewLayer | Loading render kernels (may take a few minutes the first time)
Fra:1 Mem:35.13M (Peak 39.39M) | Time:00:00.01 | Mem:12.00M, Peak:12.00M | Scene, ViewLayer | Updating Scene
Fra:1 Mem:35.13M (Peak 39.39M) | Time:00:00.01 | Mem:12.00M, Peak:12.00M | Scene, ViewLayer | Updating Shaders
Fra:1 Mem:35.22M (Peak 39.39M) | Time:00:00.01 | Mem:12.00M, Peak:12.00M | Scene, ViewLayer | Updating Procedurals
Fra:1 Mem:35.22M (Peak 39.39M) | Time:00:00.01 | Mem:12.00M, Peak:12.00M | Scene, ViewLayer | Updating Background
Fra:1 Mem:35.22M (Peak 39.39M) | Time:00:00.01 | Mem:12.00M, Peak:12.00M | Scene, ViewLayer | Updating Camera
Fra:1 Mem:35.22M (Peak 39.39M) | Time:00:00.01 | Mem:12.00M, Peak:12.00M | Scene, ViewLayer | Updating Meshes Flags
Fra:1 Mem:35.22M (Peak 39.39M) | Time:00:00.01 | Mem:12.00M, Peak:12.00M | Scene, ViewLayer | Updating Objects
Fra:1 Mem:35.22M (Peak 39.39M) | Time:00:00.01 | Mem:12.00M, Peak:12.00M | Scene, ViewLayer | Updating Objects | Copying Transformations to device
Fra:1 Mem:35.22M (Peak 39.39M) | Time:00:00.01 | Mem:12.00M, Peak:12.00M | Scene, ViewLayer | Updating Objects | Applying Static Transformations
Fra:1 Mem:35.22M (Peak 39.39M) | Time:00:00.01 | Mem:12.00M, Peak:12.00M | Scene, ViewLayer | Updating Particle Systems
Fra:1 Mem:35.22M (Peak 39.39M) | Time:00:00.01 | Mem:12.00M, Peak:12.00M | Scene, ViewLayer | Updating Particle Systems | Copying Particles to device
Fra:1 Mem:35.22M (Peak 39.39M) | Time:00:00.01 | Mem:12.00M, Peak:12.00M | Scene, ViewLayer | Updating Meshes
Fra:1 Mem:35.22M (Peak 39.39M) | Time:00:00.01 | Mem:12.00M, Peak:12.00M | Scene, ViewLayer | Updating Mesh | Computing attributes
Fra:1 Mem:35.23M (Peak 39.39M) | Time:00:00.01 | Mem:12.00M, Peak:12.00M | Scene, ViewLayer | Updating Mesh | Copying Attributes to device
Fra:1 Mem:35.23M (Peak 39.39M) | Time:00:00.01 | Mem:12.02M, Peak:12.02M | Scene, ViewLayer | Updating Scene BVH | Building
Fra:1 Mem:35.23M (Peak 39.39M) | Time:00:00.01 | Mem:12.02M, Peak:12.02M | Scene, ViewLayer | Updating Scene BVH | Building BVH
Fra:1 Mem:35.23M (Peak 39.39M) | Time:00:00.01 | Mem:12.02M, Peak:12.02M | Scene, ViewLayer | Updating Scene BVH | Building BVH 0%
Fra:1 Mem:35.23M (Peak 39.39M) | Time:00:00.01 | Mem:12.03M, Peak:12.04M | Scene, ViewLayer | Updating Scene BVH | Copying BVH to device
Fra:1 Mem:35.23M (Peak 39.39M) | Time:00:00.01 | Mem:12.03M, Peak:12.04M | Scene, ViewLayer | Updating Mesh | Computing normals
Fra:1 Mem:35.24M (Peak 39.39M) | Time:00:00.01 | Mem:12.03M, Peak:12.04M | Scene, ViewLayer | Updating Mesh | Copying Mesh to device
Fra:1 Mem:35.24M (Peak 39.39M) | Time:00:00.01 | Mem:12.04M, Peak:12.04M | Scene, ViewLayer | Updating Objects Flags
Fra:1 Mem:35.24M (Peak 39.39M) | Time:00:00.01 | Mem:12.04M, Peak:12.04M | Scene, ViewLayer | Updating Primitive Offsets
Fra:1 Mem:35.24M (Peak 39.39M) | Time:00:00.01 | Mem:12.04M, Peak:12.04M | Scene, ViewLayer | Updating Images
Fra:1 Mem:35.24M (Peak 39.39M) | Time:00:00.01 | Mem:12.04M, Peak:12.04M | Scene, ViewLayer | Updating Camera Volume
Fra:1 Mem:35.24M (Peak 39.39M) | Time:00:00.01 | Mem:12.04M, Peak:12.04M | Scene, ViewLayer | Updating Lookup Tables
Fra:1 Mem:35.24M (Peak 39.39M) | Time:00:00.01 | Mem:12.12M, Peak:12.12M | Scene, ViewLayer | Updating Lights
Fra:1 Mem:35.24M (Peak 39.39M) | Time:00:00.01 | Mem:12.12M, Peak:12.12M | Scene, ViewLayer | Updating Lights | Computing tree
Fra:1 Mem:35.24M (Peak 39.39M) | Time:00:00.01 | Mem:12.12M, Peak:12.12M | Scene, ViewLayer | Updating Integrator
Fra:1 Mem:35.24M (Peak 39.39M) | Time:00:00.01 | Mem:12.12M, Peak:12.12M | Scene, ViewLayer | Updating Film
Fra:1 Mem:35.25M (Peak 39.39M) | Time:00:00.01 | Mem:12.04M, Peak:12.12M | Scene, ViewLayer | Updating Lookup Tables
Fra:1 Mem:35.25M (Peak 39.39M) | Time:00:00.01 | Mem:12.12M, Peak:12.12M | Scene, ViewLayer | Updating Baking
Fra:1 Mem:35.25M (Peak 39.39M) | Time:00:00.01 | Mem:12.12M, Peak:12.12M | Scene, ViewLayer | Updating Device | Writing constant memory
Fra:1 Mem:35.25M (Peak 39.39M) | Time:00:00.01 | Mem:12.12M, Peak:12.12M | Scene, ViewLayer | Loading denoising kernels (may take a few minutes the first time)
Fra:1 Mem:35.25M (Peak 39.39M) | Time:00:00.01 | Mem:12.12M, Peak:12.12M | Scene, ViewLayer | Sample 0/12
Fra:1 Mem:52.57M (Peak 52.57M) | Time:00:00.04 | Remaining:00:00.30 | Mem:29.18M, Peak:29.18M | Scene, ViewLayer | Sample 1/12
Fra:1 Mem:59.75M (Peak 70.52M) | Time:00:00.76 | Mem:29.18M, Peak:29.18M | Scene, ViewLayer | Sample 12/12
Fra:1 Mem:59.75M (Peak 70.52M) | Time:00:00.76 | Mem:29.18M, Peak:29.18M | Scene, ViewLayer | Finished
Saved: 'E:\Games_Develop\Little-Castle_Assets_cliffkit\Source\Environment\CliffKit\v001\QA\Rock_Outcrop_Medium_front.png'
Time: 00:00.78 (Saving: 00:00.01)

Fra:1 Mem:23.36M (Peak 23.36M) | Time:00:00.00 | Mem:0.00M, Peak:0.00M | Scene, ViewLayer | Synchronizing object | Rock_Outcrop_Medium_LOD0
Fra:1 Mem:23.36M (Peak 23.36M) | Time:00:00.00 | Mem:0.00M, Peak:0.00M | Scene, ViewLayer | Synchronizing object | Plane
Fra:1 Mem:23.38M (Peak 23.38M) | Time:00:00.00 | Mem:0.00M, Peak:0.00M | Scene, ViewLayer | Initializing
Fra:1 Mem:23.37M (Peak 23.38M) | Time:00:00.00 | Mem:0.00M, Peak:0.00M | Scene, ViewLayer | Updating Images | Loading Normal_OpenGL.png
Fra:1 Mem:23.37M (Peak 23.38M) | Time:00:00.00 | Mem:0.00M, Peak:0.00M | Scene, ViewLayer | Updating Images | Loading BaseColor.png
Fra:1 Mem:23.37M (Peak 23.38M) | Time:00:00.00 | Mem:0.00M, Peak:0.00M | Scene, ViewLayer | Updating Images | Loading Roughness.png
Fra:1 Mem:35.13M (Peak 39.39M) | Time:00:00.01 | Mem:12.00M, Peak:12.00M | Scene, ViewLayer | Waiting for render to start
Fra:1 Mem:35.13M (Peak 39.39M) | Time:00:00.01 | Mem:12.00M, Peak:12.00M | Scene, ViewLayer | Loading render kernels (may take a few minutes the first time)
Fra:1 Mem:35.13M (Peak 39.39M) | Time:00:00.01 | Mem:12.00M, Peak:12.00M | Scene, ViewLayer | Updating Scene
Fra:1 Mem:35.13M (Peak 39.39M) | Time:00:00.01 | Mem:12.00M, Peak:12.00M | Scene, ViewLayer | Updating Shaders
Fra:1 Mem:35.22M (Peak 39.39M) | Time:00:00.01 | Mem:12.00M, Peak:12.00M | Scene, ViewLayer | Updating Procedurals
Fra:1 Mem:35.22M (Peak 39.39M) | Time:00:00.01 | Mem:12.00M, Peak:12.00M | Scene, ViewLayer | Updating Background
Fra:1 Mem:35.22M (Peak 39.39M) | Time:00:00.01 | Mem:12.00M, Peak:12.00M | Scene, ViewLayer | Updating Camera
Fra:1 Mem:35.22M (Peak 39.39M) | Time:00:00.01 | Mem:12.00M, Peak:12.00M | Scene, ViewLayer | Updating Meshes Flags
Fra:1 Mem:35.22M (Peak 39.39M) | Time:00:00.01 | Mem:12.00M, Peak:12.00M | Scene, ViewLayer | Updating Objects
Fra:1 Mem:35.22M (Peak 39.39M) | Time:00:00.01 | Mem:12.00M, Peak:12.00M | Scene, ViewLayer | Updating Objects | Copying Transformations to device
Fra:1 Mem:35.22M (Peak 39.39M) | Time:00:00.01 | Mem:12.00M, Peak:12.00M | Scene, ViewLayer | Updating Objects | Applying Static Transformations
Fra:1 Mem:35.22M (Peak 39.39M) | Time:00:00.01 | Mem:12.00M, Peak:12.00M | Scene, ViewLayer | Updating Particle Systems
Fra:1 Mem:35.22M (Peak 39.39M) | Time:00:00.01 | Mem:12.00M, Peak:12.00M | Scene, ViewLayer | Updating Particle Systems | Copying Particles to device
Fra:1 Mem:35.22M (Peak 39.39M) | Time:00:00.01 | Mem:12.00M, Peak:12.00M | Scene, ViewLayer | Updating Meshes
Fra:1 Mem:35.22M (Peak 39.39M) | Time:00:00.01 | Mem:12.00M, Peak:12.00M | Scene, ViewLayer | Updating Mesh | Computing attributes
Fra:1 Mem:35.24M (Peak 39.39M) | Time:00:00.01 | Mem:12.00M, Peak:12.00M | Scene, ViewLayer | Updating Mesh | Copying Attributes to device
Fra:1 Mem:35.23M (Peak 39.39M) | Time:00:00.01 | Mem:12.02M, Peak:12.02M | Scene, ViewLayer | Updating Scene BVH | Building
Fra:1 Mem:35.23M (Peak 39.39M) | Time:00:00.01 | Mem:12.02M, Peak:12.02M | Scene, ViewLayer | Updating Scene BVH | Building BVH
Fra:1 Mem:35.23M (Peak 39.39M) | Time:00:00.01 | Mem:12.02M, Peak:12.02M | Scene, ViewLayer | Updating Scene BVH | Building BVH 0%
Fra:1 Mem:35.23M (Peak 39.39M) | Time:00:00.01 | Mem:12.03M, Peak:12.04M | Scene, ViewLayer | Updating Scene BVH | Copying BVH to device
Fra:1 Mem:35.23M (Peak 39.39M) | Time:00:00.01 | Mem:12.03M, Peak:12.04M | Scene, ViewLayer | Updating Mesh | Computing normals
Fra:1 Mem:35.24M (Peak 39.39M) | Time:00:00.01 | Mem:12.03M, Peak:12.04M | Scene, ViewLayer | Updating Mesh | Copying Mesh to device
Fra:1 Mem:35.24M (Peak 39.39M) | Time:00:00.01 | Mem:12.04M, Peak:12.04M | Scene, ViewLayer | Updating Objects Flags
Fra:1 Mem:35.24M (Peak 39.39M) | Time:00:00.01 | Mem:12.04M, Peak:12.04M | Scene, ViewLayer | Updating Primitive Offsets
Fra:1 Mem:35.24M (Peak 39.39M) | Time:00:00.01 | Mem:12.04M, Peak:12.04M | Scene, ViewLayer | Updating Images
Fra:1 Mem:35.24M (Peak 39.39M) | Time:00:00.01 | Mem:12.04M, Peak:12.04M | Scene, ViewLayer | Updating Camera Volume
Fra:1 Mem:35.24M (Peak 39.39M) | Time:00:00.01 | Mem:12.04M, Peak:12.04M | Scene, ViewLayer | Updating Lookup Tables
Fra:1 Mem:35.24M (Peak 39.39M) | Time:00:00.01 | Mem:12.12M, Peak:12.12M | Scene, ViewLayer | Updating Lights
Fra:1 Mem:35.24M (Peak 39.39M) | Time:00:00.01 | Mem:12.12M, Peak:12.12M | Scene, ViewLayer | Updating Lights | Computing tree
Fra:1 Mem:35.24M (Peak 39.39M) | Time:00:00.01 | Mem:12.12M, Peak:12.12M | Scene, ViewLayer | Updating Integrator
Fra:1 Mem:35.24M (Peak 39.39M) | Time:00:00.01 | Mem:12.12M, Peak:12.12M | Scene, ViewLayer | Updating Film
Fra:1 Mem:35.25M (Peak 39.39M) | Time:00:00.01 | Mem:12.04M, Peak:12.12M | Scene, ViewLayer | Updating Lookup Tables
Fra:1 Mem:35.25M (Peak 39.39M) | Time:00:00.01 | Mem:12.12M, Peak:12.12M | Scene, ViewLayer | Updating Baking
Fra:1 Mem:35.25M (Peak 39.39M) | Time:00:00.01 | Mem:12.12M, Peak:12.12M | Scene, ViewLayer | Updating Device | Writing constant memory
Fra:1 Mem:35.25M (Peak 39.39M) | Time:00:00.01 | Mem:12.12M, Peak:12.12M | Scene, ViewLayer | Loading denoising kernels (may take a few minutes the first time)
Fra:1 Mem:35.25M (Peak 39.39M) | Time:00:00.01 | Mem:12.12M, Peak:12.12M | Scene, ViewLayer | Sample 0/12
Fra:1 Mem:52.57M (Peak 52.57M) | Time:00:00.04 | Remaining:00:00.31 | Mem:29.18M, Peak:29.18M | Scene, ViewLayer | Sample 1/12
Fra:1 Mem:59.75M (Peak 70.52M) | Time:00:00.80 | Mem:29.18M, Peak:29.18M | Scene, ViewLayer | Sample 12/12
Fra:1 Mem:59.75M (Peak 70.52M) | Time:00:00.80 | Mem:29.18M, Peak:29.18M | Scene, ViewLayer | Finished
Saved: 'E:\Games_Develop\Little-Castle_Assets_cliffkit\Source\Environment\CliffKit\v001\QA\Rock_Outcrop_Medium_rear.png'
Time: 00:00.82 (Saving: 00:00.01)

Fra:1 Mem:23.36M (Peak 23.36M) | Time:00:00.00 | Mem:0.00M, Peak:0.00M | Scene, ViewLayer | Synchronizing object | Rock_Boulder_Small_LOD0
Fra:1 Mem:23.36M (Peak 23.36M) | Time:00:00.00 | Mem:0.00M, Peak:0.00M | Scene, ViewLayer | Synchronizing object | Plane
Fra:1 Mem:23.39M (Peak 23.39M) | Time:00:00.00 | Mem:0.00M, Peak:0.00M | Scene, ViewLayer | Initializing
Fra:1 Mem:23.37M (Peak 23.39M) | Time:00:00.00 | Mem:0.00M, Peak:0.00M | Scene, ViewLayer | Updating Images | Loading Normal_OpenGL.png.001
Fra:1 Mem:23.37M (Peak 23.39M) | Time:00:00.00 | Mem:0.00M, Peak:0.00M | Scene, ViewLayer | Updating Images | Loading Roughness.png.001
Fra:1 Mem:35.13M (Peak 39.40M) | Time:00:00.01 | Mem:12.00M, Peak:12.00M | Scene, ViewLayer | Waiting for render to start
Fra:1 Mem:35.14M (Peak 39.40M) | Time:00:00.01 | Mem:12.00M, Peak:12.00M | Scene, ViewLayer | Loading render kernels (may take a few minutes the first time)
Fra:1 Mem:35.14M (Peak 39.40M) | Time:00:00.01 | Mem:12.00M, Peak:12.00M | Scene, ViewLayer | Updating Scene
Fra:1 Mem:35.14M (Peak 39.40M) | Time:00:00.01 | Mem:12.00M, Peak:12.00M | Scene, ViewLayer | Updating Shaders
Fra:1 Mem:35.22M (Peak 39.40M) | Time:00:00.01 | Mem:12.00M, Peak:12.00M | Scene, ViewLayer | Updating Procedurals
Fra:1 Mem:35.22M (Peak 39.40M) | Time:00:00.01 | Mem:12.00M, Peak:12.00M | Scene, ViewLayer | Updating Background
Fra:1 Mem:35.22M (Peak 39.40M) | Time:00:00.01 | Mem:12.00M, Peak:12.00M | Scene, ViewLayer | Updating Camera
Fra:1 Mem:35.22M (Peak 39.40M) | Time:00:00.01 | Mem:12.00M, Peak:12.00M | Scene, ViewLayer | Updating Meshes Flags
Fra:1 Mem:35.22M (Peak 39.40M) | Time:00:00.01 | Mem:12.00M, Peak:12.00M | Scene, ViewLayer | Updating Objects
Fra:1 Mem:35.22M (Peak 39.40M) | Time:00:00.01 | Mem:12.00M, Peak:12.00M | Scene, ViewLayer | Updating Objects | Copying Transformations to device
Fra:1 Mem:35.22M (Peak 39.40M) | Time:00:00.01 | Mem:12.00M, Peak:12.00M | Scene, ViewLayer | Updating Objects | Applying Static Transformations
Fra:1 Mem:35.22M (Peak 39.40M) | Time:00:00.01 | Mem:12.00M, Peak:12.00M | Scene, ViewLayer | Updating Particle Systems
Fra:1 Mem:35.22M (Peak 39.40M) | Time:00:00.01 | Mem:12.00M, Peak:12.00M | Scene, ViewLayer | Updating Particle Systems | Copying Particles to device
Fra:1 Mem:35.22M (Peak 39.40M) | Time:00:00.01 | Mem:12.00M, Peak:12.00M | Scene, ViewLayer | Updating Meshes
Fra:1 Mem:35.22M (Peak 39.40M) | Time:00:00.01 | Mem:12.00M, Peak:12.00M | Scene, ViewLayer | Updating Mesh | Computing attributes
Fra:1 Mem:35.24M (Peak 39.40M) | Time:00:00.01 | Mem:12.00M, Peak:12.00M | Scene, ViewLayer | Updating Mesh | Copying Attributes to device
Fra:1 Mem:35.24M (Peak 39.40M) | Time:00:00.01 | Mem:12.02M, Peak:12.02M | Scene, ViewLayer | Updating Scene BVH | Building
Fra:1 Mem:35.24M (Peak 39.40M) | Time:00:00.01 | Mem:12.02M, Peak:12.02M | Scene, ViewLayer | Updating Scene BVH | Building BVH
Fra:1 Mem:35.24M (Peak 39.40M) | Time:00:00.01 | Mem:12.02M, Peak:12.02M | Scene, ViewLayer | Updating Scene BVH | Building BVH 0%
Fra:1 Mem:35.24M (Peak 39.40M) | Time:00:00.01 | Mem:12.03M, Peak:12.04M | Scene, ViewLayer | Updating Scene BVH | Copying BVH to device
Fra:1 Mem:35.24M (Peak 39.40M) | Time:00:00.01 | Mem:12.03M, Peak:12.04M | Scene, ViewLayer | Updating Mesh | Computing normals
Fra:1 Mem:35.24M (Peak 39.40M) | Time:00:00.01 | Mem:12.03M, Peak:12.04M | Scene, ViewLayer | Updating Mesh | Copying Mesh to device
Fra:1 Mem:35.24M (Peak 39.40M) | Time:00:00.01 | Mem:12.04M, Peak:12.04M | Scene, ViewLayer | Updating Objects Flags
Fra:1 Mem:35.24M (Peak 39.40M) | Time:00:00.01 | Mem:12.04M, Peak:12.04M | Scene, ViewLayer | Updating Primitive Offsets
Fra:1 Mem:35.24M (Peak 39.40M) | Time:00:00.01 | Mem:12.04M, Peak:12.04M | Scene, ViewLayer | Updating Images
Fra:1 Mem:35.24M (Peak 39.40M) | Time:00:00.01 | Mem:12.04M, Peak:12.04M | Scene, ViewLayer | Updating Camera Volume
Fra:1 Mem:35.24M (Peak 39.40M) | Time:00:00.01 | Mem:12.04M, Peak:12.04M | Scene, ViewLayer | Updating Lookup Tables
Fra:1 Mem:35.24M (Peak 39.40M) | Time:00:00.01 | Mem:12.12M, Peak:12.12M | Scene, ViewLayer | Updating Lights
Fra:1 Mem:35.24M (Peak 39.40M) | Time:00:00.01 | Mem:12.12M, Peak:12.12M | Scene, ViewLayer | Updating Lights | Computing tree
Fra:1 Mem:35.25M (Peak 39.40M) | Time:00:00.01 | Mem:12.12M, Peak:12.12M | Scene, ViewLayer | Updating Integrator
Fra:1 Mem:35.25M (Peak 39.40M) | Time:00:00.01 | Mem:12.12M, Peak:12.12M | Scene, ViewLayer | Updating Film
Fra:1 Mem:35.25M (Peak 39.40M) | Time:00:00.01 | Mem:12.04M, Peak:12.12M | Scene, ViewLayer | Updating Lookup Tables
Fra:1 Mem:35.25M (Peak 39.40M) | Time:00:00.01 | Mem:12.12M, Peak:12.12M | Scene, ViewLayer | Updating Baking
Fra:1 Mem:35.25M (Peak 39.40M) | Time:00:00.01 | Mem:12.12M, Peak:12.12M | Scene, ViewLayer | Updating Device | Writing constant memory
Fra:1 Mem:35.25M (Peak 39.40M) | Time:00:00.01 | Mem:12.12M, Peak:12.12M | Scene, ViewLayer | Loading denoising kernels (may take a few minutes the first time)
Fra:1 Mem:35.25M (Peak 39.40M) | Time:00:00.01 | Mem:12.12M, Peak:12.12M | Scene, ViewLayer | Sample 0/12
Fra:1 Mem:52.58M (Peak 52.58M) | Time:00:00.04 | Remaining:00:00.30 | Mem:29.18M, Peak:29.18M | Scene, ViewLayer | Sample 1/12
Fra:1 Mem:59.76M (Peak 70.53M) | Time:00:00.75 | Mem:29.18M, Peak:29.18M | Scene, ViewLayer | Sample 12/12
Fra:1 Mem:59.76M (Peak 70.53M) | Time:00:00.75 | Mem:29.18M, Peak:29.18M | Scene, ViewLayer | Finished
Saved: 'E:\Games_Develop\Little-Castle_Assets_cliffkit\Source\Environment\CliffKit\v001\QA\Rock_Boulder_Small_LOD0.png'
Time: 00:00.77 (Saving: 00:00.01)

Fra:1 Mem:23.36M (Peak 23.36M) | Time:00:00.00 | Mem:0.00M, Peak:0.00M | Scene, ViewLayer | Synchronizing object | Rock_Boulder_Small_LOD1
Fra:1 Mem:23.36M (Peak 23.36M) | Time:00:00.00 | Mem:0.00M, Peak:0.00M | Scene, ViewLayer | Synchronizing object | Plane
Fra:1 Mem:23.38M (Peak 23.38M) | Time:00:00.00 | Mem:0.00M, Peak:0.00M | Scene, ViewLayer | Initializing
Fra:1 Mem:23.36M (Peak 23.38M) | Time:00:00.00 | Mem:0.00M, Peak:0.00M | Scene, ViewLayer | Updating Images | Loading Normal_OpenGL.png.001
Fra:1 Mem:23.36M (Peak 23.38M) | Time:00:00.00 | Mem:0.00M, Peak:0.00M | Scene, ViewLayer | Updating Images | Loading BaseColor.png.001
Fra:1 Mem:23.36M (Peak 23.38M) | Time:00:00.00 | Mem:0.00M, Peak:0.00M | Scene, ViewLayer | Updating Images | Loading Roughness.png.001
Fra:1 Mem:35.12M (Peak 39.39M) | Time:00:00.01 | Mem:12.00M, Peak:12.00M | Scene, ViewLayer | Waiting for render to start
Fra:1 Mem:35.13M (Peak 39.39M) | Time:00:00.01 | Mem:12.00M, Peak:12.00M | Scene, ViewLayer | Loading render kernels (may take a few minutes the first time)
Fra:1 Mem:35.13M (Peak 39.39M) | Time:00:00.01 | Mem:12.00M, Peak:12.00M | Scene, ViewLayer | Updating Scene
Fra:1 Mem:35.13M (Peak 39.39M) | Time:00:00.01 | Mem:12.00M, Peak:12.00M | Scene, ViewLayer | Updating Shaders
Fra:1 Mem:35.21M (Peak 39.39M) | Time:00:00.01 | Mem:12.00M, Peak:12.00M | Scene, ViewLayer | Updating Procedurals
Fra:1 Mem:35.21M (Peak 39.39M) | Time:00:00.01 | Mem:12.00M, Peak:12.00M | Scene, ViewLayer | Updating Background
Fra:1 Mem:35.21M (Peak 39.39M) | Time:00:00.01 | Mem:12.00M, Peak:12.00M | Scene, ViewLayer | Updating Camera
Fra:1 Mem:35.21M (Peak 39.39M) | Time:00:00.01 | Mem:12.00M, Peak:12.00M | Scene, ViewLayer | Updating Meshes Flags
Fra:1 Mem:35.21M (Peak 39.39M) | Time:00:00.01 | Mem:12.00M, Peak:12.00M | Scene, ViewLayer | Updating Objects
Fra:1 Mem:35.21M (Peak 39.39M) | Time:00:00.01 | Mem:12.00M, Peak:12.00M | Scene, ViewLayer | Updating Objects | Copying Transformations to device
Fra:1 Mem:35.21M (Peak 39.39M) | Time:00:00.01 | Mem:12.00M, Peak:12.00M | Scene, ViewLayer | Updating Objects | Applying Static Transformations
Fra:1 Mem:35.21M (Peak 39.39M) | Time:00:00.01 | Mem:12.00M, Peak:12.00M | Scene, ViewLayer | Updating Particle Systems
Fra:1 Mem:35.21M (Peak 39.39M) | Time:00:00.01 | Mem:12.00M, Peak:12.00M | Scene, ViewLayer | Updating Particle Systems | Copying Particles to device
Fra:1 Mem:35.21M (Peak 39.39M) | Time:00:00.01 | Mem:12.00M, Peak:12.00M | Scene, ViewLayer | Updating Meshes
Fra:1 Mem:35.21M (Peak 39.39M) | Time:00:00.01 | Mem:12.00M, Peak:12.00M | Scene, ViewLayer | Updating Mesh | Computing attributes
Fra:1 Mem:35.22M (Peak 39.39M) | Time:00:00.01 | Mem:12.00M, Peak:12.00M | Scene, ViewLayer | Updating Mesh | Copying Attributes to device
Fra:1 Mem:35.22M (Peak 39.39M) | Time:00:00.01 | Mem:12.01M, Peak:12.01M | Scene, ViewLayer | Updating Scene BVH | Building
Fra:1 Mem:35.22M (Peak 39.39M) | Time:00:00.01 | Mem:12.01M, Peak:12.01M | Scene, ViewLayer | Updating Scene BVH | Building BVH
Fra:1 Mem:35.22M (Peak 39.39M) | Time:00:00.01 | Mem:12.01M, Peak:12.01M | Scene, ViewLayer | Updating Scene BVH | Building BVH 0%
Fra:1 Mem:35.22M (Peak 39.39M) | Time:00:00.01 | Mem:12.02M, Peak:12.02M | Scene, ViewLayer | Updating Scene BVH | Copying BVH to device
Fra:1 Mem:35.22M (Peak 39.39M) | Time:00:00.01 | Mem:12.02M, Peak:12.02M | Scene, ViewLayer | Updating Mesh | Computing normals
Fra:1 Mem:35.22M (Peak 39.39M) | Time:00:00.01 | Mem:12.02M, Peak:12.02M | Scene, ViewLayer | Updating Mesh | Copying Mesh to device
Fra:1 Mem:35.22M (Peak 39.39M) | Time:00:00.01 | Mem:12.02M, Peak:12.02M | Scene, ViewLayer | Updating Objects Flags
Fra:1 Mem:35.22M (Peak 39.39M) | Time:00:00.01 | Mem:12.02M, Peak:12.02M | Scene, ViewLayer | Updating Primitive Offsets
Fra:1 Mem:35.22M (Peak 39.39M) | Time:00:00.01 | Mem:12.02M, Peak:12.02M | Scene, ViewLayer | Updating Images
Fra:1 Mem:35.22M (Peak 39.39M) | Time:00:00.01 | Mem:12.02M, Peak:12.02M | Scene, ViewLayer | Updating Camera Volume
Fra:1 Mem:35.22M (Peak 39.39M) | Time:00:00.01 | Mem:12.02M, Peak:12.02M | Scene, ViewLayer | Updating Lookup Tables
Fra:1 Mem:35.22M (Peak 39.39M) | Time:00:00.01 | Mem:12.10M, Peak:12.10M | Scene, ViewLayer | Updating Lights
Fra:1 Mem:35.22M (Peak 39.39M) | Time:00:00.01 | Mem:12.10M, Peak:12.10M | Scene, ViewLayer | Updating Lights | Computing tree
Fra:1 Mem:35.22M (Peak 39.39M) | Time:00:00.01 | Mem:12.10M, Peak:12.10M | Scene, ViewLayer | Updating Integrator
Fra:1 Mem:35.22M (Peak 39.39M) | Time:00:00.01 | Mem:12.10M, Peak:12.10M | Scene, ViewLayer | Updating Film
Fra:1 Mem:35.23M (Peak 39.39M) | Time:00:00.01 | Mem:12.02M, Peak:12.10M | Scene, ViewLayer | Updating Lookup Tables
Fra:1 Mem:35.23M (Peak 39.39M) | Time:00:00.01 | Mem:12.11M, Peak:12.11M | Scene, ViewLayer | Updating Baking
Fra:1 Mem:35.23M (Peak 39.39M) | Time:00:00.01 | Mem:12.11M, Peak:12.11M | Scene, ViewLayer | Updating Device | Writing constant memory
Fra:1 Mem:35.23M (Peak 39.39M) | Time:00:00.01 | Mem:12.11M, Peak:12.11M | Scene, ViewLayer | Loading denoising kernels (may take a few minutes the first time)
Fra:1 Mem:35.23M (Peak 39.39M) | Time:00:00.01 | Mem:12.11M, Peak:12.11M | Scene, ViewLayer | Sample 0/12
Fra:1 Mem:52.55M (Peak 52.55M) | Time:00:00.04 | Remaining:00:00.30 | Mem:29.17M, Peak:29.17M | Scene, ViewLayer | Sample 1/12
Fra:1 Mem:59.73M (Peak 70.50M) | Time:00:00.76 | Mem:29.17M, Peak:29.17M | Scene, ViewLayer | Sample 12/12
Fra:1 Mem:59.73M (Peak 70.50M) | Time:00:00.76 | Mem:29.17M, Peak:29.17M | Scene, ViewLayer | Finished
Saved: 'E:\Games_Develop\Little-Castle_Assets_cliffkit\Source\Environment\CliffKit\v001\QA\Rock_Boulder_Small_LOD1.png'
Time: 00:00.78 (Saving: 00:00.01)

Fra:1 Mem:23.36M (Peak 23.36M) | Time:00:00.00 | Mem:0.00M, Peak:0.00M | Scene, ViewLayer | Synchronizing object | Rock_Boulder_Small_LOD2
Fra:1 Mem:23.36M (Peak 23.36M) | Time:00:00.00 | Mem:0.00M, Peak:0.00M | Scene, ViewLayer | Synchronizing object | Plane
Fra:1 Mem:23.37M (Peak 23.37M) | Time:00:00.00 | Mem:0.00M, Peak:0.00M | Scene, ViewLayer | Initializing
Fra:1 Mem:23.36M (Peak 23.37M) | Time:00:00.00 | Mem:0.00M, Peak:0.00M | Scene, ViewLayer | Updating Images | Loading Normal_OpenGL.png.001
Fra:1 Mem:23.36M (Peak 23.37M) | Time:00:00.00 | Mem:0.00M, Peak:0.00M | Scene, ViewLayer | Updating Images | Loading BaseColor.png.001
Fra:1 Mem:23.36M (Peak 23.37M) | Time:00:00.00 | Mem:0.00M, Peak:0.00M | Scene, ViewLayer | Updating Images | Loading Roughness.png.001
Fra:1 Mem:35.12M (Peak 39.39M) | Time:00:00.01 | Mem:12.00M, Peak:12.00M | Scene, ViewLayer | Waiting for render to start
Fra:1 Mem:35.12M (Peak 39.39M) | Time:00:00.01 | Mem:12.00M, Peak:12.00M | Scene, ViewLayer | Loading render kernels (may take a few minutes the first time)
Fra:1 Mem:35.12M (Peak 39.39M) | Time:00:00.01 | Mem:12.00M, Peak:12.00M | Scene, ViewLayer | Updating Scene
Fra:1 Mem:35.12M (Peak 39.39M) | Time:00:00.01 | Mem:12.00M, Peak:12.00M | Scene, ViewLayer | Updating Shaders
Fra:1 Mem:35.21M (Peak 39.39M) | Time:00:00.01 | Mem:12.00M, Peak:12.00M | Scene, ViewLayer | Updating Procedurals
Fra:1 Mem:35.21M (Peak 39.39M) | Time:00:00.01 | Mem:12.00M, Peak:12.00M | Scene, ViewLayer | Updating Background
Fra:1 Mem:35.21M (Peak 39.39M) | Time:00:00.01 | Mem:12.00M, Peak:12.00M | Scene, ViewLayer | Updating Camera
Fra:1 Mem:35.21M (Peak 39.39M) | Time:00:00.01 | Mem:12.00M, Peak:12.00M | Scene, ViewLayer | Updating Meshes Flags
Fra:1 Mem:35.21M (Peak 39.39M) | Time:00:00.01 | Mem:12.00M, Peak:12.00M | Scene, ViewLayer | Updating Objects
Fra:1 Mem:35.21M (Peak 39.39M) | Time:00:00.01 | Mem:12.00M, Peak:12.00M | Scene, ViewLayer | Updating Objects | Copying Transformations to device
Fra:1 Mem:35.21M (Peak 39.39M) | Time:00:00.01 | Mem:12.00M, Peak:12.00M | Scene, ViewLayer | Updating Objects | Applying Static Transformations
Fra:1 Mem:35.21M (Peak 39.39M) | Time:00:00.01 | Mem:12.00M, Peak:12.00M | Scene, ViewLayer | Updating Particle Systems
Fra:1 Mem:35.21M (Peak 39.39M) | Time:00:00.01 | Mem:12.00M, Peak:12.00M | Scene, ViewLayer | Updating Particle Systems | Copying Particles to device
Fra:1 Mem:35.21M (Peak 39.39M) | Time:00:00.01 | Mem:12.00M, Peak:12.00M | Scene, ViewLayer | Updating Meshes
Fra:1 Mem:35.21M (Peak 39.39M) | Time:00:00.01 | Mem:12.00M, Peak:12.00M | Scene, ViewLayer | Updating Mesh | Computing attributes
Fra:1 Mem:35.21M (Peak 39.39M) | Time:00:00.01 | Mem:12.00M, Peak:12.00M | Scene, ViewLayer | Updating Mesh | Copying Attributes to device
Fra:1 Mem:35.21M (Peak 39.39M) | Time:00:00.01 | Mem:12.01M, Peak:12.01M | Scene, ViewLayer | Updating Scene BVH | Building
Fra:1 Mem:35.21M (Peak 39.39M) | Time:00:00.01 | Mem:12.01M, Peak:12.01M | Scene, ViewLayer | Updating Scene BVH | Building BVH
Fra:1 Mem:35.21M (Peak 39.39M) | Time:00:00.01 | Mem:12.01M, Peak:12.01M | Scene, ViewLayer | Updating Scene BVH | Building BVH 0%
Fra:1 Mem:35.21M (Peak 39.39M) | Time:00:00.01 | Mem:12.01M, Peak:12.01M | Scene, ViewLayer | Updating Scene BVH | Copying BVH to device
Fra:1 Mem:35.21M (Peak 39.39M) | Time:00:00.01 | Mem:12.01M, Peak:12.01M | Scene, ViewLayer | Updating Mesh | Computing normals
Fra:1 Mem:35.22M (Peak 39.39M) | Time:00:00.01 | Mem:12.01M, Peak:12.01M | Scene, ViewLayer | Updating Mesh | Copying Mesh to device
Fra:1 Mem:35.22M (Peak 39.39M) | Time:00:00.01 | Mem:12.02M, Peak:12.02M | Scene, ViewLayer | Updating Objects Flags
Fra:1 Mem:35.22M (Peak 39.39M) | Time:00:00.01 | Mem:12.02M, Peak:12.02M | Scene, ViewLayer | Updating Primitive Offsets
Fra:1 Mem:35.22M (Peak 39.39M) | Time:00:00.01 | Mem:12.02M, Peak:12.02M | Scene, ViewLayer | Updating Images
Fra:1 Mem:35.22M (Peak 39.39M) | Time:00:00.01 | Mem:12.02M, Peak:12.02M | Scene, ViewLayer | Updating Camera Volume
Fra:1 Mem:35.22M (Peak 39.39M) | Time:00:00.01 | Mem:12.02M, Peak:12.02M | Scene, ViewLayer | Updating Lookup Tables
Fra:1 Mem:35.22M (Peak 39.39M) | Time:00:00.01 | Mem:12.10M, Peak:12.10M | Scene, ViewLayer | Updating Lights
Fra:1 Mem:35.22M (Peak 39.39M) | Time:00:00.01 | Mem:12.10M, Peak:12.10M | Scene, ViewLayer | Updating Lights | Computing tree
Fra:1 Mem:35.22M (Peak 39.39M) | Time:00:00.01 | Mem:12.10M, Peak:12.10M | Scene, ViewLayer | Updating Integrator
Fra:1 Mem:35.22M (Peak 39.39M) | Time:00:00.01 | Mem:12.10M, Peak:12.10M | Scene, ViewLayer | Updating Film
Fra:1 Mem:35.22M (Peak 39.39M) | Time:00:00.01 | Mem:12.02M, Peak:12.10M | Scene, ViewLayer | Updating Lookup Tables
Fra:1 Mem:35.22M (Peak 39.39M) | Time:00:00.01 | Mem:12.10M, Peak:12.10M | Scene, ViewLayer | Updating Baking
Fra:1 Mem:35.22M (Peak 39.39M) | Time:00:00.01 | Mem:12.10M, Peak:12.10M | Scene, ViewLayer | Updating Device | Writing constant memory
Fra:1 Mem:35.22M (Peak 39.39M) | Time:00:00.01 | Mem:12.10M, Peak:12.10M | Scene, ViewLayer | Loading denoising kernels (may take a few minutes the first time)
Fra:1 Mem:35.22M (Peak 39.39M) | Time:00:00.01 | Mem:12.10M, Peak:12.10M | Scene, ViewLayer | Sample 0/12
Fra:1 Mem:52.55M (Peak 52.55M) | Time:00:00.04 | Remaining:00:00.30 | Mem:29.16M, Peak:29.16M | Scene, ViewLayer | Sample 1/12
Fra:1 Mem:59.73M (Peak 70.50M) | Time:00:00.74 | Mem:29.16M, Peak:29.16M | Scene, ViewLayer | Sample 12/12
Fra:1 Mem:59.73M (Peak 70.50M) | Time:00:00.74 | Mem:29.16M, Peak:29.16M | Scene, ViewLayer | Finished
Saved: 'E:\Games_Develop\Little-Castle_Assets_cliffkit\Source\Environment\CliffKit\v001\QA\Rock_Boulder_Small_LOD2.png'
Time: 00:00.76 (Saving: 00:00.01)

Fra:1 Mem:23.37M (Peak 23.37M) | Time:00:00.00 | Mem:0.00M, Peak:0.00M | Scene, ViewLayer | Synchronizing object | Rock_Boulder_Small_LOD0
Fra:1 Mem:23.38M (Peak 23.38M) | Time:00:00.00 | Mem:0.00M, Peak:0.00M | Scene, ViewLayer | Synchronizing object | Plane
Fra:1 Mem:23.39M (Peak 23.39M) | Time:00:00.00 | Mem:0.00M, Peak:0.00M | Scene, ViewLayer | Initializing
Fra:1 Mem:23.38M (Peak 23.39M) | Time:00:00.00 | Mem:0.00M, Peak:0.00M | Scene, ViewLayer | Updating Images | Loading Normal_OpenGL.png.001
Fra:1 Mem:23.38M (Peak 23.39M) | Time:00:00.00 | Mem:0.00M, Peak:0.00M | Scene, ViewLayer | Updating Images | Loading BaseColor.png.001
Fra:1 Mem:23.38M (Peak 23.39M) | Time:00:00.00 | Mem:0.00M, Peak:0.00M | Scene, ViewLayer | Updating Images | Loading Roughness.png.001
Fra:1 Mem:35.14M (Peak 39.40M) | Time:00:00.01 | Mem:12.00M, Peak:12.00M | Scene, ViewLayer | Waiting for render to start
Fra:1 Mem:35.14M (Peak 39.40M) | Time:00:00.01 | Mem:12.00M, Peak:12.00M | Scene, ViewLayer | Loading render kernels (may take a few minutes the first time)
Fra:1 Mem:35.14M (Peak 39.40M) | Time:00:00.01 | Mem:12.00M, Peak:12.00M | Scene, ViewLayer | Updating Scene
Fra:1 Mem:35.14M (Peak 39.40M) | Time:00:00.01 | Mem:12.00M, Peak:12.00M | Scene, ViewLayer | Updating Shaders
Fra:1 Mem:35.22M (Peak 39.40M) | Time:00:00.01 | Mem:12.00M, Peak:12.00M | Scene, ViewLayer | Updating Procedurals
Fra:1 Mem:35.22M (Peak 39.40M) | Time:00:00.01 | Mem:12.00M, Peak:12.00M | Scene, ViewLayer | Updating Background
Fra:1 Mem:35.22M (Peak 39.40M) | Time:00:00.01 | Mem:12.00M, Peak:12.00M | Scene, ViewLayer | Updating Camera
Fra:1 Mem:35.22M (Peak 39.40M) | Time:00:00.01 | Mem:12.00M, Peak:12.00M | Scene, ViewLayer | Updating Meshes Flags
Fra:1 Mem:35.22M (Peak 39.40M) | Time:00:00.01 | Mem:12.00M, Peak:12.00M | Scene, ViewLayer | Updating Objects
Fra:1 Mem:35.22M (Peak 39.40M) | Time:00:00.01 | Mem:12.00M, Peak:12.00M | Scene, ViewLayer | Updating Objects | Copying Transformations to device
Fra:1 Mem:35.22M (Peak 39.40M) | Time:00:00.01 | Mem:12.00M, Peak:12.00M | Scene, ViewLayer | Updating Objects | Applying Static Transformations
Fra:1 Mem:35.22M (Peak 39.40M) | Time:00:00.01 | Mem:12.00M, Peak:12.00M | Scene, ViewLayer | Updating Particle Systems
Fra:1 Mem:35.22M (Peak 39.40M) | Time:00:00.01 | Mem:12.00M, Peak:12.00M | Scene, ViewLayer | Updating Particle Systems | Copying Particles to device
Fra:1 Mem:35.22M (Peak 39.40M) | Time:00:00.01 | Mem:12.00M, Peak:12.00M | Scene, ViewLayer | Updating Meshes
Fra:1 Mem:35.23M (Peak 39.40M) | Time:00:00.01 | Mem:12.00M, Peak:12.00M | Scene, ViewLayer | Updating Mesh | Computing attributes
Fra:1 Mem:35.24M (Peak 39.40M) | Time:00:00.01 | Mem:12.00M, Peak:12.00M | Scene, ViewLayer | Updating Mesh | Copying Attributes to device
Fra:1 Mem:35.24M (Peak 39.40M) | Time:00:00.01 | Mem:12.02M, Peak:12.02M | Scene, ViewLayer | Updating Scene BVH | Building
Fra:1 Mem:35.24M (Peak 39.40M) | Time:00:00.01 | Mem:12.02M, Peak:12.02M | Scene, ViewLayer | Updating Scene BVH | Building BVH
Fra:1 Mem:35.24M (Peak 39.40M) | Time:00:00.01 | Mem:12.02M, Peak:12.02M | Scene, ViewLayer | Updating Scene BVH | Building BVH 0%
Fra:1 Mem:35.24M (Peak 39.40M) | Time:00:00.01 | Mem:12.03M, Peak:12.04M | Scene, ViewLayer | Updating Scene BVH | Copying BVH to device
Fra:1 Mem:35.24M (Peak 39.40M) | Time:00:00.01 | Mem:12.03M, Peak:12.04M | Scene, ViewLayer | Updating Mesh | Computing normals
Fra:1 Mem:35.25M (Peak 39.40M) | Time:00:00.01 | Mem:12.03M, Peak:12.04M | Scene, ViewLayer | Updating Mesh | Copying Mesh to device
Fra:1 Mem:35.25M (Peak 39.40M) | Time:00:00.01 | Mem:12.04M, Peak:12.04M | Scene, ViewLayer | Updating Objects Flags
Fra:1 Mem:35.25M (Peak 39.40M) | Time:00:00.01 | Mem:12.04M, Peak:12.04M | Scene, ViewLayer | Updating Primitive Offsets
Fra:1 Mem:35.25M (Peak 39.40M) | Time:00:00.01 | Mem:12.04M, Peak:12.04M | Scene, ViewLayer | Updating Images
Fra:1 Mem:35.25M (Peak 39.40M) | Time:00:00.01 | Mem:12.04M, Peak:12.04M | Scene, ViewLayer | Updating Camera Volume
Fra:1 Mem:35.25M (Peak 39.40M) | Time:00:00.01 | Mem:12.04M, Peak:12.04M | Scene, ViewLayer | Updating Lookup Tables
Fra:1 Mem:35.25M (Peak 39.40M) | Time:00:00.01 | Mem:12.12M, Peak:12.12M | Scene, ViewLayer | Updating Lights
Fra:1 Mem:35.25M (Peak 39.40M) | Time:00:00.01 | Mem:12.12M, Peak:12.12M | Scene, ViewLayer | Updating Lights | Computing tree
Fra:1 Mem:35.25M (Peak 39.40M) | Time:00:00.01 | Mem:12.12M, Peak:12.12M | Scene, ViewLayer | Updating Integrator
Fra:1 Mem:35.25M (Peak 39.40M) | Time:00:00.01 | Mem:12.12M, Peak:12.12M | Scene, ViewLayer | Updating Film
Fra:1 Mem:35.25M (Peak 39.40M) | Time:00:00.01 | Mem:12.04M, Peak:12.12M | Scene, ViewLayer | Updating Lookup Tables
Fra:1 Mem:35.25M (Peak 39.40M) | Time:00:00.01 | Mem:12.12M, Peak:12.12M | Scene, ViewLayer | Updating Baking
Fra:1 Mem:35.25M (Peak 39.40M) | Time:00:00.01 | Mem:12.12M, Peak:12.12M | Scene, ViewLayer | Updating Device | Writing constant memory
Fra:1 Mem:35.25M (Peak 39.40M) | Time:00:00.01 | Mem:12.12M, Peak:12.12M | Scene, ViewLayer | Loading denoising kernels (may take a few minutes the first time)
Fra:1 Mem:35.25M (Peak 39.40M) | Time:00:00.01 | Mem:12.12M, Peak:12.12M | Scene, ViewLayer | Sample 0/12
Fra:1 Mem:52.58M (Peak 52.58M) | Time:00:00.04 | Remaining:00:00.31 | Mem:29.18M, Peak:29.18M | Scene, ViewLayer | Sample 1/12
Fra:1 Mem:59.76M (Peak 70.53M) | Time:00:00.74 | Mem:29.18M, Peak:29.18M | Scene, ViewLayer | Sample 12/12
Fra:1 Mem:59.76M (Peak 70.53M) | Time:00:00.74 | Mem:29.18M, Peak:29.18M | Scene, ViewLayer | Finished
Saved: 'E:\Games_Develop\Little-Castle_Assets_cliffkit\Source\Environment\CliffKit\v001\QA\Rock_Boulder_Small_front.png'
Time: 00:00.76 (Saving: 00:00.01)

Fra:1 Mem:23.37M (Peak 23.37M) | Time:00:00.00 | Mem:0.00M, Peak:0.00M | Scene, ViewLayer | Synchronizing object | Rock_Boulder_Small_LOD0
Fra:1 Mem:23.37M (Peak 23.37M) | Time:00:00.00 | Mem:0.00M, Peak:0.00M | Scene, ViewLayer | Synchronizing object | Plane
Fra:1 Mem:23.39M (Peak 23.39M) | Time:00:00.00 | Mem:0.00M, Peak:0.00M | Scene, ViewLayer | Initializing
Fra:1 Mem:23.38M (Peak 23.39M) | Time:00:00.00 | Mem:0.00M, Peak:0.00M | Scene, ViewLayer | Updating Images | Loading Normal_OpenGL.png.001
Fra:1 Mem:23.38M (Peak 23.39M) | Time:00:00.00 | Mem:0.00M, Peak:0.00M | Scene, ViewLayer | Updating Images | Loading BaseColor.png.001
Fra:1 Mem:23.38M (Peak 23.39M) | Time:00:00.00 | Mem:0.00M, Peak:0.00M | Scene, ViewLayer | Updating Images | Loading Roughness.png.001
Fra:1 Mem:35.14M (Peak 39.40M) | Time:00:00.01 | Mem:12.00M, Peak:12.00M | Scene, ViewLayer | Waiting for render to start
Fra:1 Mem:35.14M (Peak 39.40M) | Time:00:00.01 | Mem:12.00M, Peak:12.00M | Scene, ViewLayer | Loading render kernels (may take a few minutes the first time)
Fra:1 Mem:35.14M (Peak 39.40M) | Time:00:00.01 | Mem:12.00M, Peak:12.00M | Scene, ViewLayer | Updating Scene
Fra:1 Mem:35.14M (Peak 39.40M) | Time:00:00.01 | Mem:12.00M, Peak:12.00M | Scene, ViewLayer | Updating Shaders
Fra:1 Mem:35.22M (Peak 39.40M) | Time:00:00.01 | Mem:12.00M, Peak:12.00M | Scene, ViewLayer | Updating Procedurals
Fra:1 Mem:35.22M (Peak 39.40M) | Time:00:00.01 | Mem:12.00M, Peak:12.00M | Scene, ViewLayer | Updating Background
Fra:1 Mem:35.22M (Peak 39.40M) | Time:00:00.01 | Mem:12.00M, Peak:12.00M | Scene, ViewLayer | Updating Camera
Fra:1 Mem:35.22M (Peak 39.40M) | Time:00:00.01 | Mem:12.00M, Peak:12.00M | Scene, ViewLayer | Updating Meshes Flags
Fra:1 Mem:35.22M (Peak 39.40M) | Time:00:00.01 | Mem:12.00M, Peak:12.00M | Scene, ViewLayer | Updating Objects
Fra:1 Mem:35.22M (Peak 39.40M) | Time:00:00.01 | Mem:12.00M, Peak:12.00M | Scene, ViewLayer | Updating Objects | Copying Transformations to device
Fra:1 Mem:35.22M (Peak 39.40M) | Time:00:00.01 | Mem:12.00M, Peak:12.00M | Scene, ViewLayer | Updating Objects | Applying Static Transformations
Fra:1 Mem:35.22M (Peak 39.40M) | Time:00:00.01 | Mem:12.00M, Peak:12.00M | Scene, ViewLayer | Updating Particle Systems
Fra:1 Mem:35.22M (Peak 39.40M) | Time:00:00.01 | Mem:12.00M, Peak:12.00M | Scene, ViewLayer | Updating Particle Systems | Copying Particles to device
Fra:1 Mem:35.22M (Peak 39.40M) | Time:00:00.01 | Mem:12.00M, Peak:12.00M | Scene, ViewLayer | Updating Meshes
Fra:1 Mem:35.23M (Peak 39.40M) | Time:00:00.01 | Mem:12.00M, Peak:12.00M | Scene, ViewLayer | Updating Mesh | Computing attributes
Fra:1 Mem:35.24M (Peak 39.40M) | Time:00:00.01 | Mem:12.00M, Peak:12.00M | Scene, ViewLayer | Updating Mesh | Copying Attributes to device
Fra:1 Mem:35.24M (Peak 39.40M) | Time:00:00.01 | Mem:12.02M, Peak:12.02M | Scene, ViewLayer | Updating Scene BVH | Building
Fra:1 Mem:35.24M (Peak 39.40M) | Time:00:00.01 | Mem:12.02M, Peak:12.02M | Scene, ViewLayer | Updating Scene BVH | Building BVH
Fra:1 Mem:35.24M (Peak 39.40M) | Time:00:00.01 | Mem:12.02M, Peak:12.02M | Scene, ViewLayer | Updating Scene BVH | Building BVH 0%
Fra:1 Mem:35.24M (Peak 39.40M) | Time:00:00.01 | Mem:12.03M, Peak:12.04M | Scene, ViewLayer | Updating Scene BVH | Copying BVH to device
Fra:1 Mem:35.24M (Peak 39.40M) | Time:00:00.01 | Mem:12.03M, Peak:12.04M | Scene, ViewLayer | Updating Mesh | Computing normals
Fra:1 Mem:35.25M (Peak 39.40M) | Time:00:00.01 | Mem:12.03M, Peak:12.04M | Scene, ViewLayer | Updating Mesh | Copying Mesh to device
Fra:1 Mem:35.25M (Peak 39.40M) | Time:00:00.01 | Mem:12.04M, Peak:12.04M | Scene, ViewLayer | Updating Objects Flags
Fra:1 Mem:35.25M (Peak 39.40M) | Time:00:00.01 | Mem:12.04M, Peak:12.04M | Scene, ViewLayer | Updating Primitive Offsets
Fra:1 Mem:35.25M (Peak 39.40M) | Time:00:00.01 | Mem:12.04M, Peak:12.04M | Scene, ViewLayer | Updating Images
Fra:1 Mem:35.25M (Peak 39.40M) | Time:00:00.01 | Mem:12.04M, Peak:12.04M | Scene, ViewLayer | Updating Camera Volume
Fra:1 Mem:35.25M (Peak 39.40M) | Time:00:00.01 | Mem:12.04M, Peak:12.04M | Scene, ViewLayer | Updating Lookup Tables
Fra:1 Mem:35.25M (Peak 39.40M) | Time:00:00.01 | Mem:12.12M, Peak:12.12M | Scene, ViewLayer | Updating Lights
Fra:1 Mem:35.25M (Peak 39.40M) | Time:00:00.01 | Mem:12.12M, Peak:12.12M | Scene, ViewLayer | Updating Lights | Computing tree
Fra:1 Mem:35.25M (Peak 39.40M) | Time:00:00.01 | Mem:12.12M, Peak:12.12M | Scene, ViewLayer | Updating Integrator
Fra:1 Mem:35.25M (Peak 39.40M) | Time:00:00.01 | Mem:12.12M, Peak:12.12M | Scene, ViewLayer | Updating Film
Fra:1 Mem:35.25M (Peak 39.40M) | Time:00:00.01 | Mem:12.04M, Peak:12.12M | Scene, ViewLayer | Updating Lookup Tables
Fra:1 Mem:35.25M (Peak 39.40M) | Time:00:00.01 | Mem:12.12M, Peak:12.12M | Scene, ViewLayer | Updating Baking
Fra:1 Mem:35.25M (Peak 39.40M) | Time:00:00.01 | Mem:12.12M, Peak:12.12M | Scene, ViewLayer | Updating Device | Writing constant memory
Fra:1 Mem:35.25M (Peak 39.40M) | Time:00:00.01 | Mem:12.12M, Peak:12.12M | Scene, ViewLayer | Loading denoising kernels (may take a few minutes the first time)
Fra:1 Mem:35.25M (Peak 39.40M) | Time:00:00.01 | Mem:12.12M, Peak:12.12M | Scene, ViewLayer | Sample 0/12
Fra:1 Mem:52.58M (Peak 52.58M) | Time:00:00.04 | Remaining:00:00.36 | Mem:29.18M, Peak:29.18M | Scene, ViewLayer | Sample 1/12
Fra:1 Mem:59.76M (Peak 70.53M) | Time:00:00.79 | Mem:29.18M, Peak:29.18M | Scene, ViewLayer | Sample 12/12
Fra:1 Mem:59.76M (Peak 70.53M) | Time:00:00.79 | Mem:29.18M, Peak:29.18M | Scene, ViewLayer | Finished
Saved: 'E:\Games_Develop\Little-Castle_Assets_cliffkit\Source\Environment\CliffKit\v001\QA\Rock_Boulder_Small_rear.png'
Time: 00:00.81 (Saving: 00:00.01)

Fra:1 Mem:23.37M (Peak 23.37M) | Time:00:00.00 | Mem:0.00M, Peak:0.00M | Scene, ViewLayer | Synchronizing object | Rock_Boulder_Large_LOD0
Fra:1 Mem:23.37M (Peak 23.37M) | Time:00:00.00 | Mem:0.00M, Peak:0.00M | Scene, ViewLayer | Synchronizing object | Plane
Fra:1 Mem:23.39M (Peak 23.39M) | Time:00:00.00 | Mem:0.00M, Peak:0.00M | Scene, ViewLayer | Initializing
Fra:1 Mem:23.38M (Peak 23.39M) | Time:00:00.00 | Mem:0.00M, Peak:0.00M | Scene, ViewLayer | Updating Images | Loading Normal_OpenGL.png.001
Fra:1 Mem:23.38M (Peak 23.39M) | Time:00:00.00 | Mem:0.00M, Peak:0.00M | Scene, ViewLayer | Updating Images | Loading BaseColor.png.001
Fra:1 Mem:23.38M (Peak 23.39M) | Time:00:00.00 | Mem:0.00M, Peak:0.00M | Scene, ViewLayer | Updating Images | Loading Roughness.png.001
Fra:1 Mem:35.14M (Peak 39.40M) | Time:00:00.01 | Mem:12.00M, Peak:12.00M | Scene, ViewLayer | Waiting for render to start
Fra:1 Mem:35.14M (Peak 39.40M) | Time:00:00.01 | Mem:12.00M, Peak:12.00M | Scene, ViewLayer | Loading render kernels (may take a few minutes the first time)
Fra:1 Mem:35.14M (Peak 39.40M) | Time:00:00.01 | Mem:12.00M, Peak:12.00M | Scene, ViewLayer | Updating Scene
Fra:1 Mem:35.14M (Peak 39.40M) | Time:00:00.01 | Mem:12.00M, Peak:12.00M | Scene, ViewLayer | Updating Shaders
Fra:1 Mem:35.23M (Peak 39.40M) | Time:00:00.01 | Mem:12.00M, Peak:12.00M | Scene, ViewLayer | Updating Procedurals
Fra:1 Mem:35.23M (Peak 39.40M) | Time:00:00.01 | Mem:12.00M, Peak:12.00M | Scene, ViewLayer | Updating Background
Fra:1 Mem:35.23M (Peak 39.40M) | Time:00:00.01 | Mem:12.00M, Peak:12.00M | Scene, ViewLayer | Updating Camera
Fra:1 Mem:35.23M (Peak 39.40M) | Time:00:00.01 | Mem:12.00M, Peak:12.00M | Scene, ViewLayer | Updating Meshes Flags
Fra:1 Mem:35.23M (Peak 39.40M) | Time:00:00.01 | Mem:12.00M, Peak:12.00M | Scene, ViewLayer | Updating Objects
Fra:1 Mem:35.23M (Peak 39.40M) | Time:00:00.01 | Mem:12.00M, Peak:12.00M | Scene, ViewLayer | Updating Objects | Copying Transformations to device
Fra:1 Mem:35.23M (Peak 39.40M) | Time:00:00.01 | Mem:12.00M, Peak:12.00M | Scene, ViewLayer | Updating Objects | Applying Static Transformations
Fra:1 Mem:35.23M (Peak 39.40M) | Time:00:00.01 | Mem:12.00M, Peak:12.00M | Scene, ViewLayer | Updating Particle Systems
Fra:1 Mem:35.23M (Peak 39.40M) | Time:00:00.01 | Mem:12.00M, Peak:12.00M | Scene, ViewLayer | Updating Particle Systems | Copying Particles to device
Fra:1 Mem:35.23M (Peak 39.40M) | Time:00:00.01 | Mem:12.00M, Peak:12.00M | Scene, ViewLayer | Updating Meshes
Fra:1 Mem:35.23M (Peak 39.40M) | Time:00:00.01 | Mem:12.00M, Peak:12.00M | Scene, ViewLayer | Updating Mesh | Computing attributes
Fra:1 Mem:35.24M (Peak 39.40M) | Time:00:00.01 | Mem:12.00M, Peak:12.00M | Scene, ViewLayer | Updating Mesh | Copying Attributes to device
Fra:1 Mem:35.24M (Peak 39.40M) | Time:00:00.01 | Mem:12.02M, Peak:12.02M | Scene, ViewLayer | Updating Scene BVH | Building
Fra:1 Mem:35.24M (Peak 39.40M) | Time:00:00.01 | Mem:12.02M, Peak:12.02M | Scene, ViewLayer | Updating Scene BVH | Building BVH
Fra:1 Mem:35.24M (Peak 39.40M) | Time:00:00.01 | Mem:12.02M, Peak:12.02M | Scene, ViewLayer | Updating Scene BVH | Building BVH 0%
Fra:1 Mem:35.24M (Peak 39.40M) | Time:00:00.01 | Mem:12.03M, Peak:12.04M | Scene, ViewLayer | Updating Scene BVH | Copying BVH to device
Fra:1 Mem:35.24M (Peak 39.40M) | Time:00:00.01 | Mem:12.03M, Peak:12.04M | Scene, ViewLayer | Updating Mesh | Computing normals
Fra:1 Mem:35.25M (Peak 39.40M) | Time:00:00.01 | Mem:12.03M, Peak:12.04M | Scene, ViewLayer | Updating Mesh | Copying Mesh to device
Fra:1 Mem:35.25M (Peak 39.40M) | Time:00:00.01 | Mem:12.04M, Peak:12.04M | Scene, ViewLayer | Updating Objects Flags
Fra:1 Mem:35.25M (Peak 39.40M) | Time:00:00.01 | Mem:12.04M, Peak:12.04M | Scene, ViewLayer | Updating Primitive Offsets
Fra:1 Mem:35.25M (Peak 39.40M) | Time:00:00.01 | Mem:12.04M, Peak:12.04M | Scene, ViewLayer | Updating Images
Fra:1 Mem:35.25M (Peak 39.40M) | Time:00:00.01 | Mem:12.04M, Peak:12.04M | Scene, ViewLayer | Updating Camera Volume
Fra:1 Mem:35.25M (Peak 39.40M) | Time:00:00.01 | Mem:12.04M, Peak:12.04M | Scene, ViewLayer | Updating Lookup Tables
Fra:1 Mem:35.25M (Peak 39.40M) | Time:00:00.01 | Mem:12.12M, Peak:12.12M | Scene, ViewLayer | Updating Lights
Fra:1 Mem:35.25M (Peak 39.40M) | Time:00:00.01 | Mem:12.12M, Peak:12.12M | Scene, ViewLayer | Updating Lights | Computing tree
Fra:1 Mem:35.25M (Peak 39.40M) | Time:00:00.01 | Mem:12.12M, Peak:12.12M | Scene, ViewLayer | Updating Integrator
Fra:1 Mem:35.25M (Peak 39.40M) | Time:00:00.01 | Mem:12.12M, Peak:12.12M | Scene, ViewLayer | Updating Film
Fra:1 Mem:35.26M (Peak 39.40M) | Time:00:00.01 | Mem:12.04M, Peak:12.12M | Scene, ViewLayer | Updating Lookup Tables
Fra:1 Mem:35.26M (Peak 39.40M) | Time:00:00.01 | Mem:12.12M, Peak:12.12M | Scene, ViewLayer | Updating Baking
Fra:1 Mem:35.26M (Peak 39.40M) | Time:00:00.01 | Mem:12.12M, Peak:12.12M | Scene, ViewLayer | Updating Device | Writing constant memory
Fra:1 Mem:35.26M (Peak 39.40M) | Time:00:00.01 | Mem:12.12M, Peak:12.12M | Scene, ViewLayer | Loading denoising kernels (may take a few minutes the first time)
Fra:1 Mem:35.26M (Peak 39.40M) | Time:00:00.01 | Mem:12.12M, Peak:12.12M | Scene, ViewLayer | Sample 0/12
Fra:1 Mem:52.58M (Peak 52.58M) | Time:00:00.04 | Remaining:00:00.33 | Mem:29.18M, Peak:29.18M | Scene, ViewLayer | Sample 1/12
Fra:1 Mem:59.76M (Peak 70.53M) | Time:00:00.79 | Mem:29.18M, Peak:29.18M | Scene, ViewLayer | Sample 12/12
Fra:1 Mem:59.76M (Peak 70.53M) | Time:00:00.79 | Mem:29.18M, Peak:29.18M | Scene, ViewLayer | Finished
Saved: 'E:\Games_Develop\Little-Castle_Assets_cliffkit\Source\Environment\CliffKit\v001\QA\Rock_Boulder_Large_LOD0.png'
Time: 00:00.81 (Saving: 00:00.01)

Fra:1 Mem:23.37M (Peak 23.37M) | Time:00:00.00 | Mem:0.00M, Peak:0.00M | Scene, ViewLayer | Synchronizing object | Rock_Boulder_Large_LOD1
Fra:1 Mem:23.37M (Peak 23.37M) | Time:00:00.00 | Mem:0.00M, Peak:0.00M | Scene, ViewLayer | Synchronizing object | Plane
Fra:1 Mem:23.38M (Peak 23.38M) | Time:00:00.00 | Mem:0.00M, Peak:0.00M | Scene, ViewLayer | Initializing
Fra:1 Mem:23.37M (Peak 23.38M) | Time:00:00.00 | Mem:0.00M, Peak:0.00M | Scene, ViewLayer | Updating Images | Loading Normal_OpenGL.png.001
Fra:1 Mem:23.37M (Peak 23.38M) | Time:00:00.00 | Mem:0.00M, Peak:0.00M | Scene, ViewLayer | Updating Images | Loading BaseColor.png.001
Fra:1 Mem:23.37M (Peak 23.38M) | Time:00:00.00 | Mem:0.00M, Peak:0.00M | Scene, ViewLayer | Updating Images | Loading Roughness.png.001
Fra:1 Mem:35.13M (Peak 39.39M) | Time:00:00.01 | Mem:12.00M, Peak:12.00M | Scene, ViewLayer | Waiting for render to start
Fra:1 Mem:35.13M (Peak 39.39M) | Time:00:00.01 | Mem:12.00M, Peak:12.00M | Scene, ViewLayer | Loading render kernels (may take a few minutes the first time)
Fra:1 Mem:35.13M (Peak 39.39M) | Time:00:00.01 | Mem:12.00M, Peak:12.00M | Scene, ViewLayer | Updating Scene
Fra:1 Mem:35.13M (Peak 39.39M) | Time:00:00.01 | Mem:12.00M, Peak:12.00M | Scene, ViewLayer | Updating Shaders
Fra:1 Mem:35.22M (Peak 39.39M) | Time:00:00.01 | Mem:12.00M, Peak:12.00M | Scene, ViewLayer | Updating Procedurals
Fra:1 Mem:35.22M (Peak 39.39M) | Time:00:00.01 | Mem:12.00M, Peak:12.00M | Scene, ViewLayer | Updating Background
Fra:1 Mem:35.22M (Peak 39.39M) | Time:00:00.01 | Mem:12.00M, Peak:12.00M | Scene, ViewLayer | Updating Camera
Fra:1 Mem:35.22M (Peak 39.39M) | Time:00:00.01 | Mem:12.00M, Peak:12.00M | Scene, ViewLayer | Updating Meshes Flags
Fra:1 Mem:35.22M (Peak 39.39M) | Time:00:00.01 | Mem:12.00M, Peak:12.00M | Scene, ViewLayer | Updating Objects
Fra:1 Mem:35.22M (Peak 39.39M) | Time:00:00.01 | Mem:12.00M, Peak:12.00M | Scene, ViewLayer | Updating Objects | Copying Transformations to device
Fra:1 Mem:35.22M (Peak 39.39M) | Time:00:00.01 | Mem:12.00M, Peak:12.00M | Scene, ViewLayer | Updating Objects | Applying Static Transformations
Fra:1 Mem:35.22M (Peak 39.39M) | Time:00:00.01 | Mem:12.00M, Peak:12.00M | Scene, ViewLayer | Updating Particle Systems
Fra:1 Mem:35.22M (Peak 39.39M) | Time:00:00.01 | Mem:12.00M, Peak:12.00M | Scene, ViewLayer | Updating Particle Systems | Copying Particles to device
Fra:1 Mem:35.22M (Peak 39.39M) | Time:00:00.01 | Mem:12.00M, Peak:12.00M | Scene, ViewLayer | Updating Meshes
Fra:1 Mem:35.22M (Peak 39.39M) | Time:00:00.01 | Mem:12.00M, Peak:12.00M | Scene, ViewLayer | Updating Mesh | Computing attributes
Fra:1 Mem:35.23M (Peak 39.39M) | Time:00:00.01 | Mem:12.00M, Peak:12.00M | Scene, ViewLayer | Updating Mesh | Copying Attributes to device
Fra:1 Mem:35.23M (Peak 39.39M) | Time:00:00.01 | Mem:12.01M, Peak:12.01M | Scene, ViewLayer | Updating Scene BVH | Building
Fra:1 Mem:35.23M (Peak 39.39M) | Time:00:00.01 | Mem:12.01M, Peak:12.01M | Scene, ViewLayer | Updating Scene BVH | Building BVH
Fra:1 Mem:35.23M (Peak 39.39M) | Time:00:00.01 | Mem:12.01M, Peak:12.01M | Scene, ViewLayer | Updating Scene BVH | Building BVH 0%
Fra:1 Mem:35.23M (Peak 39.39M) | Time:00:00.01 | Mem:12.02M, Peak:12.02M | Scene, ViewLayer | Updating Scene BVH | Copying BVH to device
Fra:1 Mem:35.23M (Peak 39.39M) | Time:00:00.01 | Mem:12.02M, Peak:12.02M | Scene, ViewLayer | Updating Mesh | Computing normals
Fra:1 Mem:35.23M (Peak 39.39M) | Time:00:00.01 | Mem:12.02M, Peak:12.02M | Scene, ViewLayer | Updating Mesh | Copying Mesh to device
Fra:1 Mem:35.23M (Peak 39.39M) | Time:00:00.01 | Mem:12.02M, Peak:12.02M | Scene, ViewLayer | Updating Objects Flags
Fra:1 Mem:35.23M (Peak 39.39M) | Time:00:00.01 | Mem:12.02M, Peak:12.02M | Scene, ViewLayer | Updating Primitive Offsets
Fra:1 Mem:35.23M (Peak 39.39M) | Time:00:00.01 | Mem:12.02M, Peak:12.02M | Scene, ViewLayer | Updating Images
Fra:1 Mem:35.23M (Peak 39.39M) | Time:00:00.01 | Mem:12.02M, Peak:12.02M | Scene, ViewLayer | Updating Camera Volume
Fra:1 Mem:35.23M (Peak 39.39M) | Time:00:00.01 | Mem:12.02M, Peak:12.02M | Scene, ViewLayer | Updating Lookup Tables
Fra:1 Mem:35.23M (Peak 39.39M) | Time:00:00.01 | Mem:12.10M, Peak:12.10M | Scene, ViewLayer | Updating Lights
Fra:1 Mem:35.23M (Peak 39.39M) | Time:00:00.01 | Mem:12.10M, Peak:12.10M | Scene, ViewLayer | Updating Lights | Computing tree
Fra:1 Mem:35.23M (Peak 39.39M) | Time:00:00.01 | Mem:12.10M, Peak:12.10M | Scene, ViewLayer | Updating Integrator
Fra:1 Mem:35.23M (Peak 39.39M) | Time:00:00.01 | Mem:12.10M, Peak:12.10M | Scene, ViewLayer | Updating Film
Fra:1 Mem:35.23M (Peak 39.39M) | Time:00:00.01 | Mem:12.02M, Peak:12.10M | Scene, ViewLayer | Updating Lookup Tables
Fra:1 Mem:35.23M (Peak 39.39M) | Time:00:00.01 | Mem:12.11M, Peak:12.11M | Scene, ViewLayer | Updating Baking
Fra:1 Mem:35.23M (Peak 39.39M) | Time:00:00.01 | Mem:12.11M, Peak:12.11M | Scene, ViewLayer | Updating Device | Writing constant memory
Fra:1 Mem:35.23M (Peak 39.39M) | Time:00:00.01 | Mem:12.11M, Peak:12.11M | Scene, ViewLayer | Loading denoising kernels (may take a few minutes the first time)
Fra:1 Mem:35.23M (Peak 39.39M) | Time:00:00.01 | Mem:12.11M, Peak:12.11M | Scene, ViewLayer | Sample 0/12
Fra:1 Mem:52.56M (Peak 52.56M) | Time:00:00.04 | Remaining:00:00.28 | Mem:29.17M, Peak:29.17M | Scene, ViewLayer | Sample 1/12
Fra:1 Mem:59.74M (Peak 70.51M) | Time:00:00.74 | Mem:29.17M, Peak:29.17M | Scene, ViewLayer | Sample 12/12
Fra:1 Mem:59.74M (Peak 70.51M) | Time:00:00.74 | Mem:29.17M, Peak:29.17M | Scene, ViewLayer | Finished
Saved: 'E:\Games_Develop\Little-Castle_Assets_cliffkit\Source\Environment\CliffKit\v001\QA\Rock_Boulder_Large_LOD1.png'
Time: 00:00.76 (Saving: 00:00.01)

Fra:1 Mem:23.37M (Peak 23.37M) | Time:00:00.00 | Mem:0.00M, Peak:0.00M | Scene, ViewLayer | Synchronizing object | Rock_Boulder_Large_LOD2
Fra:1 Mem:23.37M (Peak 23.37M) | Time:00:00.00 | Mem:0.00M, Peak:0.00M | Scene, ViewLayer | Synchronizing object | Plane
Fra:1 Mem:23.38M (Peak 23.38M) | Time:00:00.00 | Mem:0.00M, Peak:0.00M | Scene, ViewLayer | Initializing
Fra:1 Mem:23.37M (Peak 23.38M) | Time:00:00.00 | Mem:0.00M, Peak:0.00M | Scene, ViewLayer | Updating Images | Loading Normal_OpenGL.png.001
Fra:1 Mem:23.37M (Peak 23.38M) | Time:00:00.00 | Mem:0.00M, Peak:0.00M | Scene, ViewLayer | Updating Images | Loading Roughness.png.001
Fra:1 Mem:35.13M (Peak 39.39M) | Time:00:00.01 | Mem:12.00M, Peak:12.00M | Scene, ViewLayer | Waiting for render to start
Fra:1 Mem:35.13M (Peak 39.39M) | Time:00:00.01 | Mem:12.00M, Peak:12.00M | Scene, ViewLayer | Loading render kernels (may take a few minutes the first time)
Fra:1 Mem:35.13M (Peak 39.39M) | Time:00:00.01 | Mem:12.00M, Peak:12.00M | Scene, ViewLayer | Updating Scene
Fra:1 Mem:35.13M (Peak 39.39M) | Time:00:00.01 | Mem:12.00M, Peak:12.00M | Scene, ViewLayer | Updating Shaders
Fra:1 Mem:35.21M (Peak 39.39M) | Time:00:00.01 | Mem:12.00M, Peak:12.00M | Scene, ViewLayer | Updating Procedurals
Fra:1 Mem:35.21M (Peak 39.39M) | Time:00:00.01 | Mem:12.00M, Peak:12.00M | Scene, ViewLayer | Updating Background
Fra:1 Mem:35.21M (Peak 39.39M) | Time:00:00.01 | Mem:12.00M, Peak:12.00M | Scene, ViewLayer | Updating Camera
Fra:1 Mem:35.21M (Peak 39.39M) | Time:00:00.01 | Mem:12.00M, Peak:12.00M | Scene, ViewLayer | Updating Meshes Flags
Fra:1 Mem:35.21M (Peak 39.39M) | Time:00:00.01 | Mem:12.00M, Peak:12.00M | Scene, ViewLayer | Updating Objects
Fra:1 Mem:35.21M (Peak 39.39M) | Time:00:00.01 | Mem:12.00M, Peak:12.00M | Scene, ViewLayer | Updating Objects | Copying Transformations to device
Fra:1 Mem:35.21M (Peak 39.39M) | Time:00:00.01 | Mem:12.00M, Peak:12.00M | Scene, ViewLayer | Updating Objects | Applying Static Transformations
Fra:1 Mem:35.21M (Peak 39.39M) | Time:00:00.01 | Mem:12.00M, Peak:12.00M | Scene, ViewLayer | Updating Particle Systems
Fra:1 Mem:35.21M (Peak 39.39M) | Time:00:00.01 | Mem:12.00M, Peak:12.00M | Scene, ViewLayer | Updating Particle Systems | Copying Particles to device
Fra:1 Mem:35.21M (Peak 39.39M) | Time:00:00.01 | Mem:12.00M, Peak:12.00M | Scene, ViewLayer | Updating Meshes
Fra:1 Mem:35.21M (Peak 39.39M) | Time:00:00.01 | Mem:12.00M, Peak:12.00M | Scene, ViewLayer | Updating Mesh | Computing attributes
Fra:1 Mem:35.22M (Peak 39.39M) | Time:00:00.01 | Mem:12.00M, Peak:12.00M | Scene, ViewLayer | Updating Mesh | Copying Attributes to device
Fra:1 Mem:35.22M (Peak 39.39M) | Time:00:00.01 | Mem:12.01M, Peak:12.01M | Scene, ViewLayer | Updating Scene BVH | Building
Fra:1 Mem:35.22M (Peak 39.39M) | Time:00:00.01 | Mem:12.01M, Peak:12.01M | Scene, ViewLayer | Updating Scene BVH | Building BVH
Fra:1 Mem:35.22M (Peak 39.39M) | Time:00:00.01 | Mem:12.01M, Peak:12.01M | Scene, ViewLayer | Updating Scene BVH | Building BVH 0%
Fra:1 Mem:35.22M (Peak 39.39M) | Time:00:00.01 | Mem:12.01M, Peak:12.01M | Scene, ViewLayer | Updating Scene BVH | Copying BVH to device
Fra:1 Mem:35.22M (Peak 39.39M) | Time:00:00.01 | Mem:12.01M, Peak:12.01M | Scene, ViewLayer | Updating Mesh | Computing normals
Fra:1 Mem:35.22M (Peak 39.39M) | Time:00:00.01 | Mem:12.01M, Peak:12.01M | Scene, ViewLayer | Updating Mesh | Copying Mesh to device
Fra:1 Mem:35.22M (Peak 39.39M) | Time:00:00.01 | Mem:12.02M, Peak:12.02M | Scene, ViewLayer | Updating Objects Flags
Fra:1 Mem:35.22M (Peak 39.39M) | Time:00:00.01 | Mem:12.02M, Peak:12.02M | Scene, ViewLayer | Updating Primitive Offsets
Fra:1 Mem:35.22M (Peak 39.39M) | Time:00:00.01 | Mem:12.02M, Peak:12.02M | Scene, ViewLayer | Updating Images
Fra:1 Mem:35.22M (Peak 39.39M) | Time:00:00.01 | Mem:12.02M, Peak:12.02M | Scene, ViewLayer | Updating Camera Volume
Fra:1 Mem:35.22M (Peak 39.39M) | Time:00:00.01 | Mem:12.02M, Peak:12.02M | Scene, ViewLayer | Updating Lookup Tables
Fra:1 Mem:35.22M (Peak 39.39M) | Time:00:00.01 | Mem:12.10M, Peak:12.10M | Scene, ViewLayer | Updating Lights
Fra:1 Mem:35.22M (Peak 39.39M) | Time:00:00.01 | Mem:12.10M, Peak:12.10M | Scene, ViewLayer | Updating Lights | Computing tree
Fra:1 Mem:35.22M (Peak 39.39M) | Time:00:00.01 | Mem:12.10M, Peak:12.10M | Scene, ViewLayer | Updating Integrator
Fra:1 Mem:35.22M (Peak 39.39M) | Time:00:00.01 | Mem:12.10M, Peak:12.10M | Scene, ViewLayer | Updating Film
Fra:1 Mem:35.23M (Peak 39.39M) | Time:00:00.01 | Mem:12.02M, Peak:12.10M | Scene, ViewLayer | Updating Lookup Tables
Fra:1 Mem:35.23M (Peak 39.39M) | Time:00:00.01 | Mem:12.10M, Peak:12.10M | Scene, ViewLayer | Updating Baking
Fra:1 Mem:35.23M (Peak 39.39M) | Time:00:00.01 | Mem:12.10M, Peak:12.10M | Scene, ViewLayer | Updating Device | Writing constant memory
Fra:1 Mem:35.23M (Peak 39.39M) | Time:00:00.01 | Mem:12.10M, Peak:12.10M | Scene, ViewLayer | Loading denoising kernels (may take a few minutes the first time)
Fra:1 Mem:35.23M (Peak 39.39M) | Time:00:00.01 | Mem:12.10M, Peak:12.10M | Scene, ViewLayer | Sample 0/12
Fra:1 Mem:52.55M (Peak 52.55M) | Time:00:00.04 | Remaining:00:00.28 | Mem:29.16M, Peak:29.16M | Scene, ViewLayer | Sample 1/12
Fra:1 Mem:59.73M (Peak 70.50M) | Time:00:00.74 | Mem:29.16M, Peak:29.16M | Scene, ViewLayer | Sample 12/12
Fra:1 Mem:59.73M (Peak 70.50M) | Time:00:00.74 | Mem:29.16M, Peak:29.16M | Scene, ViewLayer | Finished
Saved: 'E:\Games_Develop\Little-Castle_Assets_cliffkit\Source\Environment\CliffKit\v001\QA\Rock_Boulder_Large_LOD2.png'
Time: 00:00.76 (Saving: 00:00.01)

Fra:1 Mem:23.37M (Peak 23.37M) | Time:00:00.00 | Mem:0.00M, Peak:0.00M | Scene, ViewLayer | Synchronizing object | Rock_Boulder_Large_LOD0
Fra:1 Mem:23.37M (Peak 23.37M) | Time:00:00.00 | Mem:0.00M, Peak:0.00M | Scene, ViewLayer | Synchronizing object | Plane
Fra:1 Mem:23.39M (Peak 23.39M) | Time:00:00.00 | Mem:0.00M, Peak:0.00M | Scene, ViewLayer | Initializing
Fra:1 Mem:23.38M (Peak 23.39M) | Time:00:00.00 | Mem:0.00M, Peak:0.00M | Scene, ViewLayer | Updating Images | Loading Normal_OpenGL.png.001
Fra:1 Mem:23.38M (Peak 23.39M) | Time:00:00.00 | Mem:0.00M, Peak:0.00M | Scene, ViewLayer | Updating Images | Loading Roughness.png.001
Fra:1 Mem:35.14M (Peak 39.41M) | Time:00:00.01 | Mem:12.00M, Peak:12.00M | Scene, ViewLayer | Waiting for render to start
Fra:1 Mem:35.15M (Peak 39.41M) | Time:00:00.01 | Mem:12.00M, Peak:12.00M | Scene, ViewLayer | Loading render kernels (may take a few minutes the first time)
Fra:1 Mem:35.15M (Peak 39.41M) | Time:00:00.01 | Mem:12.00M, Peak:12.00M | Scene, ViewLayer | Updating Scene
Fra:1 Mem:35.15M (Peak 39.41M) | Time:00:00.01 | Mem:12.00M, Peak:12.00M | Scene, ViewLayer | Updating Shaders
Fra:1 Mem:35.23M (Peak 39.41M) | Time:00:00.01 | Mem:12.00M, Peak:12.00M | Scene, ViewLayer | Updating Procedurals
Fra:1 Mem:35.23M (Peak 39.41M) | Time:00:00.01 | Mem:12.00M, Peak:12.00M | Scene, ViewLayer | Updating Background
Fra:1 Mem:35.23M (Peak 39.41M) | Time:00:00.01 | Mem:12.00M, Peak:12.00M | Scene, ViewLayer | Updating Camera
Fra:1 Mem:35.23M (Peak 39.41M) | Time:00:00.01 | Mem:12.00M, Peak:12.00M | Scene, ViewLayer | Updating Meshes Flags
Fra:1 Mem:35.23M (Peak 39.41M) | Time:00:00.01 | Mem:12.00M, Peak:12.00M | Scene, ViewLayer | Updating Objects
Fra:1 Mem:35.23M (Peak 39.41M) | Time:00:00.01 | Mem:12.00M, Peak:12.00M | Scene, ViewLayer | Updating Objects | Copying Transformations to device
Fra:1 Mem:35.23M (Peak 39.41M) | Time:00:00.01 | Mem:12.00M, Peak:12.00M | Scene, ViewLayer | Updating Objects | Applying Static Transformations
Fra:1 Mem:35.23M (Peak 39.41M) | Time:00:00.01 | Mem:12.00M, Peak:12.00M | Scene, ViewLayer | Updating Particle Systems
Fra:1 Mem:35.23M (Peak 39.41M) | Time:00:00.01 | Mem:12.00M, Peak:12.00M | Scene, ViewLayer | Updating Particle Systems | Copying Particles to device
Fra:1 Mem:35.23M (Peak 39.41M) | Time:00:00.01 | Mem:12.00M, Peak:12.00M | Scene, ViewLayer | Updating Meshes
Fra:1 Mem:35.23M (Peak 39.41M) | Time:00:00.01 | Mem:12.00M, Peak:12.00M | Scene, ViewLayer | Updating Mesh | Computing attributes
Fra:1 Mem:35.25M (Peak 39.41M) | Time:00:00.01 | Mem:12.00M, Peak:12.00M | Scene, ViewLayer | Updating Mesh | Copying Attributes to device
Fra:1 Mem:35.25M (Peak 39.41M) | Time:00:00.01 | Mem:12.02M, Peak:12.02M | Scene, ViewLayer | Updating Scene BVH | Building
Fra:1 Mem:35.25M (Peak 39.41M) | Time:00:00.01 | Mem:12.02M, Peak:12.02M | Scene, ViewLayer | Updating Scene BVH | Building BVH
Fra:1 Mem:35.25M (Peak 39.41M) | Time:00:00.01 | Mem:12.02M, Peak:12.02M | Scene, ViewLayer | Updating Scene BVH | Building BVH 0%
Fra:1 Mem:35.25M (Peak 39.41M) | Time:00:00.01 | Mem:12.03M, Peak:12.04M | Scene, ViewLayer | Updating Scene BVH | Copying BVH to device
Fra:1 Mem:35.25M (Peak 39.41M) | Time:00:00.01 | Mem:12.03M, Peak:12.04M | Scene, ViewLayer | Updating Mesh | Computing normals
Fra:1 Mem:35.25M (Peak 39.41M) | Time:00:00.01 | Mem:12.03M, Peak:12.04M | Scene, ViewLayer | Updating Mesh | Copying Mesh to device
Fra:1 Mem:35.25M (Peak 39.41M) | Time:00:00.01 | Mem:12.04M, Peak:12.04M | Scene, ViewLayer | Updating Objects Flags
Fra:1 Mem:35.25M (Peak 39.41M) | Time:00:00.01 | Mem:12.04M, Peak:12.04M | Scene, ViewLayer | Updating Primitive Offsets
Fra:1 Mem:35.25M (Peak 39.41M) | Time:00:00.01 | Mem:12.04M, Peak:12.04M | Scene, ViewLayer | Updating Images
Fra:1 Mem:35.25M (Peak 39.41M) | Time:00:00.01 | Mem:12.04M, Peak:12.04M | Scene, ViewLayer | Updating Camera Volume
Fra:1 Mem:35.25M (Peak 39.41M) | Time:00:00.01 | Mem:12.04M, Peak:12.04M | Scene, ViewLayer | Updating Lookup Tables
Fra:1 Mem:35.25M (Peak 39.41M) | Time:00:00.01 | Mem:12.12M, Peak:12.12M | Scene, ViewLayer | Updating Lights
Fra:1 Mem:35.25M (Peak 39.41M) | Time:00:00.01 | Mem:12.12M, Peak:12.12M | Scene, ViewLayer | Updating Lights | Computing tree
Fra:1 Mem:35.25M (Peak 39.41M) | Time:00:00.01 | Mem:12.12M, Peak:12.12M | Scene, ViewLayer | Updating Integrator
Fra:1 Mem:35.25M (Peak 39.41M) | Time:00:00.01 | Mem:12.12M, Peak:12.12M | Scene, ViewLayer | Updating Film
Fra:1 Mem:35.26M (Peak 39.41M) | Time:00:00.01 | Mem:12.04M, Peak:12.12M | Scene, ViewLayer | Updating Lookup Tables
Fra:1 Mem:35.26M (Peak 39.41M) | Time:00:00.01 | Mem:12.12M, Peak:12.12M | Scene, ViewLayer | Updating Baking
Fra:1 Mem:35.26M (Peak 39.41M) | Time:00:00.01 | Mem:12.12M, Peak:12.12M | Scene, ViewLayer | Updating Device | Writing constant memory
Fra:1 Mem:35.26M (Peak 39.41M) | Time:00:00.01 | Mem:12.12M, Peak:12.12M | Scene, ViewLayer | Loading denoising kernels (may take a few minutes the first time)
Fra:1 Mem:35.26M (Peak 39.41M) | Time:00:00.01 | Mem:12.12M, Peak:12.12M | Scene, ViewLayer | Sample 0/12
Fra:1 Mem:52.58M (Peak 52.58M) | Time:00:00.04 | Remaining:00:00.30 | Mem:29.18M, Peak:29.18M | Scene, ViewLayer | Sample 1/12
Fra:1 Mem:59.77M (Peak 70.53M) | Time:00:00.74 | Mem:29.18M, Peak:29.18M | Scene, ViewLayer | Sample 12/12
Fra:1 Mem:59.77M (Peak 70.53M) | Time:00:00.74 | Mem:29.18M, Peak:29.18M | Scene, ViewLayer | Finished
Saved: 'E:\Games_Develop\Little-Castle_Assets_cliffkit\Source\Environment\CliffKit\v001\QA\Rock_Boulder_Large_front.png'
Time: 00:00.76 (Saving: 00:00.01)

Fra:1 Mem:23.37M (Peak 23.37M) | Time:00:00.00 | Mem:0.00M, Peak:0.00M | Scene, ViewLayer | Synchronizing object | Rock_Boulder_Large_LOD0
Fra:1 Mem:23.37M (Peak 23.37M) | Time:00:00.00 | Mem:0.00M, Peak:0.00M | Scene, ViewLayer | Synchronizing object | Plane
Fra:1 Mem:23.39M (Peak 23.39M) | Time:00:00.00 | Mem:0.00M, Peak:0.00M | Scene, ViewLayer | Initializing
Fra:1 Mem:23.38M (Peak 23.39M) | Time:00:00.00 | Mem:0.00M, Peak:0.00M | Scene, ViewLayer | Updating Images | Loading Normal_OpenGL.png.001
Fra:1 Mem:23.38M (Peak 23.39M) | Time:00:00.00 | Mem:0.00M, Peak:0.00M | Scene, ViewLayer | Updating Images | Loading Roughness.png.001
Fra:1 Mem:35.14M (Peak 39.41M) | Time:00:00.01 | Mem:12.00M, Peak:12.00M | Scene, ViewLayer | Waiting for render to start
Fra:1 Mem:35.15M (Peak 39.41M) | Time:00:00.01 | Mem:12.00M, Peak:12.00M | Scene, ViewLayer | Loading render kernels (may take a few minutes the first time)
Fra:1 Mem:35.15M (Peak 39.41M) | Time:00:00.01 | Mem:12.00M, Peak:12.00M | Scene, ViewLayer | Updating Scene
Fra:1 Mem:35.15M (Peak 39.41M) | Time:00:00.01 | Mem:12.00M, Peak:12.00M | Scene, ViewLayer | Updating Shaders
Fra:1 Mem:35.23M (Peak 39.41M) | Time:00:00.01 | Mem:12.00M, Peak:12.00M | Scene, ViewLayer | Updating Procedurals
Fra:1 Mem:35.23M (Peak 39.41M) | Time:00:00.01 | Mem:12.00M, Peak:12.00M | Scene, ViewLayer | Updating Background
Fra:1 Mem:35.23M (Peak 39.41M) | Time:00:00.01 | Mem:12.00M, Peak:12.00M | Scene, ViewLayer | Updating Camera
Fra:1 Mem:35.23M (Peak 39.41M) | Time:00:00.01 | Mem:12.00M, Peak:12.00M | Scene, ViewLayer | Updating Meshes Flags
Fra:1 Mem:35.23M (Peak 39.41M) | Time:00:00.01 | Mem:12.00M, Peak:12.00M | Scene, ViewLayer | Updating Objects
Fra:1 Mem:35.23M (Peak 39.41M) | Time:00:00.01 | Mem:12.00M, Peak:12.00M | Scene, ViewLayer | Updating Objects | Copying Transformations to device
Fra:1 Mem:35.23M (Peak 39.41M) | Time:00:00.01 | Mem:12.00M, Peak:12.00M | Scene, ViewLayer | Updating Objects | Applying Static Transformations
Fra:1 Mem:35.23M (Peak 39.41M) | Time:00:00.01 | Mem:12.00M, Peak:12.00M | Scene, ViewLayer | Updating Particle Systems
Fra:1 Mem:35.23M (Peak 39.41M) | Time:00:00.01 | Mem:12.00M, Peak:12.00M | Scene, ViewLayer | Updating Particle Systems | Copying Particles to device
Fra:1 Mem:35.23M (Peak 39.41M) | Time:00:00.01 | Mem:12.00M, Peak:12.00M | Scene, ViewLayer | Updating Meshes
Fra:1 Mem:35.23M (Peak 39.41M) | Time:00:00.01 | Mem:12.00M, Peak:12.00M | Scene, ViewLayer | Updating Mesh | Computing attributes
Fra:1 Mem:35.25M (Peak 39.41M) | Time:00:00.01 | Mem:12.00M, Peak:12.00M | Scene, ViewLayer | Updating Mesh | Copying Attributes to device
Fra:1 Mem:35.25M (Peak 39.41M) | Time:00:00.01 | Mem:12.02M, Peak:12.02M | Scene, ViewLayer | Updating Scene BVH | Building
Fra:1 Mem:35.25M (Peak 39.41M) | Time:00:00.01 | Mem:12.02M, Peak:12.02M | Scene, ViewLayer | Updating Scene BVH | Building BVH
Fra:1 Mem:35.25M (Peak 39.41M) | Time:00:00.01 | Mem:12.02M, Peak:12.02M | Scene, ViewLayer | Updating Scene BVH | Building BVH 0%
Fra:1 Mem:35.25M (Peak 39.41M) | Time:00:00.01 | Mem:12.03M, Peak:12.04M | Scene, ViewLayer | Updating Scene BVH | Copying BVH to device
Fra:1 Mem:35.25M (Peak 39.41M) | Time:00:00.01 | Mem:12.03M, Peak:12.04M | Scene, ViewLayer | Updating Mesh | Computing normals
Fra:1 Mem:35.25M (Peak 39.41M) | Time:00:00.01 | Mem:12.03M, Peak:12.04M | Scene, ViewLayer | Updating Mesh | Copying Mesh to device
Fra:1 Mem:35.25M (Peak 39.41M) | Time:00:00.01 | Mem:12.04M, Peak:12.04M | Scene, ViewLayer | Updating Objects Flags
Fra:1 Mem:35.25M (Peak 39.41M) | Time:00:00.01 | Mem:12.04M, Peak:12.04M | Scene, ViewLayer | Updating Primitive Offsets
Fra:1 Mem:35.25M (Peak 39.41M) | Time:00:00.01 | Mem:12.04M, Peak:12.04M | Scene, ViewLayer | Updating Images
Fra:1 Mem:35.25M (Peak 39.41M) | Time:00:00.01 | Mem:12.04M, Peak:12.04M | Scene, ViewLayer | Updating Camera Volume
Fra:1 Mem:35.25M (Peak 39.41M) | Time:00:00.01 | Mem:12.04M, Peak:12.04M | Scene, ViewLayer | Updating Lookup Tables
Fra:1 Mem:35.25M (Peak 39.41M) | Time:00:00.01 | Mem:12.12M, Peak:12.12M | Scene, ViewLayer | Updating Lights
Fra:1 Mem:35.25M (Peak 39.41M) | Time:00:00.01 | Mem:12.12M, Peak:12.12M | Scene, ViewLayer | Updating Lights | Computing tree
Fra:1 Mem:35.25M (Peak 39.41M) | Time:00:00.01 | Mem:12.12M, Peak:12.12M | Scene, ViewLayer | Updating Integrator
Fra:1 Mem:35.25M (Peak 39.41M) | Time:00:00.01 | Mem:12.12M, Peak:12.12M | Scene, ViewLayer | Updating Film
Fra:1 Mem:35.26M (Peak 39.41M) | Time:00:00.01 | Mem:12.04M, Peak:12.12M | Scene, ViewLayer | Updating Lookup Tables
Fra:1 Mem:35.26M (Peak 39.41M) | Time:00:00.01 | Mem:12.12M, Peak:12.12M | Scene, ViewLayer | Updating Baking
Fra:1 Mem:35.26M (Peak 39.41M) | Time:00:00.01 | Mem:12.12M, Peak:12.12M | Scene, ViewLayer | Updating Device | Writing constant memory
Fra:1 Mem:35.26M (Peak 39.41M) | Time:00:00.01 | Mem:12.12M, Peak:12.12M | Scene, ViewLayer | Loading denoising kernels (may take a few minutes the first time)
Fra:1 Mem:35.26M (Peak 39.41M) | Time:00:00.01 | Mem:12.12M, Peak:12.12M | Scene, ViewLayer | Sample 0/12
Fra:1 Mem:52.58M (Peak 52.58M) | Time:00:00.04 | Remaining:00:00.34 | Mem:29.18M, Peak:29.18M | Scene, ViewLayer | Sample 1/12
Fra:1 Mem:59.77M (Peak 70.53M) | Time:00:00.79 | Mem:29.18M, Peak:29.18M | Scene, ViewLayer | Sample 12/12
Fra:1 Mem:59.77M (Peak 70.53M) | Time:00:00.79 | Mem:29.18M, Peak:29.18M | Scene, ViewLayer | Finished
Saved: 'E:\Games_Develop\Little-Castle_Assets_cliffkit\Source\Environment\CliffKit\v001\QA\Rock_Boulder_Large_rear.png'
Time: 00:00.81 (Saving: 00:00.01)

Fra:1 Mem:23.44M (Peak 23.44M) | Time:00:00.00 | Mem:0.00M, Peak:0.00M | Scene, ViewLayer | Synchronizing object | Ramp_Hike_A_LOD0
Fra:1 Mem:23.45M (Peak 23.45M) | Time:00:00.00 | Mem:0.00M, Peak:0.00M | Scene, ViewLayer | Synchronizing object | Plane
Fra:1 Mem:23.52M (Peak 23.52M) | Time:00:00.00 | Mem:0.00M, Peak:0.00M | Scene, ViewLayer | Initializing
Fra:1 Mem:23.51M (Peak 23.52M) | Time:00:00.00 | Mem:0.00M, Peak:0.00M | Scene, ViewLayer | Updating Images | Loading Normal_OpenGL.png.002
Fra:1 Mem:23.51M (Peak 23.52M) | Time:00:00.00 | Mem:0.00M, Peak:0.00M | Scene, ViewLayer | Updating Images | Loading BaseColor.png
Fra:1 Mem:23.51M (Peak 23.52M) | Time:00:00.00 | Mem:0.00M, Peak:0.00M | Scene, ViewLayer | Updating Images | Loading Roughness.png.002
Fra:1 Mem:47.20M (Peak 59.55M) | Time:00:00.01 | Mem:24.00M, Peak:24.00M | Scene, ViewLayer | Waiting for render to start
Fra:1 Mem:47.20M (Peak 59.55M) | Time:00:00.01 | Mem:24.00M, Peak:24.00M | Scene, ViewLayer | Loading render kernels (may take a few minutes the first time)
Fra:1 Mem:47.20M (Peak 59.55M) | Time:00:00.01 | Mem:24.00M, Peak:24.00M | Scene, ViewLayer | Updating Scene
Fra:1 Mem:47.20M (Peak 59.55M) | Time:00:00.01 | Mem:24.00M, Peak:24.00M | Scene, ViewLayer | Updating Shaders
Fra:1 Mem:47.29M (Peak 59.55M) | Time:00:00.01 | Mem:24.00M, Peak:24.00M | Scene, ViewLayer | Updating Procedurals
Fra:1 Mem:47.29M (Peak 59.55M) | Time:00:00.01 | Mem:24.00M, Peak:24.00M | Scene, ViewLayer | Updating Background
Fra:1 Mem:47.29M (Peak 59.55M) | Time:00:00.01 | Mem:24.00M, Peak:24.00M | Scene, ViewLayer | Updating Camera
Fra:1 Mem:47.29M (Peak 59.55M) | Time:00:00.01 | Mem:24.00M, Peak:24.00M | Scene, ViewLayer | Updating Meshes Flags
Fra:1 Mem:47.29M (Peak 59.55M) | Time:00:00.01 | Mem:24.00M, Peak:24.00M | Scene, ViewLayer | Updating Objects
Fra:1 Mem:47.29M (Peak 59.55M) | Time:00:00.01 | Mem:24.00M, Peak:24.00M | Scene, ViewLayer | Updating Objects | Copying Transformations to device
Fra:1 Mem:47.29M (Peak 59.55M) | Time:00:00.01 | Mem:24.00M, Peak:24.00M | Scene, ViewLayer | Updating Objects | Applying Static Transformations
Fra:1 Mem:47.29M (Peak 59.55M) | Time:00:00.01 | Mem:24.00M, Peak:24.00M | Scene, ViewLayer | Updating Particle Systems
Fra:1 Mem:47.29M (Peak 59.55M) | Time:00:00.01 | Mem:24.00M, Peak:24.00M | Scene, ViewLayer | Updating Particle Systems | Copying Particles to device
Fra:1 Mem:47.29M (Peak 59.55M) | Time:00:00.01 | Mem:24.00M, Peak:24.00M | Scene, ViewLayer | Updating Meshes
Fra:1 Mem:47.29M (Peak 59.55M) | Time:00:00.01 | Mem:24.00M, Peak:24.00M | Scene, ViewLayer | Updating Mesh | Computing attributes
Fra:1 Mem:47.34M (Peak 59.55M) | Time:00:00.01 | Mem:24.00M, Peak:24.00M | Scene, ViewLayer | Updating Mesh | Copying Attributes to device
Fra:1 Mem:47.34M (Peak 59.55M) | Time:00:00.01 | Mem:24.05M, Peak:24.05M | Scene, ViewLayer | Updating Scene BVH | Building
Fra:1 Mem:47.34M (Peak 59.55M) | Time:00:00.01 | Mem:24.05M, Peak:24.05M | Scene, ViewLayer | Updating Scene BVH | Building BVH
Fra:1 Mem:47.34M (Peak 59.55M) | Time:00:00.01 | Mem:24.06M, Peak:24.06M | Scene, ViewLayer | Updating Scene BVH | Building BVH 0%
Fra:1 Mem:47.34M (Peak 59.55M) | Time:00:00.01 | Mem:24.09M, Peak:24.11M | Scene, ViewLayer | Updating Scene BVH | Copying BVH to device
Fra:1 Mem:47.34M (Peak 59.55M) | Time:00:00.01 | Mem:24.09M, Peak:24.11M | Scene, ViewLayer | Updating Mesh | Computing normals
Fra:1 Mem:47.36M (Peak 59.55M) | Time:00:00.01 | Mem:24.09M, Peak:24.11M | Scene, ViewLayer | Updating Mesh | Copying Mesh to device
Fra:1 Mem:47.36M (Peak 59.55M) | Time:00:00.01 | Mem:24.11M, Peak:24.11M | Scene, ViewLayer | Updating Objects Flags
Fra:1 Mem:47.36M (Peak 59.55M) | Time:00:00.01 | Mem:24.11M, Peak:24.11M | Scene, ViewLayer | Updating Primitive Offsets
Fra:1 Mem:47.36M (Peak 59.55M) | Time:00:00.01 | Mem:24.11M, Peak:24.11M | Scene, ViewLayer | Updating Images
Fra:1 Mem:47.36M (Peak 59.55M) | Time:00:00.01 | Mem:24.11M, Peak:24.11M | Scene, ViewLayer | Updating Camera Volume
Fra:1 Mem:47.36M (Peak 59.55M) | Time:00:00.01 | Mem:24.11M, Peak:24.11M | Scene, ViewLayer | Updating Lookup Tables
Fra:1 Mem:47.36M (Peak 59.55M) | Time:00:00.01 | Mem:24.19M, Peak:24.19M | Scene, ViewLayer | Updating Lights
Fra:1 Mem:47.36M (Peak 59.55M) | Time:00:00.01 | Mem:24.19M, Peak:24.19M | Scene, ViewLayer | Updating Lights | Computing tree
Fra:1 Mem:47.36M (Peak 59.55M) | Time:00:00.01 | Mem:24.19M, Peak:24.19M | Scene, ViewLayer | Updating Integrator
Fra:1 Mem:47.36M (Peak 59.55M) | Time:00:00.01 | Mem:24.19M, Peak:24.19M | Scene, ViewLayer | Updating Film
Fra:1 Mem:47.36M (Peak 59.55M) | Time:00:00.01 | Mem:24.11M, Peak:24.19M | Scene, ViewLayer | Updating Lookup Tables
Fra:1 Mem:47.36M (Peak 59.55M) | Time:00:00.01 | Mem:24.19M, Peak:24.19M | Scene, ViewLayer | Updating Baking
Fra:1 Mem:47.36M (Peak 59.55M) | Time:00:00.01 | Mem:24.19M, Peak:24.19M | Scene, ViewLayer | Updating Device | Writing constant memory
Fra:1 Mem:47.36M (Peak 59.55M) | Time:00:00.01 | Mem:24.19M, Peak:24.19M | Scene, ViewLayer | Loading denoising kernels (may take a few minutes the first time)
Fra:1 Mem:47.36M (Peak 59.55M) | Time:00:00.01 | Mem:24.19M, Peak:24.19M | Scene, ViewLayer | Sample 0/12
Fra:1 Mem:64.69M (Peak 64.69M) | Time:00:00.04 | Remaining:00:00.26 | Mem:41.25M, Peak:41.25M | Scene, ViewLayer | Sample 1/12
Fra:1 Mem:71.87M (Peak 82.64M) | Time:00:00.73 | Mem:41.25M, Peak:41.25M | Scene, ViewLayer | Sample 12/12
Fra:1 Mem:71.87M (Peak 82.64M) | Time:00:00.73 | Mem:41.25M, Peak:41.25M | Scene, ViewLayer | Finished
Saved: 'E:\Games_Develop\Little-Castle_Assets_cliffkit\Source\Environment\CliffKit\v001\QA\Ramp_Hike_A_LOD0.png'
Time: 00:00.75 (Saving: 00:00.01)

Fra:1 Mem:23.45M (Peak 23.45M) | Time:00:00.00 | Mem:0.00M, Peak:0.00M | Scene, ViewLayer | Synchronizing object | Ramp_Hike_A_LOD1
Fra:1 Mem:23.45M (Peak 23.45M) | Time:00:00.00 | Mem:0.00M, Peak:0.00M | Scene, ViewLayer | Synchronizing object | Plane
Fra:1 Mem:23.48M (Peak 23.48M) | Time:00:00.00 | Mem:0.00M, Peak:0.00M | Scene, ViewLayer | Initializing
Fra:1 Mem:23.47M (Peak 23.48M) | Time:00:00.00 | Mem:0.00M, Peak:0.00M | Scene, ViewLayer | Updating Images | Loading BaseColor.png
Fra:1 Mem:23.47M (Peak 23.48M) | Time:00:00.00 | Mem:0.00M, Peak:0.00M | Scene, ViewLayer | Updating Images | Loading Normal_OpenGL.png.002
Fra:1 Mem:23.47M (Peak 23.48M) | Time:00:00.00 | Mem:0.00M, Peak:0.00M | Scene, ViewLayer | Updating Images | Loading Normal_OpenGL.png
Fra:1 Mem:23.47M (Peak 23.48M) | Time:00:00.00 | Mem:0.00M, Peak:0.00M | Scene, ViewLayer | Updating Images | Loading Roughness.png.002
Fra:1 Mem:47.16M (Peak 55.50M) | Time:00:00.01 | Mem:24.00M, Peak:24.00M | Scene, ViewLayer | Waiting for render to start
Fra:1 Mem:47.16M (Peak 55.50M) | Time:00:00.01 | Mem:24.00M, Peak:24.00M | Scene, ViewLayer | Loading render kernels (may take a few minutes the first time)
Fra:1 Mem:47.16M (Peak 55.50M) | Time:00:00.01 | Mem:24.00M, Peak:24.00M | Scene, ViewLayer | Updating Scene
Fra:1 Mem:47.16M (Peak 55.50M) | Time:00:00.01 | Mem:24.00M, Peak:24.00M | Scene, ViewLayer | Updating Shaders
Fra:1 Mem:47.24M (Peak 55.50M) | Time:00:00.01 | Mem:24.00M, Peak:24.00M | Scene, ViewLayer | Updating Procedurals
Fra:1 Mem:47.24M (Peak 55.50M) | Time:00:00.01 | Mem:24.00M, Peak:24.00M | Scene, ViewLayer | Updating Background
Fra:1 Mem:47.24M (Peak 55.50M) | Time:00:00.01 | Mem:24.00M, Peak:24.00M | Scene, ViewLayer | Updating Camera
Fra:1 Mem:47.24M (Peak 55.50M) | Time:00:00.01 | Mem:24.00M, Peak:24.00M | Scene, ViewLayer | Updating Meshes Flags
Fra:1 Mem:47.24M (Peak 55.50M) | Time:00:00.01 | Mem:24.00M, Peak:24.00M | Scene, ViewLayer | Updating Objects
Fra:1 Mem:47.24M (Peak 55.50M) | Time:00:00.01 | Mem:24.00M, Peak:24.00M | Scene, ViewLayer | Updating Objects | Copying Transformations to device
Fra:1 Mem:47.24M (Peak 55.50M) | Time:00:00.01 | Mem:24.00M, Peak:24.00M | Scene, ViewLayer | Updating Objects | Applying Static Transformations
Fra:1 Mem:47.24M (Peak 55.50M) | Time:00:00.01 | Mem:24.00M, Peak:24.00M | Scene, ViewLayer | Updating Particle Systems
Fra:1 Mem:47.24M (Peak 55.50M) | Time:00:00.01 | Mem:24.00M, Peak:24.00M | Scene, ViewLayer | Updating Particle Systems | Copying Particles to device
Fra:1 Mem:47.24M (Peak 55.50M) | Time:00:00.01 | Mem:24.00M, Peak:24.00M | Scene, ViewLayer | Updating Meshes
Fra:1 Mem:47.25M (Peak 55.50M) | Time:00:00.01 | Mem:24.00M, Peak:24.00M | Scene, ViewLayer | Updating Mesh | Computing attributes
Fra:1 Mem:47.26M (Peak 55.50M) | Time:00:00.01 | Mem:24.00M, Peak:24.00M | Scene, ViewLayer | Updating Mesh | Copying Attributes to device
Fra:1 Mem:47.26M (Peak 55.50M) | Time:00:00.01 | Mem:24.02M, Peak:24.02M | Scene, ViewLayer | Updating Scene BVH | Building
Fra:1 Mem:47.26M (Peak 55.50M) | Time:00:00.01 | Mem:24.02M, Peak:24.02M | Scene, ViewLayer | Updating Scene BVH | Building BVH
Fra:1 Mem:47.26M (Peak 55.50M) | Time:00:00.01 | Mem:24.02M, Peak:24.02M | Scene, ViewLayer | Updating Scene BVH | Building BVH 0%
Fra:1 Mem:47.26M (Peak 55.50M) | Time:00:00.01 | Mem:24.03M, Peak:24.04M | Scene, ViewLayer | Updating Scene BVH | Copying BVH to device
Fra:1 Mem:47.26M (Peak 55.50M) | Time:00:00.01 | Mem:24.03M, Peak:24.04M | Scene, ViewLayer | Updating Mesh | Computing normals
Fra:1 Mem:47.27M (Peak 55.50M) | Time:00:00.01 | Mem:24.03M, Peak:24.04M | Scene, ViewLayer | Updating Mesh | Copying Mesh to device
Fra:1 Mem:47.27M (Peak 55.50M) | Time:00:00.01 | Mem:24.04M, Peak:24.04M | Scene, ViewLayer | Updating Objects Flags
Fra:1 Mem:47.27M (Peak 55.50M) | Time:00:00.01 | Mem:24.04M, Peak:24.04M | Scene, ViewLayer | Updating Primitive Offsets
Fra:1 Mem:47.27M (Peak 55.50M) | Time:00:00.01 | Mem:24.04M, Peak:24.04M | Scene, ViewLayer | Updating Images
Fra:1 Mem:47.27M (Peak 55.50M) | Time:00:00.01 | Mem:24.04M, Peak:24.04M | Scene, ViewLayer | Updating Camera Volume
Fra:1 Mem:47.27M (Peak 55.50M) | Time:00:00.01 | Mem:24.04M, Peak:24.04M | Scene, ViewLayer | Updating Lookup Tables
Fra:1 Mem:47.27M (Peak 55.50M) | Time:00:00.01 | Mem:24.12M, Peak:24.12M | Scene, ViewLayer | Updating Lights
Fra:1 Mem:47.27M (Peak 55.50M) | Time:00:00.01 | Mem:24.12M, Peak:24.12M | Scene, ViewLayer | Updating Lights | Computing tree
Fra:1 Mem:47.27M (Peak 55.50M) | Time:00:00.01 | Mem:24.12M, Peak:24.12M | Scene, ViewLayer | Updating Integrator
Fra:1 Mem:47.27M (Peak 55.50M) | Time:00:00.01 | Mem:24.12M, Peak:24.12M | Scene, ViewLayer | Updating Film
Fra:1 Mem:47.27M (Peak 55.50M) | Time:00:00.01 | Mem:24.04M, Peak:24.12M | Scene, ViewLayer | Updating Lookup Tables
Fra:1 Mem:47.27M (Peak 55.50M) | Time:00:00.01 | Mem:24.12M, Peak:24.12M | Scene, ViewLayer | Updating Baking
Fra:1 Mem:47.27M (Peak 55.50M) | Time:00:00.01 | Mem:24.12M, Peak:24.12M | Scene, ViewLayer | Updating Device | Writing constant memory
Fra:1 Mem:47.27M (Peak 55.50M) | Time:00:00.01 | Mem:24.12M, Peak:24.12M | Scene, ViewLayer | Loading denoising kernels (may take a few minutes the first time)
Fra:1 Mem:47.27M (Peak 55.50M) | Time:00:00.01 | Mem:24.12M, Peak:24.12M | Scene, ViewLayer | Sample 0/12
Fra:1 Mem:64.60M (Peak 64.60M) | Time:00:00.04 | Remaining:00:00.26 | Mem:41.18M, Peak:41.18M | Scene, ViewLayer | Sample 1/12
Fra:1 Mem:71.78M (Peak 82.55M) | Time:00:00.72 | Mem:41.18M, Peak:41.18M | Scene, ViewLayer | Sample 12/12
Fra:1 Mem:71.78M (Peak 82.55M) | Time:00:00.72 | Mem:41.18M, Peak:41.18M | Scene, ViewLayer | Finished
Saved: 'E:\Games_Develop\Little-Castle_Assets_cliffkit\Source\Environment\CliffKit\v001\QA\Ramp_Hike_A_LOD1.png'
Time: 00:00.74 (Saving: 00:00.01)

Fra:1 Mem:23.46M (Peak 23.46M) | Time:00:00.00 | Mem:0.00M, Peak:0.00M | Scene, ViewLayer | Synchronizing object | Ramp_Hike_A_LOD2
Fra:1 Mem:23.46M (Peak 23.46M) | Time:00:00.00 | Mem:0.00M, Peak:0.00M | Scene, ViewLayer | Synchronizing object | Plane
Fra:1 Mem:23.47M (Peak 23.47M) | Time:00:00.00 | Mem:0.00M, Peak:0.00M | Scene, ViewLayer | Initializing
Fra:1 Mem:23.46M (Peak 23.47M) | Time:00:00.00 | Mem:0.00M, Peak:0.00M | Scene, ViewLayer | Updating Images | Loading Normal_OpenGL.png.002
Fra:1 Mem:23.46M (Peak 23.47M) | Time:00:00.00 | Mem:0.00M, Peak:0.00M | Scene, ViewLayer | Updating Images | Loading Normal_OpenGL.png
Fra:1 Mem:23.46M (Peak 23.47M) | Time:00:00.00 | Mem:0.00M, Peak:0.00M | Scene, ViewLayer | Updating Images | Loading Roughness.png.002
Fra:1 Mem:47.15M (Peak 51.49M) | Time:00:00.01 | Mem:24.00M, Peak:24.00M | Scene, ViewLayer | Waiting for render to start
Fra:1 Mem:47.15M (Peak 51.49M) | Time:00:00.01 | Mem:24.00M, Peak:24.00M | Scene, ViewLayer | Loading render kernels (may take a few minutes the first time)
Fra:1 Mem:47.15M (Peak 51.49M) | Time:00:00.01 | Mem:24.00M, Peak:24.00M | Scene, ViewLayer | Updating Scene
Fra:1 Mem:47.15M (Peak 51.49M) | Time:00:00.01 | Mem:24.00M, Peak:24.00M | Scene, ViewLayer | Updating Shaders
Fra:1 Mem:47.23M (Peak 51.49M) | Time:00:00.01 | Mem:24.00M, Peak:24.00M | Scene, ViewLayer | Updating Procedurals
Fra:1 Mem:47.23M (Peak 51.49M) | Time:00:00.01 | Mem:24.00M, Peak:24.00M | Scene, ViewLayer | Updating Background
Fra:1 Mem:47.23M (Peak 51.49M) | Time:00:00.01 | Mem:24.00M, Peak:24.00M | Scene, ViewLayer | Updating Camera
Fra:1 Mem:47.23M (Peak 51.49M) | Time:00:00.01 | Mem:24.00M, Peak:24.00M | Scene, ViewLayer | Updating Meshes Flags
Fra:1 Mem:47.23M (Peak 51.49M) | Time:00:00.01 | Mem:24.00M, Peak:24.00M | Scene, ViewLayer | Updating Objects
Fra:1 Mem:47.23M (Peak 51.49M) | Time:00:00.01 | Mem:24.00M, Peak:24.00M | Scene, ViewLayer | Updating Objects | Copying Transformations to device
Fra:1 Mem:47.23M (Peak 51.49M) | Time:00:00.01 | Mem:24.00M, Peak:24.00M | Scene, ViewLayer | Updating Objects | Applying Static Transformations
Fra:1 Mem:47.23M (Peak 51.49M) | Time:00:00.01 | Mem:24.00M, Peak:24.00M | Scene, ViewLayer | Updating Particle Systems
Fra:1 Mem:47.23M (Peak 51.49M) | Time:00:00.01 | Mem:24.00M, Peak:24.00M | Scene, ViewLayer | Updating Particle Systems | Copying Particles to device
Fra:1 Mem:47.23M (Peak 51.49M) | Time:00:00.01 | Mem:24.00M, Peak:24.00M | Scene, ViewLayer | Updating Meshes
Fra:1 Mem:47.24M (Peak 51.49M) | Time:00:00.01 | Mem:24.00M, Peak:24.00M | Scene, ViewLayer | Updating Mesh | Computing attributes
Fra:1 Mem:47.25M (Peak 51.49M) | Time:00:00.01 | Mem:24.00M, Peak:24.00M | Scene, ViewLayer | Updating Mesh | Copying Attributes to device
Fra:1 Mem:47.24M (Peak 51.49M) | Time:00:00.01 | Mem:24.01M, Peak:24.01M | Scene, ViewLayer | Updating Scene BVH | Building
Fra:1 Mem:47.24M (Peak 51.49M) | Time:00:00.01 | Mem:24.01M, Peak:24.01M | Scene, ViewLayer | Updating Scene BVH | Building BVH
Fra:1 Mem:47.24M (Peak 51.49M) | Time:00:00.01 | Mem:24.01M, Peak:24.01M | Scene, ViewLayer | Updating Scene BVH | Building BVH 0%
Fra:1 Mem:47.24M (Peak 51.49M) | Time:00:00.01 | Mem:24.02M, Peak:24.02M | Scene, ViewLayer | Updating Scene BVH | Copying BVH to device
Fra:1 Mem:47.24M (Peak 51.49M) | Time:00:00.01 | Mem:24.02M, Peak:24.02M | Scene, ViewLayer | Updating Mesh | Computing normals
Fra:1 Mem:47.25M (Peak 51.49M) | Time:00:00.01 | Mem:24.02M, Peak:24.02M | Scene, ViewLayer | Updating Mesh | Copying Mesh to device
Fra:1 Mem:47.25M (Peak 51.49M) | Time:00:00.01 | Mem:24.03M, Peak:24.03M | Scene, ViewLayer | Updating Objects Flags
Fra:1 Mem:47.25M (Peak 51.49M) | Time:00:00.01 | Mem:24.03M, Peak:24.03M | Scene, ViewLayer | Updating Primitive Offsets
Fra:1 Mem:47.25M (Peak 51.49M) | Time:00:00.01 | Mem:24.03M, Peak:24.03M | Scene, ViewLayer | Updating Images
Fra:1 Mem:47.25M (Peak 51.49M) | Time:00:00.01 | Mem:24.03M, Peak:24.03M | Scene, ViewLayer | Updating Camera Volume
Fra:1 Mem:47.25M (Peak 51.49M) | Time:00:00.01 | Mem:24.03M, Peak:24.03M | Scene, ViewLayer | Updating Lookup Tables
Fra:1 Mem:47.25M (Peak 51.49M) | Time:00:00.01 | Mem:24.11M, Peak:24.11M | Scene, ViewLayer | Updating Lights
Fra:1 Mem:47.25M (Peak 51.49M) | Time:00:00.01 | Mem:24.11M, Peak:24.11M | Scene, ViewLayer | Updating Lights | Computing tree
Fra:1 Mem:47.25M (Peak 51.49M) | Time:00:00.01 | Mem:24.11M, Peak:24.11M | Scene, ViewLayer | Updating Integrator
Fra:1 Mem:47.25M (Peak 51.49M) | Time:00:00.01 | Mem:24.11M, Peak:24.11M | Scene, ViewLayer | Updating Film
Fra:1 Mem:47.25M (Peak 51.49M) | Time:00:00.01 | Mem:24.03M, Peak:24.11M | Scene, ViewLayer | Updating Lookup Tables
Fra:1 Mem:47.25M (Peak 51.49M) | Time:00:00.01 | Mem:24.11M, Peak:24.11M | Scene, ViewLayer | Updating Baking
Fra:1 Mem:47.25M (Peak 51.49M) | Time:00:00.01 | Mem:24.11M, Peak:24.11M | Scene, ViewLayer | Updating Device | Writing constant memory
Fra:1 Mem:47.25M (Peak 51.49M) | Time:00:00.01 | Mem:24.11M, Peak:24.11M | Scene, ViewLayer | Loading denoising kernels (may take a few minutes the first time)
Fra:1 Mem:47.25M (Peak 51.49M) | Time:00:00.01 | Mem:24.11M, Peak:24.11M | Scene, ViewLayer | Sample 0/12
Fra:1 Mem:64.58M (Peak 64.58M) | Time:00:00.04 | Remaining:00:00.30 | Mem:41.17M, Peak:41.17M | Scene, ViewLayer | Sample 1/12
Fra:1 Mem:71.76M (Peak 82.53M) | Time:00:00.73 | Mem:41.17M, Peak:41.17M | Scene, ViewLayer | Sample 12/12
Fra:1 Mem:71.76M (Peak 82.53M) | Time:00:00.73 | Mem:41.17M, Peak:41.17M | Scene, ViewLayer | Finished
Saved: 'E:\Games_Develop\Little-Castle_Assets_cliffkit\Source\Environment\CliffKit\v001\QA\Ramp_Hike_A_LOD2.png'
Time: 00:00.75 (Saving: 00:00.01)

Fra:1 Mem:23.46M (Peak 23.46M) | Time:00:00.00 | Mem:0.00M, Peak:0.00M | Scene, ViewLayer | Synchronizing object | Ramp_Hike_A_LOD0
Fra:1 Mem:23.46M (Peak 23.46M) | Time:00:00.00 | Mem:0.00M, Peak:0.00M | Scene, ViewLayer | Synchronizing object | Plane
Fra:1 Mem:23.53M (Peak 23.53M) | Time:00:00.00 | Mem:0.00M, Peak:0.00M | Scene, ViewLayer | Initializing
Fra:1 Mem:23.52M (Peak 23.53M) | Time:00:00.00 | Mem:0.00M, Peak:0.00M | Scene, ViewLayer | Updating Images | Loading Normal_OpenGL.png.002
Fra:1 Mem:23.52M (Peak 23.53M) | Time:00:00.00 | Mem:0.00M, Peak:0.00M | Scene, ViewLayer | Updating Images | Loading BaseColor.png
Fra:1 Mem:23.52M (Peak 23.53M) | Time:00:00.00 | Mem:0.00M, Peak:0.00M | Scene, ViewLayer | Updating Images | Loading Roughness.png.002
Fra:1 Mem:47.20M (Peak 55.55M) | Time:00:00.01 | Mem:24.00M, Peak:24.00M | Scene, ViewLayer | Waiting for render to start
Fra:1 Mem:47.21M (Peak 55.55M) | Time:00:00.01 | Mem:24.00M, Peak:24.00M | Scene, ViewLayer | Loading render kernels (may take a few minutes the first time)
Fra:1 Mem:47.21M (Peak 55.55M) | Time:00:00.01 | Mem:24.00M, Peak:24.00M | Scene, ViewLayer | Updating Scene
Fra:1 Mem:47.21M (Peak 55.55M) | Time:00:00.01 | Mem:24.00M, Peak:24.00M | Scene, ViewLayer | Updating Shaders
Fra:1 Mem:47.29M (Peak 55.55M) | Time:00:00.01 | Mem:24.00M, Peak:24.00M | Scene, ViewLayer | Updating Procedurals
Fra:1 Mem:47.29M (Peak 55.55M) | Time:00:00.01 | Mem:24.00M, Peak:24.00M | Scene, ViewLayer | Updating Background
Fra:1 Mem:47.29M (Peak 55.55M) | Time:00:00.01 | Mem:24.00M, Peak:24.00M | Scene, ViewLayer | Updating Camera
Fra:1 Mem:47.29M (Peak 55.55M) | Time:00:00.01 | Mem:24.00M, Peak:24.00M | Scene, ViewLayer | Updating Meshes Flags
Fra:1 Mem:47.29M (Peak 55.55M) | Time:00:00.01 | Mem:24.00M, Peak:24.00M | Scene, ViewLayer | Updating Objects
Fra:1 Mem:47.29M (Peak 55.55M) | Time:00:00.01 | Mem:24.00M, Peak:24.00M | Scene, ViewLayer | Updating Objects | Copying Transformations to device
Fra:1 Mem:47.29M (Peak 55.55M) | Time:00:00.01 | Mem:24.00M, Peak:24.00M | Scene, ViewLayer | Updating Objects | Applying Static Transformations
Fra:1 Mem:47.29M (Peak 55.55M) | Time:00:00.01 | Mem:24.00M, Peak:24.00M | Scene, ViewLayer | Updating Particle Systems
Fra:1 Mem:47.29M (Peak 55.55M) | Time:00:00.01 | Mem:24.00M, Peak:24.00M | Scene, ViewLayer | Updating Particle Systems | Copying Particles to device
Fra:1 Mem:47.29M (Peak 55.55M) | Time:00:00.01 | Mem:24.00M, Peak:24.00M | Scene, ViewLayer | Updating Meshes
Fra:1 Mem:47.30M (Peak 55.55M) | Time:00:00.01 | Mem:24.00M, Peak:24.00M | Scene, ViewLayer | Updating Mesh | Computing attributes
Fra:1 Mem:47.34M (Peak 55.55M) | Time:00:00.01 | Mem:24.00M, Peak:24.00M | Scene, ViewLayer | Updating Mesh | Copying Attributes to device
Fra:1 Mem:47.34M (Peak 55.55M) | Time:00:00.01 | Mem:24.05M, Peak:24.05M | Scene, ViewLayer | Updating Scene BVH | Building
Fra:1 Mem:47.34M (Peak 55.55M) | Time:00:00.01 | Mem:24.05M, Peak:24.05M | Scene, ViewLayer | Updating Scene BVH | Building BVH
Fra:1 Mem:47.34M (Peak 55.55M) | Time:00:00.01 | Mem:24.06M, Peak:24.06M | Scene, ViewLayer | Updating Scene BVH | Building BVH 0%
Fra:1 Mem:47.34M (Peak 55.55M) | Time:00:00.01 | Mem:24.09M, Peak:24.11M | Scene, ViewLayer | Updating Scene BVH | Copying BVH to device
Fra:1 Mem:47.34M (Peak 55.55M) | Time:00:00.01 | Mem:24.09M, Peak:24.11M | Scene, ViewLayer | Updating Mesh | Computing normals
Fra:1 Mem:47.36M (Peak 55.55M) | Time:00:00.01 | Mem:24.09M, Peak:24.11M | Scene, ViewLayer | Updating Mesh | Copying Mesh to device
Fra:1 Mem:47.36M (Peak 55.55M) | Time:00:00.01 | Mem:24.11M, Peak:24.11M | Scene, ViewLayer | Updating Objects Flags
Fra:1 Mem:47.36M (Peak 55.55M) | Time:00:00.01 | Mem:24.11M, Peak:24.11M | Scene, ViewLayer | Updating Primitive Offsets
Fra:1 Mem:47.36M (Peak 55.55M) | Time:00:00.01 | Mem:24.11M, Peak:24.11M | Scene, ViewLayer | Updating Images
Fra:1 Mem:47.36M (Peak 55.55M) | Time:00:00.01 | Mem:24.11M, Peak:24.11M | Scene, ViewLayer | Updating Camera Volume
Fra:1 Mem:47.36M (Peak 55.55M) | Time:00:00.01 | Mem:24.11M, Peak:24.11M | Scene, ViewLayer | Updating Lookup Tables
Fra:1 Mem:47.36M (Peak 55.55M) | Time:00:00.01 | Mem:24.19M, Peak:24.19M | Scene, ViewLayer | Updating Lights
Fra:1 Mem:47.36M (Peak 55.55M) | Time:00:00.01 | Mem:24.19M, Peak:24.19M | Scene, ViewLayer | Updating Lights | Computing tree
Fra:1 Mem:47.36M (Peak 55.55M) | Time:00:00.01 | Mem:24.19M, Peak:24.19M | Scene, ViewLayer | Updating Integrator
Fra:1 Mem:47.36M (Peak 55.55M) | Time:00:00.01 | Mem:24.19M, Peak:24.19M | Scene, ViewLayer | Updating Film
Fra:1 Mem:47.37M (Peak 55.55M) | Time:00:00.01 | Mem:24.11M, Peak:24.19M | Scene, ViewLayer | Updating Lookup Tables
Fra:1 Mem:47.37M (Peak 55.55M) | Time:00:00.01 | Mem:24.19M, Peak:24.19M | Scene, ViewLayer | Updating Baking
Fra:1 Mem:47.37M (Peak 55.55M) | Time:00:00.01 | Mem:24.19M, Peak:24.19M | Scene, ViewLayer | Updating Device | Writing constant memory
Fra:1 Mem:47.37M (Peak 55.55M) | Time:00:00.01 | Mem:24.19M, Peak:24.19M | Scene, ViewLayer | Loading denoising kernels (may take a few minutes the first time)
Fra:1 Mem:47.37M (Peak 55.55M) | Time:00:00.01 | Mem:24.19M, Peak:24.19M | Scene, ViewLayer | Sample 0/12
Fra:1 Mem:64.69M (Peak 64.69M) | Time:00:00.04 | Remaining:00:00.25 | Mem:41.25M, Peak:41.25M | Scene, ViewLayer | Sample 1/12
Fra:1 Mem:71.87M (Peak 82.64M) | Time:00:00.73 | Mem:41.25M, Peak:41.25M | Scene, ViewLayer | Sample 12/12
Fra:1 Mem:71.87M (Peak 82.64M) | Time:00:00.73 | Mem:41.25M, Peak:41.25M | Scene, ViewLayer | Finished
Saved: 'E:\Games_Develop\Little-Castle_Assets_cliffkit\Source\Environment\CliffKit\v001\QA\Ramp_Hike_A_front.png'
Time: 00:00.75 (Saving: 00:00.01)

Fra:1 Mem:23.46M (Peak 23.46M) | Time:00:00.00 | Mem:0.00M, Peak:0.00M | Scene, ViewLayer | Synchronizing object | Ramp_Hike_A_LOD0
Fra:1 Mem:23.46M (Peak 23.46M) | Time:00:00.00 | Mem:0.00M, Peak:0.00M | Scene, ViewLayer | Synchronizing object | Plane
Fra:1 Mem:23.53M (Peak 23.53M) | Time:00:00.00 | Mem:0.00M, Peak:0.00M | Scene, ViewLayer | Initializing
Fra:1 Mem:23.52M (Peak 23.53M) | Time:00:00.00 | Mem:0.00M, Peak:0.00M | Scene, ViewLayer | Updating Images | Loading Normal_OpenGL.png.002
Fra:1 Mem:23.52M (Peak 23.53M) | Time:00:00.00 | Mem:0.00M, Peak:0.00M | Scene, ViewLayer | Updating Images | Loading BaseColor.png
Fra:1 Mem:23.52M (Peak 23.53M) | Time:00:00.00 | Mem:0.00M, Peak:0.00M | Scene, ViewLayer | Updating Images | Loading Roughness.png.002
Fra:1 Mem:47.20M (Peak 55.55M) | Time:00:00.01 | Mem:24.00M, Peak:24.00M | Scene, ViewLayer | Waiting for render to start
Fra:1 Mem:47.21M (Peak 55.55M) | Time:00:00.01 | Mem:24.00M, Peak:24.00M | Scene, ViewLayer | Loading render kernels (may take a few minutes the first time)
Fra:1 Mem:47.21M (Peak 55.55M) | Time:00:00.01 | Mem:24.00M, Peak:24.00M | Scene, ViewLayer | Updating Scene
Fra:1 Mem:47.21M (Peak 55.55M) | Time:00:00.01 | Mem:24.00M, Peak:24.00M | Scene, ViewLayer | Updating Shaders
Fra:1 Mem:47.29M (Peak 55.55M) | Time:00:00.01 | Mem:24.00M, Peak:24.00M | Scene, ViewLayer | Updating Procedurals
Fra:1 Mem:47.29M (Peak 55.55M) | Time:00:00.01 | Mem:24.00M, Peak:24.00M | Scene, ViewLayer | Updating Background
Fra:1 Mem:47.29M (Peak 55.55M) | Time:00:00.01 | Mem:24.00M, Peak:24.00M | Scene, ViewLayer | Updating Camera
Fra:1 Mem:47.29M (Peak 55.55M) | Time:00:00.01 | Mem:24.00M, Peak:24.00M | Scene, ViewLayer | Updating Meshes Flags
Fra:1 Mem:47.29M (Peak 55.55M) | Time:00:00.01 | Mem:24.00M, Peak:24.00M | Scene, ViewLayer | Updating Objects
Fra:1 Mem:47.29M (Peak 55.55M) | Time:00:00.01 | Mem:24.00M, Peak:24.00M | Scene, ViewLayer | Updating Objects | Copying Transformations to device
Fra:1 Mem:47.29M (Peak 55.55M) | Time:00:00.01 | Mem:24.00M, Peak:24.00M | Scene, ViewLayer | Updating Objects | Applying Static Transformations
Fra:1 Mem:47.29M (Peak 55.55M) | Time:00:00.01 | Mem:24.00M, Peak:24.00M | Scene, ViewLayer | Updating Particle Systems
Fra:1 Mem:47.29M (Peak 55.55M) | Time:00:00.01 | Mem:24.00M, Peak:24.00M | Scene, ViewLayer | Updating Particle Systems | Copying Particles to device
Fra:1 Mem:47.29M (Peak 55.55M) | Time:00:00.01 | Mem:24.00M, Peak:24.00M | Scene, ViewLayer | Updating Meshes
Fra:1 Mem:47.30M (Peak 55.55M) | Time:00:00.01 | Mem:24.00M, Peak:24.00M | Scene, ViewLayer | Updating Mesh | Computing attributes
Fra:1 Mem:47.34M (Peak 55.55M) | Time:00:00.01 | Mem:24.00M, Peak:24.00M | Scene, ViewLayer | Updating Mesh | Copying Attributes to device
Fra:1 Mem:47.34M (Peak 55.55M) | Time:00:00.01 | Mem:24.05M, Peak:24.05M | Scene, ViewLayer | Updating Scene BVH | Building
Fra:1 Mem:47.34M (Peak 55.55M) | Time:00:00.01 | Mem:24.05M, Peak:24.05M | Scene, ViewLayer | Updating Scene BVH | Building BVH
Fra:1 Mem:47.34M (Peak 55.55M) | Time:00:00.01 | Mem:24.06M, Peak:24.06M | Scene, ViewLayer | Updating Scene BVH | Building BVH 0%
Fra:1 Mem:47.34M (Peak 55.55M) | Time:00:00.01 | Mem:24.09M, Peak:24.11M | Scene, ViewLayer | Updating Scene BVH | Copying BVH to device
Fra:1 Mem:47.34M (Peak 55.55M) | Time:00:00.01 | Mem:24.09M, Peak:24.11M | Scene, ViewLayer | Updating Mesh | Computing normals
Fra:1 Mem:47.36M (Peak 55.55M) | Time:00:00.01 | Mem:24.09M, Peak:24.11M | Scene, ViewLayer | Updating Mesh | Copying Mesh to device
Fra:1 Mem:47.36M (Peak 55.55M) | Time:00:00.01 | Mem:24.11M, Peak:24.11M | Scene, ViewLayer | Updating Objects Flags
Fra:1 Mem:47.36M (Peak 55.55M) | Time:00:00.01 | Mem:24.11M, Peak:24.11M | Scene, ViewLayer | Updating Primitive Offsets
Fra:1 Mem:47.36M (Peak 55.55M) | Time:00:00.01 | Mem:24.11M, Peak:24.11M | Scene, ViewLayer | Updating Images
Fra:1 Mem:47.36M (Peak 55.55M) | Time:00:00.01 | Mem:24.11M, Peak:24.11M | Scene, ViewLayer | Updating Camera Volume
Fra:1 Mem:47.36M (Peak 55.55M) | Time:00:00.01 | Mem:24.11M, Peak:24.11M | Scene, ViewLayer | Updating Lookup Tables
Fra:1 Mem:47.36M (Peak 55.55M) | Time:00:00.01 | Mem:24.19M, Peak:24.19M | Scene, ViewLayer | Updating Lights
Fra:1 Mem:47.36M (Peak 55.55M) | Time:00:00.01 | Mem:24.19M, Peak:24.19M | Scene, ViewLayer | Updating Lights | Computing tree
Fra:1 Mem:47.36M (Peak 55.55M) | Time:00:00.01 | Mem:24.19M, Peak:24.19M | Scene, ViewLayer | Updating Integrator
Fra:1 Mem:47.36M (Peak 55.55M) | Time:00:00.01 | Mem:24.19M, Peak:24.19M | Scene, ViewLayer | Updating Film
Fra:1 Mem:47.37M (Peak 55.55M) | Time:00:00.01 | Mem:24.11M, Peak:24.19M | Scene, ViewLayer | Updating Lookup Tables
Fra:1 Mem:47.37M (Peak 55.55M) | Time:00:00.01 | Mem:24.19M, Peak:24.19M | Scene, ViewLayer | Updating Baking
Fra:1 Mem:47.37M (Peak 55.55M) | Time:00:00.01 | Mem:24.19M, Peak:24.19M | Scene, ViewLayer | Updating Device | Writing constant memory
Fra:1 Mem:47.37M (Peak 55.55M) | Time:00:00.01 | Mem:24.19M, Peak:24.19M | Scene, ViewLayer | Loading denoising kernels (may take a few minutes the first time)
Fra:1 Mem:47.37M (Peak 55.55M) | Time:00:00.01 | Mem:24.19M, Peak:24.19M | Scene, ViewLayer | Sample 0/12
Fra:1 Mem:64.69M (Peak 64.69M) | Time:00:00.04 | Remaining:00:00.28 | Mem:41.25M, Peak:41.25M | Scene, ViewLayer | Sample 1/12
Fra:1 Mem:71.87M (Peak 82.64M) | Time:00:00.72 | Mem:41.25M, Peak:41.25M | Scene, ViewLayer | Sample 12/12
Fra:1 Mem:71.87M (Peak 82.64M) | Time:00:00.72 | Mem:41.25M, Peak:41.25M | Scene, ViewLayer | Finished
Saved: 'E:\Games_Develop\Little-Castle_Assets_cliffkit\Source\Environment\CliffKit\v001\QA\Ramp_Hike_A_rear.png'
Time: 00:00.74 (Saving: 00:00.01)

Fra:1 Mem:23.46M (Peak 23.46M) | Time:00:00.00 | Mem:0.00M, Peak:0.00M | Scene, ViewLayer | Synchronizing object | Ramp_Hike_B_LOD0
Fra:1 Mem:23.46M (Peak 23.46M) | Time:00:00.00 | Mem:0.00M, Peak:0.00M | Scene, ViewLayer | Synchronizing object | Plane
Fra:1 Mem:23.54M (Peak 23.54M) | Time:00:00.00 | Mem:0.00M, Peak:0.00M | Scene, ViewLayer | Initializing
Fra:1 Mem:23.53M (Peak 23.54M) | Time:00:00.00 | Mem:0.00M, Peak:0.00M | Scene, ViewLayer | Updating Images | Loading Normal_OpenGL.png.002
Fra:1 Mem:23.53M (Peak 23.54M) | Time:00:00.00 | Mem:0.00M, Peak:0.00M | Scene, ViewLayer | Updating Images | Loading BaseColor.png
Fra:1 Mem:23.53M (Peak 23.54M) | Time:00:00.00 | Mem:0.00M, Peak:0.00M | Scene, ViewLayer | Updating Images | Loading BaseColor.png.002
Fra:1 Mem:47.21M (Peak 55.56M) | Time:00:00.01 | Mem:24.00M, Peak:24.00M | Scene, ViewLayer | Waiting for render to start
Fra:1 Mem:47.22M (Peak 55.56M) | Time:00:00.01 | Mem:24.00M, Peak:24.00M | Scene, ViewLayer | Loading render kernels (may take a few minutes the first time)
Fra:1 Mem:47.22M (Peak 55.56M) | Time:00:00.01 | Mem:24.00M, Peak:24.00M | Scene, ViewLayer | Updating Scene
Fra:1 Mem:47.22M (Peak 55.56M) | Time:00:00.01 | Mem:24.00M, Peak:24.00M | Scene, ViewLayer | Updating Shaders
Fra:1 Mem:47.30M (Peak 55.56M) | Time:00:00.01 | Mem:24.00M, Peak:24.00M | Scene, ViewLayer | Updating Procedurals
Fra:1 Mem:47.30M (Peak 55.56M) | Time:00:00.01 | Mem:24.00M, Peak:24.00M | Scene, ViewLayer | Updating Background
Fra:1 Mem:47.30M (Peak 55.56M) | Time:00:00.01 | Mem:24.00M, Peak:24.00M | Scene, ViewLayer | Updating Camera
Fra:1 Mem:47.30M (Peak 55.56M) | Time:00:00.01 | Mem:24.00M, Peak:24.00M | Scene, ViewLayer | Updating Meshes Flags
Fra:1 Mem:47.30M (Peak 55.56M) | Time:00:00.01 | Mem:24.00M, Peak:24.00M | Scene, ViewLayer | Updating Objects
Fra:1 Mem:47.30M (Peak 55.56M) | Time:00:00.01 | Mem:24.00M, Peak:24.00M | Scene, ViewLayer | Updating Objects | Copying Transformations to device
Fra:1 Mem:47.30M (Peak 55.56M) | Time:00:00.01 | Mem:24.00M, Peak:24.00M | Scene, ViewLayer | Updating Objects | Applying Static Transformations
Fra:1 Mem:47.30M (Peak 55.56M) | Time:00:00.01 | Mem:24.00M, Peak:24.00M | Scene, ViewLayer | Updating Particle Systems
Fra:1 Mem:47.30M (Peak 55.56M) | Time:00:00.01 | Mem:24.00M, Peak:24.00M | Scene, ViewLayer | Updating Particle Systems | Copying Particles to device
Fra:1 Mem:47.30M (Peak 55.56M) | Time:00:00.01 | Mem:24.00M, Peak:24.00M | Scene, ViewLayer | Updating Meshes
Fra:1 Mem:47.31M (Peak 55.56M) | Time:00:00.01 | Mem:24.00M, Peak:24.00M | Scene, ViewLayer | Updating Mesh | Computing attributes
Fra:1 Mem:47.35M (Peak 55.56M) | Time:00:00.01 | Mem:24.00M, Peak:24.00M | Scene, ViewLayer | Updating Mesh | Copying Attributes to device
Fra:1 Mem:47.35M (Peak 55.56M) | Time:00:00.01 | Mem:24.05M, Peak:24.05M | Scene, ViewLayer | Updating Scene BVH | Building
Fra:1 Mem:47.35M (Peak 55.56M) | Time:00:00.01 | Mem:24.05M, Peak:24.05M | Scene, ViewLayer | Updating Scene BVH | Building BVH
Fra:1 Mem:47.35M (Peak 55.56M) | Time:00:00.01 | Mem:24.06M, Peak:24.06M | Scene, ViewLayer | Updating Scene BVH | Building BVH 0%
Fra:1 Mem:47.35M (Peak 55.56M) | Time:00:00.01 | Mem:24.09M, Peak:24.10M | Scene, ViewLayer | Updating Scene BVH | Copying BVH to device
Fra:1 Mem:47.35M (Peak 55.56M) | Time:00:00.01 | Mem:24.09M, Peak:24.10M | Scene, ViewLayer | Updating Mesh | Computing normals
Fra:1 Mem:47.37M (Peak 55.56M) | Time:00:00.01 | Mem:24.09M, Peak:24.10M | Scene, ViewLayer | Updating Mesh | Copying Mesh to device
Fra:1 Mem:47.37M (Peak 55.56M) | Time:00:00.01 | Mem:24.11M, Peak:24.11M | Scene, ViewLayer | Updating Objects Flags
Fra:1 Mem:47.37M (Peak 55.56M) | Time:00:00.01 | Mem:24.11M, Peak:24.11M | Scene, ViewLayer | Updating Primitive Offsets
Fra:1 Mem:47.37M (Peak 55.56M) | Time:00:00.01 | Mem:24.11M, Peak:24.11M | Scene, ViewLayer | Updating Images
Fra:1 Mem:47.37M (Peak 55.56M) | Time:00:00.01 | Mem:24.11M, Peak:24.11M | Scene, ViewLayer | Updating Camera Volume
Fra:1 Mem:47.37M (Peak 55.56M) | Time:00:00.01 | Mem:24.11M, Peak:24.11M | Scene, ViewLayer | Updating Lookup Tables
Fra:1 Mem:47.37M (Peak 55.56M) | Time:00:00.01 | Mem:24.19M, Peak:24.19M | Scene, ViewLayer | Updating Lights
Fra:1 Mem:47.37M (Peak 55.56M) | Time:00:00.01 | Mem:24.19M, Peak:24.19M | Scene, ViewLayer | Updating Lights | Computing tree
Fra:1 Mem:47.37M (Peak 55.56M) | Time:00:00.01 | Mem:24.19M, Peak:24.19M | Scene, ViewLayer | Updating Integrator
Fra:1 Mem:47.37M (Peak 55.56M) | Time:00:00.01 | Mem:24.19M, Peak:24.19M | Scene, ViewLayer | Updating Film
Fra:1 Mem:47.38M (Peak 55.56M) | Time:00:00.01 | Mem:24.11M, Peak:24.19M | Scene, ViewLayer | Updating Lookup Tables
Fra:1 Mem:47.38M (Peak 55.56M) | Time:00:00.01 | Mem:24.19M, Peak:24.19M | Scene, ViewLayer | Updating Baking
Fra:1 Mem:47.38M (Peak 55.56M) | Time:00:00.01 | Mem:24.19M, Peak:24.19M | Scene, ViewLayer | Updating Device | Writing constant memory
Fra:1 Mem:47.38M (Peak 55.56M) | Time:00:00.01 | Mem:24.19M, Peak:24.19M | Scene, ViewLayer | Loading denoising kernels (may take a few minutes the first time)
Fra:1 Mem:47.38M (Peak 55.56M) | Time:00:00.01 | Mem:24.19M, Peak:24.19M | Scene, ViewLayer | Sample 0/12
Fra:1 Mem:64.70M (Peak 64.70M) | Time:00:00.04 | Remaining:00:00.25 | Mem:41.25M, Peak:41.25M | Scene, ViewLayer | Sample 1/12
Fra:1 Mem:71.88M (Peak 82.65M) | Time:00:00.72 | Mem:41.25M, Peak:41.25M | Scene, ViewLayer | Sample 12/12
Fra:1 Mem:71.88M (Peak 82.65M) | Time:00:00.72 | Mem:41.25M, Peak:41.25M | Scene, ViewLayer | Finished
Saved: 'E:\Games_Develop\Little-Castle_Assets_cliffkit\Source\Environment\CliffKit\v001\QA\Ramp_Hike_B_LOD0.png'
Time: 00:00.74 (Saving: 00:00.01)

Fra:1 Mem:23.47M (Peak 23.47M) | Time:00:00.00 | Mem:0.00M, Peak:0.00M | Scene, ViewLayer | Synchronizing object | Ramp_Hike_B_LOD1
Fra:1 Mem:23.47M (Peak 23.47M) | Time:00:00.00 | Mem:0.00M, Peak:0.00M | Scene, ViewLayer | Synchronizing object | Plane
Fra:1 Mem:23.50M (Peak 23.50M) | Time:00:00.00 | Mem:0.00M, Peak:0.00M | Scene, ViewLayer | Initializing
Fra:1 Mem:23.48M (Peak 23.50M) | Time:00:00.00 | Mem:0.00M, Peak:0.00M | Scene, ViewLayer | Updating Images | Loading Normal_OpenGL.png.002
Fra:1 Mem:23.48M (Peak 23.50M) | Time:00:00.00 | Mem:0.00M, Peak:0.00M | Scene, ViewLayer | Updating Images | Loading BaseColor.png
Fra:1 Mem:23.48M (Peak 23.50M) | Time:00:00.00 | Mem:0.00M, Peak:0.00M | Scene, ViewLayer | Updating Images | Loading Roughness.png.002
Fra:1 Mem:47.17M (Peak 55.52M) | Time:00:00.01 | Mem:24.00M, Peak:24.00M | Scene, ViewLayer | Waiting for render to start
Fra:1 Mem:47.17M (Peak 55.52M) | Time:00:00.01 | Mem:24.00M, Peak:24.00M | Scene, ViewLayer | Loading render kernels (may take a few minutes the first time)
Fra:1 Mem:47.17M (Peak 55.52M) | Time:00:00.01 | Mem:24.00M, Peak:24.00M | Scene, ViewLayer | Updating Scene
Fra:1 Mem:47.17M (Peak 55.52M) | Time:00:00.01 | Mem:24.00M, Peak:24.00M | Scene, ViewLayer | Updating Shaders
Fra:1 Mem:47.26M (Peak 55.52M) | Time:00:00.01 | Mem:24.00M, Peak:24.00M | Scene, ViewLayer | Updating Procedurals
Fra:1 Mem:47.26M (Peak 55.52M) | Time:00:00.01 | Mem:24.00M, Peak:24.00M | Scene, ViewLayer | Updating Background
Fra:1 Mem:47.26M (Peak 55.52M) | Time:00:00.01 | Mem:24.00M, Peak:24.00M | Scene, ViewLayer | Updating Camera
Fra:1 Mem:47.26M (Peak 55.52M) | Time:00:00.01 | Mem:24.00M, Peak:24.00M | Scene, ViewLayer | Updating Meshes Flags
Fra:1 Mem:47.26M (Peak 55.52M) | Time:00:00.01 | Mem:24.00M, Peak:24.00M | Scene, ViewLayer | Updating Objects
Fra:1 Mem:47.26M (Peak 55.52M) | Time:00:00.01 | Mem:24.00M, Peak:24.00M | Scene, ViewLayer | Updating Objects | Copying Transformations to device
Fra:1 Mem:47.26M (Peak 55.52M) | Time:00:00.01 | Mem:24.00M, Peak:24.00M | Scene, ViewLayer | Updating Objects | Applying Static Transformations
Fra:1 Mem:47.26M (Peak 55.52M) | Time:00:00.01 | Mem:24.00M, Peak:24.00M | Scene, ViewLayer | Updating Particle Systems
Fra:1 Mem:47.26M (Peak 55.52M) | Time:00:00.01 | Mem:24.00M, Peak:24.00M | Scene, ViewLayer | Updating Particle Systems | Copying Particles to device
Fra:1 Mem:47.26M (Peak 55.52M) | Time:00:00.01 | Mem:24.00M, Peak:24.00M | Scene, ViewLayer | Updating Meshes
Fra:1 Mem:47.26M (Peak 55.52M) | Time:00:00.01 | Mem:24.00M, Peak:24.00M | Scene, ViewLayer | Updating Mesh | Computing attributes
Fra:1 Mem:47.28M (Peak 55.52M) | Time:00:00.01 | Mem:24.00M, Peak:24.00M | Scene, ViewLayer | Updating Mesh | Copying Attributes to device
Fra:1 Mem:47.28M (Peak 55.52M) | Time:00:00.01 | Mem:24.02M, Peak:24.02M | Scene, ViewLayer | Updating Scene BVH | Building
Fra:1 Mem:47.28M (Peak 55.52M) | Time:00:00.01 | Mem:24.02M, Peak:24.02M | Scene, ViewLayer | Updating Scene BVH | Building BVH
Fra:1 Mem:47.28M (Peak 55.52M) | Time:00:00.01 | Mem:24.02M, Peak:24.02M | Scene, ViewLayer | Updating Scene BVH | Building BVH 0%
Fra:1 Mem:47.28M (Peak 55.52M) | Time:00:00.01 | Mem:24.03M, Peak:24.04M | Scene, ViewLayer | Updating Scene BVH | Copying BVH to device
Fra:1 Mem:47.28M (Peak 55.52M) | Time:00:00.01 | Mem:24.03M, Peak:24.04M | Scene, ViewLayer | Updating Mesh | Computing normals
Fra:1 Mem:47.28M (Peak 55.52M) | Time:00:00.01 | Mem:24.03M, Peak:24.04M | Scene, ViewLayer | Updating Mesh | Copying Mesh to device
Fra:1 Mem:47.28M (Peak 55.52M) | Time:00:00.01 | Mem:24.04M, Peak:24.04M | Scene, ViewLayer | Updating Objects Flags
Fra:1 Mem:47.28M (Peak 55.52M) | Time:00:00.01 | Mem:24.04M, Peak:24.04M | Scene, ViewLayer | Updating Primitive Offsets
Fra:1 Mem:47.28M (Peak 55.52M) | Time:00:00.01 | Mem:24.04M, Peak:24.04M | Scene, ViewLayer | Updating Images
Fra:1 Mem:47.28M (Peak 55.52M) | Time:00:00.01 | Mem:24.04M, Peak:24.04M | Scene, ViewLayer | Updating Camera Volume
Fra:1 Mem:47.28M (Peak 55.52M) | Time:00:00.01 | Mem:24.04M, Peak:24.04M | Scene, ViewLayer | Updating Lookup Tables
Fra:1 Mem:47.28M (Peak 55.52M) | Time:00:00.01 | Mem:24.12M, Peak:24.12M | Scene, ViewLayer | Updating Lights
Fra:1 Mem:47.28M (Peak 55.52M) | Time:00:00.01 | Mem:24.12M, Peak:24.12M | Scene, ViewLayer | Updating Lights | Computing tree
Fra:1 Mem:47.28M (Peak 55.52M) | Time:00:00.01 | Mem:24.12M, Peak:24.12M | Scene, ViewLayer | Updating Integrator
Fra:1 Mem:47.28M (Peak 55.52M) | Time:00:00.01 | Mem:24.12M, Peak:24.12M | Scene, ViewLayer | Updating Film
Fra:1 Mem:47.29M (Peak 55.52M) | Time:00:00.01 | Mem:24.04M, Peak:24.12M | Scene, ViewLayer | Updating Lookup Tables
Fra:1 Mem:47.29M (Peak 55.52M) | Time:00:00.01 | Mem:24.12M, Peak:24.12M | Scene, ViewLayer | Updating Baking
Fra:1 Mem:47.29M (Peak 55.52M) | Time:00:00.01 | Mem:24.12M, Peak:24.12M | Scene, ViewLayer | Updating Device | Writing constant memory
Fra:1 Mem:47.29M (Peak 55.52M) | Time:00:00.01 | Mem:24.12M, Peak:24.12M | Scene, ViewLayer | Loading denoising kernels (may take a few minutes the first time)
Fra:1 Mem:47.29M (Peak 55.52M) | Time:00:00.01 | Mem:24.12M, Peak:24.12M | Scene, ViewLayer | Sample 0/12
Fra:1 Mem:64.61M (Peak 64.61M) | Time:00:00.04 | Remaining:00:00.26 | Mem:41.18M, Peak:41.18M | Scene, ViewLayer | Sample 1/12
Fra:1 Mem:71.79M (Peak 82.56M) | Time:00:00.72 | Mem:41.18M, Peak:41.18M | Scene, ViewLayer | Sample 12/12
Fra:1 Mem:71.79M (Peak 82.56M) | Time:00:00.72 | Mem:41.18M, Peak:41.18M | Scene, ViewLayer | Finished
Saved: 'E:\Games_Develop\Little-Castle_Assets_cliffkit\Source\Environment\CliffKit\v001\QA\Ramp_Hike_B_LOD1.png'
Time: 00:00.74 (Saving: 00:00.01)

Fra:1 Mem:23.47M (Peak 23.47M) | Time:00:00.00 | Mem:0.00M, Peak:0.00M | Scene, ViewLayer | Synchronizing object | Ramp_Hike_B_LOD2
Fra:1 Mem:23.47M (Peak 23.47M) | Time:00:00.00 | Mem:0.00M, Peak:0.00M | Scene, ViewLayer | Synchronizing object | Plane
Fra:1 Mem:23.49M (Peak 23.49M) | Time:00:00.00 | Mem:0.00M, Peak:0.00M | Scene, ViewLayer | Initializing
Fra:1 Mem:23.48M (Peak 23.49M) | Time:00:00.00 | Mem:0.00M, Peak:0.00M | Scene, ViewLayer | Updating Images | Loading Normal_OpenGL.png.002
Fra:1 Mem:23.48M (Peak 23.49M) | Time:00:00.00 | Mem:0.00M, Peak:0.00M | Scene, ViewLayer | Updating Images | Loading BaseColor.png
Fra:1 Mem:23.48M (Peak 23.49M) | Time:00:00.00 | Mem:0.00M, Peak:0.00M | Scene, ViewLayer | Updating Images | Loading Normal_OpenGL.png
Fra:1 Mem:23.48M (Peak 23.49M) | Time:00:00.00 | Mem:0.00M, Peak:0.00M | Scene, ViewLayer | Updating Images | Loading Roughness.png.002
Fra:1 Mem:47.16M (Peak 55.51M) | Time:00:00.01 | Mem:24.00M, Peak:24.00M | Scene, ViewLayer | Waiting for render to start
Fra:1 Mem:47.17M (Peak 55.51M) | Time:00:00.01 | Mem:24.00M, Peak:24.00M | Scene, ViewLayer | Loading render kernels (may take a few minutes the first time)
Fra:1 Mem:47.17M (Peak 55.51M) | Time:00:00.01 | Mem:24.00M, Peak:24.00M | Scene, ViewLayer | Updating Scene
Fra:1 Mem:47.17M (Peak 55.51M) | Time:00:00.01 | Mem:24.00M, Peak:24.00M | Scene, ViewLayer | Updating Shaders
Fra:1 Mem:47.25M (Peak 55.51M) | Time:00:00.01 | Mem:24.00M, Peak:24.00M | Scene, ViewLayer | Updating Procedurals
Fra:1 Mem:47.25M (Peak 55.51M) | Time:00:00.01 | Mem:24.00M, Peak:24.00M | Scene, ViewLayer | Updating Background
Fra:1 Mem:47.25M (Peak 55.51M) | Time:00:00.01 | Mem:24.00M, Peak:24.00M | Scene, ViewLayer | Updating Camera
Fra:1 Mem:47.25M (Peak 55.51M) | Time:00:00.01 | Mem:24.00M, Peak:24.00M | Scene, ViewLayer | Updating Meshes Flags
Fra:1 Mem:47.25M (Peak 55.51M) | Time:00:00.01 | Mem:24.00M, Peak:24.00M | Scene, ViewLayer | Updating Objects
Fra:1 Mem:47.25M (Peak 55.51M) | Time:00:00.01 | Mem:24.00M, Peak:24.00M | Scene, ViewLayer | Updating Objects | Copying Transformations to device
Fra:1 Mem:47.25M (Peak 55.51M) | Time:00:00.01 | Mem:24.00M, Peak:24.00M | Scene, ViewLayer | Updating Objects | Applying Static Transformations
Fra:1 Mem:47.25M (Peak 55.51M) | Time:00:00.01 | Mem:24.00M, Peak:24.00M | Scene, ViewLayer | Updating Particle Systems
Fra:1 Mem:47.25M (Peak 55.51M) | Time:00:00.01 | Mem:24.00M, Peak:24.00M | Scene, ViewLayer | Updating Particle Systems | Copying Particles to device
Fra:1 Mem:47.25M (Peak 55.51M) | Time:00:00.01 | Mem:24.00M, Peak:24.00M | Scene, ViewLayer | Updating Meshes
Fra:1 Mem:47.25M (Peak 55.51M) | Time:00:00.01 | Mem:24.00M, Peak:24.00M | Scene, ViewLayer | Updating Mesh | Computing attributes
Fra:1 Mem:47.26M (Peak 55.51M) | Time:00:00.01 | Mem:24.00M, Peak:24.00M | Scene, ViewLayer | Updating Mesh | Copying Attributes to device
Fra:1 Mem:47.26M (Peak 55.51M) | Time:00:00.01 | Mem:24.01M, Peak:24.01M | Scene, ViewLayer | Updating Scene BVH | Building
Fra:1 Mem:47.26M (Peak 55.51M) | Time:00:00.01 | Mem:24.01M, Peak:24.01M | Scene, ViewLayer | Updating Scene BVH | Building BVH
Fra:1 Mem:47.26M (Peak 55.51M) | Time:00:00.01 | Mem:24.01M, Peak:24.01M | Scene, ViewLayer | Updating Scene BVH | Building BVH 0%
Fra:1 Mem:47.26M (Peak 55.51M) | Time:00:00.01 | Mem:24.02M, Peak:24.02M | Scene, ViewLayer | Updating Scene BVH | Copying BVH to device
Fra:1 Mem:47.26M (Peak 55.51M) | Time:00:00.01 | Mem:24.02M, Peak:24.02M | Scene, ViewLayer | Updating Mesh | Computing normals
Fra:1 Mem:47.26M (Peak 55.51M) | Time:00:00.01 | Mem:24.02M, Peak:24.02M | Scene, ViewLayer | Updating Mesh | Copying Mesh to device
Fra:1 Mem:47.26M (Peak 55.51M) | Time:00:00.01 | Mem:24.03M, Peak:24.03M | Scene, ViewLayer | Updating Objects Flags
Fra:1 Mem:47.26M (Peak 55.51M) | Time:00:00.01 | Mem:24.03M, Peak:24.03M | Scene, ViewLayer | Updating Primitive Offsets
Fra:1 Mem:47.26M (Peak 55.51M) | Time:00:00.01 | Mem:24.03M, Peak:24.03M | Scene, ViewLayer | Updating Images
Fra:1 Mem:47.26M (Peak 55.51M) | Time:00:00.01 | Mem:24.03M, Peak:24.03M | Scene, ViewLayer | Updating Camera Volume
Fra:1 Mem:47.26M (Peak 55.51M) | Time:00:00.01 | Mem:24.03M, Peak:24.03M | Scene, ViewLayer | Updating Lookup Tables
Fra:1 Mem:47.26M (Peak 55.51M) | Time:00:00.01 | Mem:24.11M, Peak:24.11M | Scene, ViewLayer | Updating Lights
Fra:1 Mem:47.26M (Peak 55.51M) | Time:00:00.01 | Mem:24.11M, Peak:24.11M | Scene, ViewLayer | Updating Lights | Computing tree
Fra:1 Mem:47.26M (Peak 55.51M) | Time:00:00.01 | Mem:24.11M, Peak:24.11M | Scene, ViewLayer | Updating Integrator
Fra:1 Mem:47.26M (Peak 55.51M) | Time:00:00.01 | Mem:24.11M, Peak:24.11M | Scene, ViewLayer | Updating Film
Fra:1 Mem:47.27M (Peak 55.51M) | Time:00:00.01 | Mem:24.03M, Peak:24.11M | Scene, ViewLayer | Updating Lookup Tables
Fra:1 Mem:47.27M (Peak 55.51M) | Time:00:00.01 | Mem:24.11M, Peak:24.11M | Scene, ViewLayer | Updating Baking
Fra:1 Mem:47.27M (Peak 55.51M) | Time:00:00.01 | Mem:24.11M, Peak:24.11M | Scene, ViewLayer | Updating Device | Writing constant memory
Fra:1 Mem:47.27M (Peak 55.51M) | Time:00:00.01 | Mem:24.11M, Peak:24.11M | Scene, ViewLayer | Loading denoising kernels (may take a few minutes the first time)
Fra:1 Mem:47.27M (Peak 55.51M) | Time:00:00.01 | Mem:24.11M, Peak:24.11M | Scene, ViewLayer | Sample 0/12
Fra:1 Mem:64.60M (Peak 64.60M) | Time:00:00.04 | Remaining:00:00.26 | Mem:41.17M, Peak:41.17M | Scene, ViewLayer | Sample 1/12
Fra:1 Mem:71.78M (Peak 82.54M) | Time:00:00.72 | Mem:41.17M, Peak:41.17M | Scene, ViewLayer | Sample 12/12
Fra:1 Mem:71.78M (Peak 82.54M) | Time:00:00.72 | Mem:41.17M, Peak:41.17M | Scene, ViewLayer | Finished
Saved: 'E:\Games_Develop\Little-Castle_Assets_cliffkit\Source\Environment\CliffKit\v001\QA\Ramp_Hike_B_LOD2.png'
Time: 00:00.74 (Saving: 00:00.01)

Fra:1 Mem:23.47M (Peak 23.47M) | Time:00:00.00 | Mem:0.00M, Peak:0.00M | Scene, ViewLayer | Synchronizing object | Ramp_Hike_B_LOD0
Fra:1 Mem:23.47M (Peak 23.47M) | Time:00:00.00 | Mem:0.00M, Peak:0.00M | Scene, ViewLayer | Synchronizing object | Plane
Fra:1 Mem:23.54M (Peak 23.54M) | Time:00:00.00 | Mem:0.00M, Peak:0.00M | Scene, ViewLayer | Initializing
Fra:1 Mem:23.53M (Peak 23.54M) | Time:00:00.00 | Mem:0.00M, Peak:0.00M | Scene, ViewLayer | Updating Images | Loading Normal_OpenGL.png.002
Fra:1 Mem:23.53M (Peak 23.54M) | Time:00:00.00 | Mem:0.00M, Peak:0.00M | Scene, ViewLayer | Updating Images | Loading Roughness.png
Fra:1 Mem:23.53M (Peak 23.54M) | Time:00:00.00 | Mem:0.00M, Peak:0.00M | Scene, ViewLayer | Updating Images | Loading BaseColor.png.002
Fra:1 Mem:47.22M (Peak 55.57M) | Time:00:00.01 | Mem:24.00M, Peak:24.00M | Scene, ViewLayer | Waiting for render to start
Fra:1 Mem:47.22M (Peak 55.57M) | Time:00:00.01 | Mem:24.00M, Peak:24.00M | Scene, ViewLayer | Loading render kernels (may take a few minutes the first time)
Fra:1 Mem:47.22M (Peak 55.57M) | Time:00:00.01 | Mem:24.00M, Peak:24.00M | Scene, ViewLayer | Updating Scene
Fra:1 Mem:47.22M (Peak 55.57M) | Time:00:00.01 | Mem:24.00M, Peak:24.00M | Scene, ViewLayer | Updating Shaders
Fra:1 Mem:47.31M (Peak 55.57M) | Time:00:00.01 | Mem:24.00M, Peak:24.00M | Scene, ViewLayer | Updating Procedurals
Fra:1 Mem:47.31M (Peak 55.57M) | Time:00:00.01 | Mem:24.00M, Peak:24.00M | Scene, ViewLayer | Updating Background
Fra:1 Mem:47.31M (Peak 55.57M) | Time:00:00.01 | Mem:24.00M, Peak:24.00M | Scene, ViewLayer | Updating Camera
Fra:1 Mem:47.31M (Peak 55.57M) | Time:00:00.01 | Mem:24.00M, Peak:24.00M | Scene, ViewLayer | Updating Meshes Flags
Fra:1 Mem:47.31M (Peak 55.57M) | Time:00:00.01 | Mem:24.00M, Peak:24.00M | Scene, ViewLayer | Updating Objects
Fra:1 Mem:47.31M (Peak 55.57M) | Time:00:00.01 | Mem:24.00M, Peak:24.00M | Scene, ViewLayer | Updating Objects | Copying Transformations to device
Fra:1 Mem:47.31M (Peak 55.57M) | Time:00:00.01 | Mem:24.00M, Peak:24.00M | Scene, ViewLayer | Updating Objects | Applying Static Transformations
Fra:1 Mem:47.31M (Peak 55.57M) | Time:00:00.01 | Mem:24.00M, Peak:24.00M | Scene, ViewLayer | Updating Particle Systems
Fra:1 Mem:47.31M (Peak 55.57M) | Time:00:00.01 | Mem:24.00M, Peak:24.00M | Scene, ViewLayer | Updating Particle Systems | Copying Particles to device
Fra:1 Mem:47.31M (Peak 55.57M) | Time:00:00.01 | Mem:24.00M, Peak:24.00M | Scene, ViewLayer | Updating Meshes
Fra:1 Mem:47.31M (Peak 55.57M) | Time:00:00.01 | Mem:24.00M, Peak:24.00M | Scene, ViewLayer | Updating Mesh | Computing attributes
Fra:1 Mem:47.36M (Peak 55.57M) | Time:00:00.01 | Mem:24.00M, Peak:24.00M | Scene, ViewLayer | Updating Mesh | Copying Attributes to device
Fra:1 Mem:47.36M (Peak 55.57M) | Time:00:00.01 | Mem:24.05M, Peak:24.05M | Scene, ViewLayer | Updating Scene BVH | Building
Fra:1 Mem:47.36M (Peak 55.57M) | Time:00:00.01 | Mem:24.05M, Peak:24.05M | Scene, ViewLayer | Updating Scene BVH | Building BVH
Fra:1 Mem:47.36M (Peak 55.57M) | Time:00:00.01 | Mem:24.06M, Peak:24.06M | Scene, ViewLayer | Updating Scene BVH | Building BVH 0%
Fra:1 Mem:47.36M (Peak 55.57M) | Time:00:00.01 | Mem:24.09M, Peak:24.10M | Scene, ViewLayer | Updating Scene BVH | Copying BVH to device
Fra:1 Mem:47.36M (Peak 55.57M) | Time:00:00.01 | Mem:24.09M, Peak:24.10M | Scene, ViewLayer | Updating Mesh | Computing normals
Fra:1 Mem:47.38M (Peak 55.57M) | Time:00:00.01 | Mem:24.09M, Peak:24.10M | Scene, ViewLayer | Updating Mesh | Copying Mesh to device
Fra:1 Mem:47.38M (Peak 55.57M) | Time:00:00.01 | Mem:24.11M, Peak:24.11M | Scene, ViewLayer | Updating Objects Flags
Fra:1 Mem:47.38M (Peak 55.57M) | Time:00:00.01 | Mem:24.11M, Peak:24.11M | Scene, ViewLayer | Updating Primitive Offsets
Fra:1 Mem:47.38M (Peak 55.57M) | Time:00:00.01 | Mem:24.11M, Peak:24.11M | Scene, ViewLayer | Updating Images
Fra:1 Mem:47.38M (Peak 55.57M) | Time:00:00.01 | Mem:24.11M, Peak:24.11M | Scene, ViewLayer | Updating Camera Volume
Fra:1 Mem:47.38M (Peak 55.57M) | Time:00:00.01 | Mem:24.11M, Peak:24.11M | Scene, ViewLayer | Updating Lookup Tables
Fra:1 Mem:47.38M (Peak 55.57M) | Time:00:00.01 | Mem:24.19M, Peak:24.19M | Scene, ViewLayer | Updating Lights
Fra:1 Mem:47.38M (Peak 55.57M) | Time:00:00.01 | Mem:24.19M, Peak:24.19M | Scene, ViewLayer | Updating Lights | Computing tree
Fra:1 Mem:47.38M (Peak 55.57M) | Time:00:00.01 | Mem:24.19M, Peak:24.19M | Scene, ViewLayer | Updating Integrator
Fra:1 Mem:47.38M (Peak 55.57M) | Time:00:00.01 | Mem:24.19M, Peak:24.19M | Scene, ViewLayer | Updating Film
Fra:1 Mem:47.38M (Peak 55.57M) | Time:00:00.01 | Mem:24.11M, Peak:24.19M | Scene, ViewLayer | Updating Lookup Tables
Fra:1 Mem:47.38M (Peak 55.57M) | Time:00:00.01 | Mem:24.19M, Peak:24.19M | Scene, ViewLayer | Updating Baking
Fra:1 Mem:47.38M (Peak 55.57M) | Time:00:00.01 | Mem:24.19M, Peak:24.19M | Scene, ViewLayer | Updating Device | Writing constant memory
Fra:1 Mem:47.38M (Peak 55.57M) | Time:00:00.01 | Mem:24.19M, Peak:24.19M | Scene, ViewLayer | Loading denoising kernels (may take a few minutes the first time)
Fra:1 Mem:47.38M (Peak 55.57M) | Time:00:00.01 | Mem:24.19M, Peak:24.19M | Scene, ViewLayer | Sample 0/12
Fra:1 Mem:64.71M (Peak 64.71M) | Time:00:00.04 | Remaining:00:00.30 | Mem:41.25M, Peak:41.25M | Scene, ViewLayer | Sample 1/12
Fra:1 Mem:71.89M (Peak 82.66M) | Time:00:00.73 | Mem:41.25M, Peak:41.25M | Scene, ViewLayer | Sample 12/12
Fra:1 Mem:71.89M (Peak 82.66M) | Time:00:00.73 | Mem:41.25M, Peak:41.25M | Scene, ViewLayer | Finished
Saved: 'E:\Games_Develop\Little-Castle_Assets_cliffkit\Source\Environment\CliffKit\v001\QA\Ramp_Hike_B_front.png'
Time: 00:00.74 (Saving: 00:00.01)

Fra:1 Mem:23.47M (Peak 23.47M) | Time:00:00.00 | Mem:0.00M, Peak:0.00M | Scene, ViewLayer | Synchronizing object | Ramp_Hike_B_LOD0
Fra:1 Mem:23.47M (Peak 23.47M) | Time:00:00.00 | Mem:0.00M, Peak:0.00M | Scene, ViewLayer | Synchronizing object | Plane
Fra:1 Mem:23.54M (Peak 23.54M) | Time:00:00.00 | Mem:0.00M, Peak:0.00M | Scene, ViewLayer | Initializing
Fra:1 Mem:23.53M (Peak 23.54M) | Time:00:00.00 | Mem:0.00M, Peak:0.00M | Scene, ViewLayer | Updating Images | Loading Normal_OpenGL.png.002
Fra:1 Mem:23.53M (Peak 23.54M) | Time:00:00.00 | Mem:0.00M, Peak:0.00M | Scene, ViewLayer | Updating Images | Loading Roughness.png
Fra:1 Mem:23.53M (Peak 23.54M) | Time:00:00.00 | Mem:0.00M, Peak:0.00M | Scene, ViewLayer | Updating Images | Loading Roughness.png.002
Fra:1 Mem:47.22M (Peak 55.57M) | Time:00:00.01 | Mem:24.00M, Peak:24.00M | Scene, ViewLayer | Waiting for render to start
Fra:1 Mem:47.22M (Peak 55.57M) | Time:00:00.01 | Mem:24.00M, Peak:24.00M | Scene, ViewLayer | Loading render kernels (may take a few minutes the first time)
Fra:1 Mem:47.22M (Peak 55.57M) | Time:00:00.01 | Mem:24.00M, Peak:24.00M | Scene, ViewLayer | Updating Scene
Fra:1 Mem:47.22M (Peak 55.57M) | Time:00:00.01 | Mem:24.00M, Peak:24.00M | Scene, ViewLayer | Updating Shaders
Fra:1 Mem:47.31M (Peak 55.57M) | Time:00:00.01 | Mem:24.00M, Peak:24.00M | Scene, ViewLayer | Updating Procedurals
Fra:1 Mem:47.31M (Peak 55.57M) | Time:00:00.01 | Mem:24.00M, Peak:24.00M | Scene, ViewLayer | Updating Background
Fra:1 Mem:47.31M (Peak 55.57M) | Time:00:00.01 | Mem:24.00M, Peak:24.00M | Scene, ViewLayer | Updating Camera
Fra:1 Mem:47.31M (Peak 55.57M) | Time:00:00.01 | Mem:24.00M, Peak:24.00M | Scene, ViewLayer | Updating Meshes Flags
Fra:1 Mem:47.31M (Peak 55.57M) | Time:00:00.01 | Mem:24.00M, Peak:24.00M | Scene, ViewLayer | Updating Objects
Fra:1 Mem:47.31M (Peak 55.57M) | Time:00:00.01 | Mem:24.00M, Peak:24.00M | Scene, ViewLayer | Updating Objects | Copying Transformations to device
Fra:1 Mem:47.31M (Peak 55.57M) | Time:00:00.01 | Mem:24.00M, Peak:24.00M | Scene, ViewLayer | Updating Objects | Applying Static Transformations
Fra:1 Mem:47.31M (Peak 55.57M) | Time:00:00.01 | Mem:24.00M, Peak:24.00M | Scene, ViewLayer | Updating Particle Systems
Fra:1 Mem:47.31M (Peak 55.57M) | Time:00:00.01 | Mem:24.00M, Peak:24.00M | Scene, ViewLayer | Updating Particle Systems | Copying Particles to device
Fra:1 Mem:47.31M (Peak 55.57M) | Time:00:00.01 | Mem:24.00M, Peak:24.00M | Scene, ViewLayer | Updating Meshes
Fra:1 Mem:47.31M (Peak 55.57M) | Time:00:00.01 | Mem:24.00M, Peak:24.00M | Scene, ViewLayer | Updating Mesh | Computing attributes
Fra:1 Mem:47.36M (Peak 55.57M) | Time:00:00.01 | Mem:24.00M, Peak:24.00M | Scene, ViewLayer | Updating Mesh | Copying Attributes to device
Fra:1 Mem:47.36M (Peak 55.57M) | Time:00:00.01 | Mem:24.05M, Peak:24.05M | Scene, ViewLayer | Updating Scene BVH | Building
Fra:1 Mem:47.36M (Peak 55.57M) | Time:00:00.01 | Mem:24.05M, Peak:24.05M | Scene, ViewLayer | Updating Scene BVH | Building BVH
Fra:1 Mem:47.36M (Peak 55.57M) | Time:00:00.01 | Mem:24.06M, Peak:24.06M | Scene, ViewLayer | Updating Scene BVH | Building BVH 0%
Fra:1 Mem:47.36M (Peak 55.57M) | Time:00:00.01 | Mem:24.09M, Peak:24.10M | Scene, ViewLayer | Updating Scene BVH | Copying BVH to device
Fra:1 Mem:47.36M (Peak 55.57M) | Time:00:00.01 | Mem:24.09M, Peak:24.10M | Scene, ViewLayer | Updating Mesh | Computing normals
Fra:1 Mem:47.38M (Peak 55.57M) | Time:00:00.01 | Mem:24.09M, Peak:24.10M | Scene, ViewLayer | Updating Mesh | Copying Mesh to device
Fra:1 Mem:47.38M (Peak 55.57M) | Time:00:00.01 | Mem:24.11M, Peak:24.11M | Scene, ViewLayer | Updating Objects Flags
Fra:1 Mem:47.38M (Peak 55.57M) | Time:00:00.01 | Mem:24.11M, Peak:24.11M | Scene, ViewLayer | Updating Primitive Offsets
Fra:1 Mem:47.38M (Peak 55.57M) | Time:00:00.01 | Mem:24.11M, Peak:24.11M | Scene, ViewLayer | Updating Images
Fra:1 Mem:47.38M (Peak 55.57M) | Time:00:00.01 | Mem:24.11M, Peak:24.11M | Scene, ViewLayer | Updating Camera Volume
Fra:1 Mem:47.38M (Peak 55.57M) | Time:00:00.01 | Mem:24.11M, Peak:24.11M | Scene, ViewLayer | Updating Lookup Tables
Fra:1 Mem:47.38M (Peak 55.57M) | Time:00:00.01 | Mem:24.19M, Peak:24.19M | Scene, ViewLayer | Updating Lights
Fra:1 Mem:47.38M (Peak 55.57M) | Time:00:00.01 | Mem:24.19M, Peak:24.19M | Scene, ViewLayer | Updating Lights | Computing tree
Fra:1 Mem:47.38M (Peak 55.57M) | Time:00:00.01 | Mem:24.19M, Peak:24.19M | Scene, ViewLayer | Updating Integrator
Fra:1 Mem:47.38M (Peak 55.57M) | Time:00:00.01 | Mem:24.19M, Peak:24.19M | Scene, ViewLayer | Updating Film
Fra:1 Mem:47.38M (Peak 55.57M) | Time:00:00.01 | Mem:24.11M, Peak:24.19M | Scene, ViewLayer | Updating Lookup Tables
Fra:1 Mem:47.38M (Peak 55.57M) | Time:00:00.01 | Mem:24.19M, Peak:24.19M | Scene, ViewLayer | Updating Baking
Fra:1 Mem:47.38M (Peak 55.57M) | Time:00:00.01 | Mem:24.19M, Peak:24.19M | Scene, ViewLayer | Updating Device | Writing constant memory
Fra:1 Mem:47.38M (Peak 55.57M) | Time:00:00.01 | Mem:24.19M, Peak:24.19M | Scene, ViewLayer | Loading denoising kernels (may take a few minutes the first time)
Fra:1 Mem:47.38M (Peak 55.57M) | Time:00:00.01 | Mem:24.19M, Peak:24.19M | Scene, ViewLayer | Sample 0/12
Fra:1 Mem:64.71M (Peak 64.71M) | Time:00:00.04 | Remaining:00:00.26 | Mem:41.25M, Peak:41.25M | Scene, ViewLayer | Sample 1/12
Fra:1 Mem:71.89M (Peak 82.66M) | Time:00:00.72 | Mem:41.25M, Peak:41.25M | Scene, ViewLayer | Sample 12/12
Fra:1 Mem:71.89M (Peak 82.66M) | Time:00:00.72 | Mem:41.25M, Peak:41.25M | Scene, ViewLayer | Finished
Saved: 'E:\Games_Develop\Little-Castle_Assets_cliffkit\Source\Environment\CliffKit\v001\QA\Ramp_Hike_B_rear.png'
Time: 00:00.74 (Saving: 00:00.01)

FBX version: 7400
FBX version: 7400
FBX version: 7400
FBX version: 7400
FBX version: 7400
FBX version: 7400
FBX version: 7400
FBX version: 7400
FBX version: 7400
FBX version: 7400
FBX version: 7400
FBX version: 7400
FBX version: 7400
FBX version: 7400
FBX version: 7400
FBX version: 7400
FBX version: 7400
FBX version: 7400
FBX version: 7400
FBX version: 7400
FBX version: 7400
FBX version: 7400
FBX version: 7400
FBX version: 7400
FBX version: 7400
FBX version: 7400
FBX version: 7400
FBX version: 7400
FBX version: 7400
FBX version: 7400
FBX version: 7400
FBX version: 7400
FBX version: 7400
FBX version: 7400
FBX version: 7400
FBX version: 7400
FBX version: 7400
FBX version: 7400
FBX version: 7400
FBX version: 7400
FBX version: 7400
FBX version: 7400
CLIFFKIT_QA_PASS 42 manifold meshes + 42 FBX roundtrips; visual review separate

Blender quit
