"Path","Bytes","SHA256"
"Art\Cottage\build_cottage.py","6688","39B192AD1FC48F518928D7C13E70A041E0ABCE185355FBA0DEB49915B367CDB4"
"Art\Cottage\build_cottage_v2.py","7955","FABC2B78E3799B6909FBD6ED7673B7862BCFDC342CEA9557598AE763184ED4F0"
"Art\Cottage\build_cottage_v3.py","4249","50BB89106F3523872DF707E475C70D1081745CCA56D047CABD88A9215FE87895"
"Art\Cottage\Cottage_01.blend","2013368","BC2C76A0E01DA1E379D2574DB2DA510B0BCE5F65F9425886F42E8FB0474B709F"
"Art\Cottage\Cottage_01.blend1","2013368","242787A781FDDC5D427FF1936BA99701E6FA37967C42FA7352E59FD3BF3FB70F"
"Art\Cottage\Cottage_01.fbx","1305500","8A453E5C27F5B48D45B56BC76A026566C76877DED95F7F65BD24BCF54067499C"
"Art\Cottage\Cottage_01_preview.png","1435160","FDA2A4A51059B76E4FA1878BA23879ECD0A313D79BC06C9BFACF744F1CD41424"
"Art\Cottage\Cottage_02.blend","4154391","745134DBAF3F8E46C8A8AD5853394E01474FB23164D5A01DC6BB8E3155D9C0A9"
"Art\Cottage\Cottage_02.fbx","3157180","0CF1E3BC2333B3A11CE2190DEE1110E65A1725EF5D44DB4220CA1CDB6E05077E"
"Art\Cottage\Cottage_02_preview.png","1600347","5F66F2C8A4D400928C40B8954263CFA541C2CB28945350E41EBF3D436086BE18"
"Art\Cottage\Cottage_03.fbx","2352716","A41756C9894664420BB3ADB5CF5CCB2A4DB9B4BC710A4022FEECEB19CCDBADA3"
"Art\Cottage\Cottage_03_editable.blend","3996874","4FA1942B6F274AD6848358820F7B2A3CF6CA8347AFA323E188CE5B1084B7CE72"
"Art\Cottage\Cottage_03_editable.blend1","3996874","9BD347F47E15CDE1513E870D5644A5289A44C6BF7A40B5F7485221B6C22F3A6B"
"Art\Cottage\Cottage_03_front.png","1198905","44182CF6A7FA1F6A4D641223E320F88B614915AD9E1B9DAECA3A030C554107CC"
"Art\Cottage\Cottage_03_preview.blend","4432981","5008A48B070B30744C07EB9815E362597C60114CF0DE2BF8DA02037F39F0FAF0"
"Art\Cottage\Cottage_03_preview.blend1","4491334","80C86C6CA359F4C697DDF834072D78E88D43D7B896B5623F296745342B9D62CB"
"Art\Cottage\Cottage_03_rear.png","1106885","068E77E22EFCBA46C1C593621A389DC785F74D8324A3C92A929CD2291F566845"
"Art\Cottage\Cottage_03_roof.png","1218846","CBBD9A9684CF68697321FABB61D33025D6BB2B40B1167E2B3080A3FE0456F8E6"
"Art\House_Cottage_A\CURRENT.json","1559","BB44D1FEE4C2D0F122B711128920B60DD489DE8D638C4A2B4EB03016C06D40F2"
"Art\House_Cottage_A\Docs\01_Reference_Analysis_RU.md","6260","3FEF3C9B80720E364979619F5C1D3202D6678E5F63888E800982D96BC6A3EDA2"
"Art\House_Cottage_A\Docs\02_Materials_Audit_RU.md","4354","ADD5915905EE1E010BE4FD48E54E4C6EF15782EFA9459E759BDAC009B97D46D6"
"Art\House_Cottage_A\Docs\03_Progress_RU.md","14452","849A8BA8A5749EEBADD7EF9DF54A007317AB550FAB687E045A7DC726DF884BD3"
"Art\House_Cottage_A\Docs\04_Junctions_Foundation_RU.md","5285","94C36C37DDD71824345F021A3E00E41AA85699E5335EF92F9AB404FA9CF74EA0"
"Art\House_Cottage_A\Docs\05_Roof_Tiles_RU.md","3338","2D1D7544648BF768A413333A888A987BFA5D1029D558E21D12C32C223BFC02A7"
"Art\House_Cottage_A\Docs\06_Openings_Yard_RU.md","8573","59C43CB90031A1EF197EF9DB786B2E0E37C2636427CBF565E851E96BA91E1937"
"Art\House_Cottage_A\Docs\07_Module_Catalog_RU.md","5143","35983BE3ED682D0DAA2F1C30F20E4E0CCCEDAE4AC48CC91AF87861E2731DBB64"
"Art\House_Cottage_A\Docs\08_Openings_Materials_RU.md","5786","C391BB26C20425445F074CB259B2B285E1D45DF145654A85997D4490F8ECED8A"
"Art\House_Cottage_A\Docs\09_Timber_Materials_RU.md","6480","C5CE60E6B49A977E43E73D6C03020C916BD02A6E6D4ED5A30750AB4223D5F4A8"
"Art\House_Cottage_A\Docs\10_Roof_Solids_RU.md","5155","C855E5A338E4AFA1CEC6751E1F2439D712BEC95376B5C2B49D08B1B1FCCAE332"
"Art\House_Cottage_A\Docs\11_Roof_Materials_RU.md","6112","38BCDADD688EE2683B013C7C0378451E4D3995C56DEE787807A25CBD8175F558"
"Art\House_Cottage_A\Docs\12_Ridge_Seating_Plaster_RU.md","6284","CCF5C59F24A7DCAB9E5B635A2AC622464A7ADDBDADAA3AEECA605AF7E94A4076"
"Art\House_Cottage_A\Docs\13_Masonry_Materials_RU.md","4478","F7BEE57388C98C0CE2C0CC02AC9D5F22F60B2674C387D1ABAF33A42BC276FB94"
"Art\House_Cottage_A\Docs\14_Post_Dormer_Junctions_RU.md","3235","B557347333FD3EBE4FEC771DB61D04CD3D4D9CCD4CC1FFC33B16ECF280BC2FB3"
"Art\House_Cottage_A\Docs\15_Yard_Materials_Batch1_RU.md","4140","000DBC82A7DD6BFDB847D6285032728E685BCD13A3323E94D674B323C38AFB63"
"Art\House_Cottage_A\Docs\16_Well_Bucket_AssetBook_RU.md","3679","3D7A4851AE222C919B96F22F710E976383D80072E2F57A7A0F20661E5871CA46"
"Art\House_Cottage_A\Docs\CONTINUE_HERE_RU.md","1669","9229110C6642799ECDD735924C9311970453724D2882EFB51719287BE0C6D514"
"Art\House_Cottage_A\QA\blockout_manifest_v001.json","132088","963322624CC4C1FBBC239560923EA426EA5577C19790A5BBC61151EB93CF5BD5"
"Art\House_Cottage_A\QA\blockout_manifest_v002.json","133885","26CADAA4F5372DB37F83DC3514B9283F9E02B41330BEE0230385E9582A8E63FA"
"Art\House_Cottage_A\QA\blockout_manifest_v003.json","132577","793F68B2727816DAEAB34E81596CFD48082ED4648D33031DE0AFAF9E76F5F63C"
"Art\House_Cottage_A\QA\blockout_manifest_v004.json","131665","7AEF68C48D4AFF72AB408D20C2E0C06EAF57E395C42530898A2B2BBC6D88D4B2"
"Art\House_Cottage_A\QA\build_courtyard_v008.log","354574","5170C7B126FA10EEE66A724F66D202E9CCDFC635C93E2D0848971E1B8E0CE607"
"Art\House_Cottage_A\QA\build_v001.log","389583","9C4DFA5ABD79D8EC2A1E096BF2623E14CA1EEE66936E89BD84FFFE990FA56656"
"Art\House_Cottage_A\QA\build_v002.log","399008","80F16FB91795DAEABC5A76CFCB0FB29EF2B3A0019379865C2EC8ADD78273D58A"
"Art\House_Cottage_A\QA\build_v003.log","371045","D893969F8303A032FAC45E20B53D511B70694FCE34068CB08A6F9F6B5FAD3CA5"
"Art\House_Cottage_A\QA\build_v004.log","390560","97292BBB7D190BA7ACBDB426385A10F1D23621892F30245FBE1B9F80BE4CC390"
"Art\House_Cottage_A\QA\build_v005.log","174331","2C1CF435FC8C5089EE9EFB413A3A609EB4373C006D2319CC8AA6DC23EB20DB12"
"Art\House_Cottage_A\QA\build_v006.log","117507","573546DD3F15D49DA9A0B42E4F47C88AB76E50B3A066338C90DFD7AAC642F526"
"Art\House_Cottage_A\QA\build_v007.log","187200","66568B5D16A3E99E9C10873AC1F7BA847DFFC722018999434199D61480286A53"
"Art\House_Cottage_A\QA\build_yard_v001.log","133794","F8F0E6017441F2B4F27A69136C7DD0C618562D4975D2E35177511E0A16CD951C"
"Art\House_Cottage_A\QA\build_yard_v002.log","133313","B0DE4408327299BC232D4C5FA53F114ABC13365B877C8957AC50D260E61634DD"
"Art\House_Cottage_A\QA\courtyard_v008.json","6048","572A2A9FFB39F980C5EAC8958CDED3A1F1BDBEBE22CE25583A333C1B5610FC92"
"Art\House_Cottage_A\QA\geometry_review_v002.json","1014","8582B26990A63F2BFA121200B2F27C02A13A1A8BF84C12CE5C9A03D7314996E4"
"Art\House_Cottage_A\QA\geometry_review_v003.json","1014","6509CF42F01791BD105BBA524FC7FD34E855A9AE86A83FBBD66173ACCBB65632"
"Art\House_Cottage_A\QA\geometry_review_v004.json","1014","5E2E5A02AD0A6A25C99E5C8B5A846113CB9461E6882131A9099308AABC4AADAD"
"Art\House_Cottage_A\QA\junctions_v018_assembly.json","2344","1869EEC8029F89D60783018EE4C57A261D4E74B359098FF03604A00208772EA9"
"Art\House_Cottage_A\QA\junctions_v018_assembly.log","135552","536723FD66E4D6D5D080D494E9887CD30AE931E0AFAEAEC056602DADC71C7B5D"
"Art\House_Cottage_A\QA\junctions_v018_house.json","2338","E1DA3FFE7F60AB070A2E58BF0FDC9B747AEC8D2142B3B778427548A4EE14043F"
"Art\House_Cottage_A\QA\junctions_v018_house.log","261267","D7E971E454D182E2E5B425653530066E31E613BE496CC4B328FABA64D8FA5BFC"
"Art\House_Cottage_A\QA\junctions_v018_preview.log","249021","265D31C0431DDB721F446B00531F8A91F4E6295523BBC7AC0EDF771D582CB7D9"
"Art\House_Cottage_A\QA\junctions_v018_readback.json","1536","31308BC34BFA24CCBFF1F9EAD5AA0E2D750DF32B8B5823711D55149F8B265A7A"
"Art\House_Cottage_A\QA\junctions_v018_readback.log","541","097847D9CB73DD5E00518A95F75912ECFCAAE7EEDF9A3F019D8D099B03B7D1E9"
"Art\House_Cottage_A\QA\masonry_v016_inventory.json","48791","27B599E7BE45006679672A6EFBD19A2FD3067CC57E06B9ED5787A229F9EA7773"
"Art\House_Cottage_A\QA\masonry_v016_inventory.log","34948","7283E9CE511E74C9508F490AF8AD6A590893204EF9297B5CB084D8FABE01EDBE"
"Art\House_Cottage_A\QA\masonry_v017_assembly.json","294","E1564D2C7D9262BC795303C46787FCC926370C2CEF4924839CB2A04B04A7306C"
"Art\House_Cottage_A\QA\masonry_v017_assembly.log","130145","BD4CD58257160D066CAE7A96B71FB8D74627BB814C16CA451A1F1D0CF970CC97"
"Art\House_Cottage_A\QA\masonry_v017_house.json","288","148D7990D6307938F059A341F4DEFC2511D7B3A18CDA859FC8D3E3F03489C90C"
"Art\House_Cottage_A\QA\masonry_v017_house.log","246627","341F49219138ECAC4DEC56C057C7011EEB1382AB54103F10206886F67F48254D"
"Art\House_Cottage_A\QA\masonry_v017_preview.log","243656","18EA01AF4E4C5757949D8E51B7A4715D96AB94E0F62FF43D5AA319F75F1D3242"
"Art\House_Cottage_A\QA\masonry_v017_readback.json","774","EA5DD6D2C54C74BA3198B179275C07C3C15D4EA63A0DC259C9D847FFEA79D6FC"
"Art\House_Cottage_A\QA\masonry_v017_readback.log","540","4EF372EB29A4A5C769BFF5D62A0BB0BCE102B2427651AB862BFA7E54C222B291"
"Art\House_Cottage_A\QA\material_contact_sheet.jpg","143237","32830CC5C19E1BD26ECA9BD0B297949030891ADD6568AE21D2E40532425F4E12"
"Art\House_Cottage_A\QA\material_inventory.json","15256","BD3C872EB10659B82D1B11F6AD0E5991D2B8807BA59E838B388501DE3A0EB489"
"Art\House_Cottage_A\QA\materials_v009_assembly.json","25102","63350013C5413275955FF67A0588F970448F88696C1C4BC83611BA31551E8ADC"
"Art\House_Cottage_A\QA\materials_v009_assembly.log","124995","2F7AA826673282D4D63F21DA9A71BE8F3820FED579B4A04AD20737113E79DB32"
"Art\House_Cottage_A\QA\materials_v009_house.json","25101","5FC6F1E8C0287BEEC12931715B882BD59DD0282C56FD34A253667A18A2879613"
"Art\House_Cottage_A\QA\materials_v009_house.log","224486","88A56105E671BFDA82334DF3A6888DE492A551660830A29082016A4B3E2E1ABC"
"Art\House_Cottage_A\QA\materials_v009_modules.json","16515","0BB437F5F05B83267DE6A076ECC9BDC33F067085108BE1A3900BAA6461A713AB"
"Art\House_Cottage_A\QA\materials_v009_modules.log","62384","FFBCAE09F2AF0D6EE67595EE8FEACDB4D41F91A4B4638A9A98372FB28C2E2795"
"Art\House_Cottage_A\QA\materials_v009_validate.json","1469","11C2195F03BC735AE417A2ED28AA273659AD14935A95AAFEB1DE2608579AA7A9"
"Art\House_Cottage_A\QA\materials_v009_validate.log","5470","A074A15B00D1B7BB0B214DD0D750A7ACC4CADE1AF2EBBF281D4C4E8569482F4E"
"Art\House_Cottage_A\QA\module_readback.json","5532","0CDD8B7708ACDE1DAC333BD78C26A33FB79BA2A05C320C31927E5AC5EAC720CD"
"Art\House_Cottage_A\QA\opening_modules.json","797","68B7B52CF36C15842C6299FF007CF54A15FACE49A8C3AEEAFEEE9C292B95F44B"
"Art\House_Cottage_A\QA\openings_v007.json","186","0FB8DC25262F130DDFC395E3A357B51D705CE335C5A391370A8D65CC551BB320"
"Art\House_Cottage_A\QA\package_openings.log","35360","97740C1842322A100B9483E186C80F618CF6D61F368AE923B82844F2E1A6549E"
"Art\House_Cottage_A\QA\package_openings_v002.log","35806","64BF468E21C0880AC882B8D786EB5E024D8DF42EB7C49291F7E70DCAA53FDFB6"
"Art\House_Cottage_A\QA\plaster_v015_preview.log","71299","404BA798260C77CCAD249038FD1C87E7B1E57EA8D3DF8607480147EC031A0047"
"Art\House_Cottage_A\QA\refinement_v005.json","602","F955FC440D35B2AAE57D28B9C55F331DFE64937D31826DFA5B17D6916E2B1644"
"Art\House_Cottage_A\QA\review_v002.log","6059","B2D1ABB01A214B98F9DBCDB513D15426709C286039B5BD40528217D7085B1B55"
"Art\House_Cottage_A\QA\review_v003.log","611","6088D14AFDB60FD3C1720CE3906AAB2C62E3D62A7D680E7CB22AE26C2C599F6F"
"Art\House_Cottage_A\QA\review_v004.log","611","2C236C36F35D1EC302271AC846AF3BCBBDC1D62900CE0EB1321534496937EE19"
"Art\House_Cottage_A\QA\ridge_plaster_v016_assembly.json","9614","03CA0B202371411C0E8282442B0C2227D6619685783CB3FA2DD1B718491EFC84"
"Art\House_Cottage_A\QA\ridge_plaster_v016_assembly.log","130727","F75A012A18352D23454D97DB8D25DAD0F33BF91028FEB6D52C2C66FE291C5560"
"Art\House_Cottage_A\QA\ridge_plaster_v016_checker.log","85678","91262E91E599A39DEC41686FC34CD8FF0A4B6AD5B1742FAEDB2675834BE592B6"
"Art\House_Cottage_A\QA\ridge_plaster_v016_house.json","9608","E7209DDD23DDE8C4BF71AC64E1B28DF304B2060F6159F09A96A1BADAE9E30DC2"
"Art\House_Cottage_A\QA\ridge_plaster_v016_house.log","221615","8A23FD3EFA0A35BD5BE3F4C1812D22B9EB994F80FB8B3BE1513BACF1C13D5BE0"
"Art\House_Cottage_A\QA\ridge_plaster_v016_preview.log","82477","53AF86638142D3DE521E55DAF07ECE3E5A6947CBC003C10D63A210109B8C03DE"
"Art\House_Cottage_A\QA\ridge_plaster_v016_readback.json","1494","4220FF458622CB2F528DAE1EA1F10E88D1D73D6520B99937CF5349DAFAAFABB9"
"Art\House_Cottage_A\QA\ridge_plaster_v016_readback.log","546","8F0F9BB09BAC9AD37B5A13CB7FE2D4FC3FED0B44A4A5ED76461D29BEDDB15613"
"Art\House_Cottage_A\QA\ridge_v014_contact.json","40549","B5256D3C51AE5635E398CF6C135122E1D2CAFBCD426CC9BBD8E28C1AAE7AFDD9"
"Art\House_Cottage_A\QA\ridge_v014_contact.log","1903","3619597B176D7CC59960361C485A11C8B6E2ED5031B22B8E9A1C3C36D7DF5AE0"
"Art\House_Cottage_A\QA\roof_bake_regression.json","175","1BB1030D1F8ACA027A604B769702005E83D238BE556186022AE2970DCB9B5EA5"
"Art\House_Cottage_A\QA\roof_bake_regression.log","440","B6290684CD9AEA8431FFCE7EE8F07740C3A04C90822B8FCA25E24C39E8CE979D"
"Art\House_Cottage_A\QA\roof_materials_color_review.log","74189","8160E17D05BDBEB6F6CA9E24272469D83790263894A0CAE8A200F323F1228AA3"
"Art\House_Cottage_A\QA\roof_materials_native_study.log","287","7EC389610FAB7C21BAC31E850AEDBC5AA75AB432409B690A7BAB173A50EF6BEA"
"Art\House_Cottage_A\QA\roof_materials_v013_house.json","481","9115BA4D1F42FC88D2C7A1D0EA15E630E80FE975660734333B396C1D50CFF522"
"Art\House_Cottage_A\QA\roof_materials_v013_house.log","236418","18E2A6E301D92D482EE312717D07F4B3B2291A12F3E9E92A204E71B0C7578C9B"
"Art\House_Cottage_A\QA\roof_materials_v014_assembly.json","487","D63A2F08A8350C800BE3AEA7D5C96D92C11B7AA27162DC2979FB92D21802453D"
"Art\House_Cottage_A\QA\roof_materials_v014_assembly.log","130069","71D7D80AF7D320A8AE54589D7210E2449072CD0A717FA3B045B94676886384EC"
"Art\House_Cottage_A\QA\roof_materials_v014_checker.log","71529","9F606BAD46098C13488A062698D687AB6B6BDADAD4D5A40CF96FBFE9896B60DB"
"Art\House_Cottage_A\QA\roof_materials_v014_house.json","481","12C9207790B6C62BADC675366AA7664ED7FBBC2CEB0C6331CA9DC33C2834BE55"
"Art\House_Cottage_A\QA\roof_materials_v014_house.log","236950","F31A622C7D6E2A13961DCD6A7251DBEB2FFE4F1AE7EB221AC628984D57D9F22A"
"Art\House_Cottage_A\QA\roof_materials_v014_readback.json","940","0AFB242E0D26CE0BF4406E82CB826270D42408B0B06D63DA85106D14232F51F1"
"Art\House_Cottage_A\QA\roof_materials_v014_readback.log","667","DAE6945C3AE3775D0F34C05E09D12EC0BABBA746317150B7D2259A8BFAAE5164"
"Art\House_Cottage_A\QA\roof_materials_v014_study.log","6677","0F7A7921F3A0F8709C2ED03417607768590655D05C784DEFE592316A1CF36BA7"
"Art\House_Cottage_A\QA\roof_solids_v011_audit.json","45038","3B852BBF37C4F09243486B21B62D072521D712083E3394CC78D375027D4F37A5"
"Art\House_Cottage_A\QA\roof_solids_v011_audit.log","2793","F7DC12E71E79F8CFEB4DD1C6F5CCABFC52BE3D09CFD36CDDFAD146530A742814"
"Art\House_Cottage_A\QA\roof_solids_v012_assembly.json","86818","2E5336CEDBFE9F7999768D3DE35C9C25EB1216B7E6A78502DFD57C878D5AC8C0"
"Art\House_Cottage_A\QA\roof_solids_v012_assembly.log","138891","8D520FF11E63DC9DB83CC42FD00AA47B82B87E95A0E4F7D9AAED3547B0202AEE"
"Art\House_Cottage_A\QA\roof_solids_v012_house.json","86812","F67FDCD42B5B7DAA984D6019261229BA84DBD091121079C899EA6B9F0DA38ABC"
"Art\House_Cottage_A\QA\roof_solids_v012_house.log","239765","F9745E3A36F25DBCC631BB480924142162994F2C9D9DAF451ABE652AA0FE29BA"
"Art\House_Cottage_A\QA\roof_solids_v012_readback.json","96414","B80A2B262A8BEF4443580B03619534D1542FED93EC359AA4D9CE9235C17337A7"
"Art\House_Cottage_A\QA\roof_solids_v012_readback.log","549","6BC790611A0EBEA9B42B3F48A40F08B5E11D7CBBED4C7EC9F24F5F678AF14D8F"
"Art\House_Cottage_A\QA\roof_v006.json","288","6CF4754CAEC4B8D21EA29311FCEFADE6C2B1829E6ADEC4B075131F25A637BFFE"
"Art\House_Cottage_A\QA\timber_v002_readback.json","81","426566DE344AA3C8A8A62C2594E1886CEDEFA5D9B69489A1933095B47CF5B459"
"Art\House_Cottage_A\QA\timber_v002_readback.log","522","9923E8E2B94366B0A9A1FD8879AFDF8B5ACA1EB7B425D0F1F321333890B4BC2A"
"Art\House_Cottage_A\QA\timber_v010_assembly.json","2780","199B15FA1735A2FEAF9A06A8B85CEC2FAA9F797790BE44D8A58593C2F7D94F0B"
"Art\House_Cottage_A\QA\timber_v010_assembly.log","120299","A30B1CAB66699B5D1203273DF2E92EE2AE54C4D033C5898A617F6011E42BB308"
"Art\House_Cottage_A\QA\timber_v010_house.json","2779","7113ECF4401547DCAF5ED7D4B2CC80C471922803F1075E3C1116F9DFE3F000B6"
"Art\House_Cottage_A\QA\timber_v010_house.log","303589","E117BBDFF1231544BCACA48347C6AB10D36262D41131ACA2659D1C3810DEB224"
"Art\House_Cottage_A\QA\timber_v010_readback.json","651","ADB5503857DC092829DAC3402D10F1C5BFE1932D8DFD5C6495DB44248CA13E3C"
"Art\House_Cottage_A\QA\timber_v010_readback.log","720","B8C707406E8EC62F62F6EA0EBF410CC70B08CF71DD48C3BC2D73E525FB00429B"
"Art\House_Cottage_A\QA\timber_v011_assembly.json","1312","64CECF790B8161FDDB43DD9D167E8B6AA66743DB12872013C36E1A3C9DBBC28D"
"Art\House_Cottage_A\QA\timber_v011_assembly.log","124945","B35C37093258052DED5B4D57FFEB2CCDAC60F6BB65D94D907C8419A43ECB3010"
"Art\House_Cottage_A\QA\timber_v011_house.json","1311","C9EEAFF56FC52F74103241496EA68B4CACB83557F635B2BEF001F1E5C84AB758"
"Art\House_Cottage_A\QA\timber_v011_house.log","205522","6B63B35F595A83AF4F70951C9112F2CAFA042253F1CE76DB8B942055CBDF7736"
"Art\House_Cottage_A\QA\timber_v011_readback.json","580","1BDC0463F50EE41CF1A20D092D2663A380D41BC4477AEFD266F9E87C55095241"
"Art\House_Cottage_A\QA\timber_v011_readback.log","550","2AF24A4CBEA3A7A4839BED723D909A23E270FE7321A9906D1FC32C6CAA83BE35"
"Art\House_Cottage_A\QA\well_bucket_v020_assembly.json","2908","52C79AE46CCC6A77193EFE66D117139C3C75626AD00C7904449F71E2FB7E33B2"
"Art\House_Cottage_A\QA\well_bucket_v020_assembly.log","160392","06B50FB8FA30E74E6F05079FB2557EF66CBD003A98B6056B687745497D4F6B7E"
"Art\House_Cottage_A\QA\well_bucket_v020_gallery.json","2908","52C79AE46CCC6A77193EFE66D117139C3C75626AD00C7904449F71E2FB7E33B2"
"Art\House_Cottage_A\QA\well_bucket_v020_gallery.log","88458","42EFAF942A7BAC3EE8730D4976540A9D9D82993E2B21F10B6CEF34B1E742D441"
"Art\House_Cottage_A\QA\well_bucket_v020_materials.log","212","FEC59961E92FD2968BF509BE21E1995C43127F49D868A1BA0CCEA99EDECA2C51"
"Art\House_Cottage_A\QA\well_bucket_v020_modules.log","28907","3D4EA3ECE8796C6196B5EA2294143959E5B1137CB5936771CFC186FF4BD75621"
"Art\House_Cottage_A\QA\well_bucket_v020_preview.log","28743","23612FA858DCB27E39C0813CBDF98446230CF460089F149CB473FF98701D0471"
"Art\House_Cottage_A\QA\well_bucket_v020_readback.json","1428","477267630D86C64E102A47AA413DD51BEA97DA3E1AB2A9360CDB393DAF4800F4"
"Art\House_Cottage_A\QA\well_bucket_v020_readback.log","779","7FDBC40BC2B4FD368E78142B0371A10CBFA9C749A7D37A250A691E6DBABF2BB5"
"Art\House_Cottage_A\QA\yard_materials_v019_assembly.json","4430","6626DDF67AE34622390F0E74044E84C1EF21E81F043D6F97A7EF9FDF606EACF8"
"Art\House_Cottage_A\QA\yard_materials_v019_assembly.log","153829","9A679419F0B630C541AA668BC1BFC8F1431080B6A35223CD8E07F1A7074C8C45"
"Art\House_Cottage_A\QA\yard_materials_v019_gallery.json","4430","6626DDF67AE34622390F0E74044E84C1EF21E81F043D6F97A7EF9FDF606EACF8"
"Art\House_Cottage_A\QA\yard_materials_v019_gallery.log","78662","4B4E5CAE4EF894B52007BAD43A0817B8B636C5397E441817AC7A3F1B3276C52B"
"Art\House_Cottage_A\QA\yard_materials_v019_modules.log","46531","B1D1A57A6E01D54E5F52155F777041DF11670963264D95CCF687A0A76F3E2D79"
"Art\House_Cottage_A\QA\yard_materials_v019_preview.log","45887","9635E580B4DD3FFFA09E10417752DDD4332B7F3BFD917D18FBD62E40A97371A7"
"Art\House_Cottage_A\QA\yard_materials_v019_readback.json","1446","4356EF9E0B0ECD8C183896B1EFC5FAE82584CA2F70196F4A1F7121FCF5A5719A"
"Art\House_Cottage_A\QA\yard_materials_v019_readback.log","791","9EF76BB79515693B151339A074D9ED47A308D7327E496B3AC0149CF9D34C961A"
"Art\House_Cottage_A\QA\yard_v001.json","9368","CA998502D30DD0EE37C98A18235C3D74DC16F93023CB517EB8756834D858782B"
"Art\House_Cottage_A\QA\yard_v002.json","8304","364865BB3237418387ABA2EA028408F25B4154F6FCE1C7746AAEAACDC0CEB87E"
"Art\House_Cottage_A\README.md","16582","795AFF8597BEF16C0ADF7752231D9693FB2E3D42E618C1EA7B6FBA061227EACD"
"Art\House_Cottage_A\References\01_Cottage_Concept_Modules.png","3017928","5AACC505A7FD13CBB637268BB407835B02B410C78C7DF7A57039C3C70A3F3387"
"Art\House_Cottage_A\References\02_Cottage_Views_Materials.png","3019180","231E5977C6A62619A4EB623292358ABC6EC7BD493D27AD5D7A4143DAFD982266"
"Art\House_Cottage_A\References\03_Ridge_Gap_Feedback.png","19523","09BBFA3F35C9681F5EBEB9624E7CA880F82E49427B1D03D1DFF136C457C6A6CF"
"Art\House_Cottage_A\References\04_Post_Dormer_Feedback.png","1077458","C293E2385F5FA27255EBF7CDD068418C2618E012243983CEACF5E41B33BFDEEF"
"Art\House_Cottage_A\References\Original_Brief_RU.txt","30177","B7D09DE3873CAC8E1D604D4195E2A9C55A4BA5091FB254537FC659AE28903C16"
"Art\House_Cottage_A\Renders\Checkpoint_01\v001\01_Hero_Front_Left.png","1218487","A35D2FBEAEBFFE97CB1A744EE92BF73CD2D55DCE1B94B1E08A91F12C6A22066C"
"Art\House_Cottage_A\Renders\Checkpoint_01\v001\02_Front.png","462332","5AA866FC6A5D8DA6D0DEC2D23111F0ADDAFCBE801F5831F7883034E1578083A8"
"Art\House_Cottage_A\Renders\Checkpoint_01\v001\03_Back.png","447495","B604C23AE0BAD773B7AFC5D657F49F5FE9CC35BB02BF2A9941A5BC1E0EA6065B"
"Art\House_Cottage_A\Renders\Checkpoint_01\v001\04_Left.png","465057","B97CE3BAEC3033F3D1B914E7E6E1F0CC631689EC720B6E21D3751690AFFB3356"
"Art\House_Cottage_A\Renders\Checkpoint_01\v001\05_Right.png","454390","A04AA56848C2E3424407B07F865562C5B881ED62A8E178B67934502B4DAC9B53"
"Art\House_Cottage_A\Renders\Checkpoint_01\v001\06_Top.png","421145","FB49893056986B97C05661B5922A42C16097AB61B045208A8EA0AC8E4431C733"
"Art\House_Cottage_A\Renders\Checkpoint_01\v001\07_Front_Right.png","535047","C566AA03462F1B3AC6351985B101D8BD951D35D4F397AC0BC19F30CC9E9DECB2"
"Art\House_Cottage_A\Renders\Checkpoint_01\v001\08_Back_Left.png","527306","9141040D4C8C32A7E22CB9CE8E9A7052EF731DC77A62E4CED934AD45F9ECCB8F"
"Art\House_Cottage_A\Renders\Checkpoint_01\v001\09_Back_Right.png","510722","C9FA65366A86A9B1E1267FA02F14E289CB477AFBC505056CF4CDE8AD1CCB12E4"
"Art\House_Cottage_A\Renders\Checkpoint_01\v002\00_Primitives.png","492174","507F7AD1012B36F6641A8BC0FF10BB8724D3B1AF8DC28137FCAADCDB88213B19"
"Art\House_Cottage_A\Renders\Checkpoint_01\v002\01_Hero_Front_Left.png","1220361","A6AABD033A4D6A8441B27C57F0182ADFD632BBDDE78ACCC2CCC4020C98CE2972"
"Art\House_Cottage_A\Renders\Checkpoint_01\v002\02_Front.png","462830","4EDE5D1A3C1E132DD5BDDCA79CCB968DABB1828C17D2A0F506CDFFAABC640455"
"Art\House_Cottage_A\Renders\Checkpoint_01\v002\03_Back.png","441235","6E670A418A8FA51DD443E5EE04387A1214D868D80803DEACC48A9D158CC13C25"
"Art\House_Cottage_A\Renders\Checkpoint_01\v002\04_Left.png","461348","0C3A52BECC2ADEB36E6994C185D59F1C6D0D105726C3D3241C4E13044C158FBA"
"Art\House_Cottage_A\Renders\Checkpoint_01\v002\05_Right.png","451914","909F68CA01BC473D18C35B6EE3D1B2F6EF957B8B40171741DD551BD1A657F091"
"Art\House_Cottage_A\Renders\Checkpoint_01\v002\06_Top.png","422701","8E0E602FD2074E618BB825E451C40B2039868B3AA133915EA7145ED11CCC83B9"
"Art\House_Cottage_A\Renders\Checkpoint_01\v002\07_Front_Right.png","534465","59A432C388DB7797062ED40A9AA5B279B4064E687579A9D1385D2835D8029F99"
"Art\House_Cottage_A\Renders\Checkpoint_01\v002\08_Back_Left.png","526357","708DF0B9696107883675E71B51A195BAAA6A9FED09B7171AB5EF602352869FC5"
"Art\House_Cottage_A\Renders\Checkpoint_01\v002\09_Back_Right.png","508899","20649746F815677FAFC273336F8760208FC7168C7B99F75D1CE08EAD0E9E4F26"
"Art\House_Cottage_A\Renders\Checkpoint_01\v003\01_Hero_Front_Left.png","1220775","2DEA9A8F6F087F8FBCF877ACF8B83939236C9482CDB08010D52F67525B5C33F7"
"Art\House_Cottage_A\Renders\Checkpoint_01\v003\02_Front.png","462507","1FFC624AC6BA155FC5A2673A06988E65C52D550E551165B22F1AB9B0A13334A1"
"Art\House_Cottage_A\Renders\Checkpoint_01\v003\03_Back.png","441290","030D1AF3B4064A3D7A401DA7EF48815442980C760A2B7321565B80E8342C052B"
"Art\House_Cottage_A\Renders\Checkpoint_01\v003\04_Left.png","461477","FF2AB3D9331F0F097D0DD85865E706AEF8B96EF66518065A34EF3A23A8991575"
"Art\House_Cottage_A\Renders\Checkpoint_01\v003\05_Right.png","451616","D5F9CB390A06F1EC55284C6A4EAE58C706CF34795600D93F17053BAD1C8800C4"
"Art\House_Cottage_A\Renders\Checkpoint_01\v003\06_Top.png","422535","149D4F9172F7B8E4DFFDD784D41B7CD4FB20698B603D2BE488300E09FA2CA69E"
"Art\House_Cottage_A\Renders\Checkpoint_01\v003\07_Front_Right.png","533962","D625660AACB5AAAE4F55BE070E9897A0844D9980C17BA24357B765FF4F23CDDE"
"Art\House_Cottage_A\Renders\Checkpoint_01\v003\08_Back_Left.png","526266","42064D9E3F97283E6E24F0172BA3DF98E776318D2F9EE592B927DCDD7ABD6079"
"Art\House_Cottage_A\Renders\Checkpoint_01\v003\09_Back_Right.png","509118","57CF9AA7E18D1024F6A2431AA091B9D4F7BFF04175F72F10C8E514BE1D1FF373"
"Art\House_Cottage_A\Renders\Checkpoint_01\v003\Contact_Sheet.jpg","241358","883D7A75C47D554795BB39679A52FBE673E2139F41913216C19B6344A5838614"
"Art\House_Cottage_A\Renders\Checkpoint_01\v004\01_Hero_Front_Left.png","1220595","F2E969D547DFDF49315060E67C07AEFFE818D1840771380BDC6B240F0E65148B"
"Art\House_Cottage_A\Renders\Checkpoint_01\v004\02_Front.png","462347","7EBC2C7C6E2CE5087DE61FC9925AD1508CC69264064B306E84B85B7AC99799DD"
"Art\House_Cottage_A\Renders\Checkpoint_01\v004\03_Back.png","441165","2D6E9964DD24CC38E091D07B97161173F98916DF043FCAB23EF11BF14528251A"
"Art\House_Cottage_A\Renders\Checkpoint_01\v004\04_Left.png","462399","1E1812DDDCAB5E4D1D01FDD064877FA166E8538EF06120B1E71C173FBEC8791E"
"Art\House_Cottage_A\Renders\Checkpoint_01\v004\05_Right.png","454212","77D09F363B6F957D5EA071F2EC1A70CECDBFDBCEB82AAA2A1B32B83E5B5CAAF2"
"Art\House_Cottage_A\Renders\Checkpoint_01\v004\06_Top.png","422084","1878BF31B1125DE0F5598E117A2AE389EEA9F62175B10E7E3736377E5CFCF635"
"Art\House_Cottage_A\Renders\Checkpoint_01\v004\07_Front_Right.png","534915","7B90219E7E3DCBB5C160B6E184D3C70321097C829836EBEB9452D8B37D98732E"
"Art\House_Cottage_A\Renders\Checkpoint_01\v004\08_Back_Left.png","527658","C60ABEF79BF79D75D558BA76A7F957F5076ED995E54868733A5539F501FF6E8E"
"Art\House_Cottage_A\Renders\Checkpoint_01\v004\09_Back_Right.png","512310","15C3527E6387F91C2EBA9D5693B67FF948822682078BD9375EB6028666EFD502"
"Art\House_Cottage_A\Renders\Checkpoint_01\v004\Contact_Sheet.jpg","242525","B95493CFFE49D7132D7E7FEA7C45D23B2602FDDF01795DD060D8AF6A0B268AB1"
"Art\House_Cottage_A\Renders\Checkpoint_02\v005\01_Hero.png","1016430","9E30ADFA83B0F882EA000154CFA7E97A9C828F140872158D7FC7A705035E38A0"
"Art\House_Cottage_A\Renders\Checkpoint_02\v005\02_Dormer.png","563841","329A68977530DA8CD6BF70E078164BBF2E35E4ACC1278BFBF75F0EA81DBDBAC5"
"Art\House_Cottage_A\Renders\Checkpoint_02\v005\03_Chimney.png","648407","72C92DAC7BCAC29A24A121E76807253C2E2E236E00F4023C777A92042F8028AD"
"Art\House_Cottage_A\Renders\Checkpoint_02\v005\04_Foundation.png","665244","06F2F7493EDCB97AEAED181771BD89E107ECF34ECADD91C6681F7EEDA978FFBB"
"Art\House_Cottage_A\Renders\Checkpoint_03\v006\01_Hero.png","1077566","0E7209DA08939488E419225A4F1DFB0A0B94E813BD44E399B9772C852D0AB85F"
"Art\House_Cottage_A\Renders\Checkpoint_03\v006\02_Roof_Close.png","1082672","57687E70571D4BB0D749E8D24BBEA5824307A110BE34B0D9BD9798F1154F1955"
"Art\House_Cottage_A\Renders\Checkpoint_04\v007\01_Hero.png","891642","AB06F3D8A8AA4667BEE5F73DD6274FDB418B66FD0B547C1815D92F22F577F615"
"Art\House_Cottage_A\Renders\Checkpoint_04\v007\02_Door.png","918126","A91FF4732D412D00E603364096D293D2183E1BF2C2747110D7ADB86CAB99B045"
"Art\House_Cottage_A\Renders\Checkpoint_04\v007\03_Window.png","780350","6C1963CD06D9C9554D14269A005710A364C5AFFD2AC525F760D644E3510DB44F"
"Art\House_Cottage_A\Renders\Checkpoint_05\v008\01_Hero.png","1419592","CA69F7A2DFFCBBD2DD786946DE7C9605C9A1DECD3B74F1C94B80EF54E9FDB39C"
"Art\House_Cottage_A\Renders\Checkpoint_05\v008\02_Reverse.png","1357068","598F9320AEC0F23E5C6D25687DCF89C61C2320AA7DF0D1EB38F6685E219AE2FF"
"Art\House_Cottage_A\Renders\Checkpoint_05\v008\03_Front.png","1373427","C2B0552C28FB5E8AA1BD75BEFB357120D9A42238362EC8546520149C446CDF3B"
"Art\House_Cottage_A\Renders\Checkpoint_06\v009\Courtyard_Hero.png","1226276","091C6B6F37A91DF89DDAABBF721C6E6AA646EE04B5A6424C62AFB38EBC0E1274"
"Art\House_Cottage_A\Renders\Checkpoint_06\v009\House_Door.png","1079495","275C7C3E3D46EE38ABA511E08EB9490A0AEFA6B9F7E195F028F3446906A56F10"
"Art\House_Cottage_A\Renders\Checkpoint_06\v009\House_Hero.png","939038","3DBBE558DEFC3D5FD854D75C39678DCA582BF4B6BE80DAA3875B0A51D71CEE96"
"Art\House_Cottage_A\Renders\Checkpoint_06\v009\House_Window.png","982063","0E5F46809286355A8872589AB72DB0BE6A15B3C55563E6E2D5D9B1E436F497DC"
"Art\House_Cottage_A\Renders\Checkpoint_06\v009\Openings_Contact_Sheet.jpg","179927","24A7FB077634DF1FFFD956A068C3309785891A9B4F11B0581CA7805A9805EE65"
"Art\House_Cottage_A\Renders\Checkpoint_06\v009\SM_Door_Entrance_A.png","737335","00024C7C8B3C169788AF15E76DFEE0879C5DB18A2736C01046C1A11BAE7BAA10"
"Art\House_Cottage_A\Renders\Checkpoint_06\v009\SM_Door_Entrance_A_UV.png","574544","1DB080BC86401DC22E5C940ECAB51EA321DA97CE71C71CC65404928F0B42121F"
"Art\House_Cottage_A\Renders\Checkpoint_06\v009\SM_Window_Closed_A.png","779478","84EACE80BBDDCA2B7A8E43F749E30347AA2F2D8BEAA9217F3BB0D3A17819A913"
"Art\House_Cottage_A\Renders\Checkpoint_06\v009\SM_Window_Open_A.png","705258","931E41F68EC30E5A12AEC4D7EE2326D081AD30E6DF2CD4D3EFECAC41B06DE30A"
"Art\House_Cottage_A\Renders\Checkpoint_06\v009\SM_Window_Open_A_UV.png","523098","A392C6A86B17510446CBFC4D597629524CF25460E0AA7DC7943F54E6D4301070"
"Art\House_Cottage_A\Renders\Checkpoint_06\v009\SM_Window_Small_A.png","673204","68DF42E1A52B85CC4F3A0183F8F9ACAC97F8EF1386074C664A48E8E037373F9F"
"Art\House_Cottage_A\Renders\Checkpoint_07\v010\Courtyard_Hero.png","1253247","C90F482FCEE54FF40A72F79F2B16267C443504D0BFC56F8B1FAE545E2EBA8E0D"
"Art\House_Cottage_A\Renders\Checkpoint_07\v010\House_Hero.png","1212077","442718F893C015B6EB3A3B158D00F7FBD3D72A74AD31A82D0D235E3B2C9AAEC1"
"Art\House_Cottage_A\Renders\Checkpoint_07\v010\House_Rear.png","972463","C1DCE010FF2F1BDAA962FB3AE9C2D0372F5B780EDF28C8EC2C8DF471955D4D71"
"Art\House_Cottage_A\Renders\Checkpoint_07\v010\Timber_Detail.png","1176963","56F3CD9E8CB831E66F2F41502B241979930E48AE5C191A807F951B97744DC2C5"
"Art\House_Cottage_A\Renders\Checkpoint_07\v010\Timber_Frame_Module.png","806366","08DCF80B964C6826AE5B76A79AD4A259064CB7EE2808D14428575B5DB3526905"
"Art\House_Cottage_A\Renders\Checkpoint_07\v010\Timber_UV_Check.png","1056333","DDFF32682775F56633AB41C1F1A8F1F051A8B856B0BDF99F1EAF7E63BB513DFB"
"Art\House_Cottage_A\Renders\Checkpoint_07\v011\Courtyard_Hero.png","1252846","90510ADD90D1338B42BBDA6EEB49C0E104660C2998E0CF689021FF1B816BCD8F"
"Art\House_Cottage_A\Renders\Checkpoint_07\v011\House_Hero.png","1211574","BF6F30921BB4078EEE8B46DC485D88405832CE18BB355406D34CB3D0A0E6DEA8"
"Art\House_Cottage_A\Renders\Checkpoint_07\v011\House_Rear.png","971533","65C375B57E5B0583D9432278390C8EF80B3A6A58F192F6458CCABE3A17C7E141"
"Art\House_Cottage_A\Renders\Checkpoint_07\v011\Timber_Detail.png","1176453","C53AF5B73D69FBAF9694892206A6CB9187659498D6B456CDC5BE1BC0C5A4954A"
"Art\House_Cottage_A\Renders\Checkpoint_08\v012\Courtyard_Hero.png","1256987","DA8C056C8E258470C7B2F27B4C25A1181665618849D4ED6200C5EF90E323BCCD"
"Art\House_Cottage_A\Renders\Checkpoint_08\v012\House_Hero.png","1207947","79E9E0581A98CB5605D28066E7B145DA3539CE9517CCBFDC045C5CF23ECCA266"
"Art\House_Cottage_A\Renders\Checkpoint_08\v012\House_Rear.png","969991","150487CEE4E7A42F1B64C8F383E567ACC55DAF3DE862EE2A0581C2022EA541E0"
"Art\House_Cottage_A\Renders\Checkpoint_08\v012\Roof_Detail.png","1215375","693FC6C7FE0FB0CF6D007C004079063FB2FB5475FBEE69C40E5081BBC6FF75F1"
"Art\House_Cottage_A\Renders\Checkpoint_09\v013\Color_Review.png","602731","F2B086A42CDD85A458E0E02E0A0778271F2F5E395BFA4B7D31A96BBFE7311846"
"Art\House_Cottage_A\Renders\Checkpoint_09\v013\House_Hero.png","1388697","84F65389F15C0C902D68A3FE45CED809B8F45129015B998BD8F08A607997DEEE"
"Art\House_Cottage_A\Renders\Checkpoint_09\v013\House_Rear.png","1109884","A09C7DA885C46FFE59BF3D91E8AABF489E6B87BB112C144CBECBBF75078247F5"
"Art\House_Cottage_A\Renders\Checkpoint_09\v013\Roof_Detail.png","1545903","0E038E6CAD13853524F6F9CF745A020D0A27CCFF0F52CFF0E79CD93F193C2D06"
"Art\House_Cottage_A\Renders\Checkpoint_09\v013\Roof_Material_Samples.png","774156","51055053424D5561B0AC376BAF9F31463DDF4336F944774DACEFBCF39B0A8E42"
"Art\House_Cottage_A\Renders\Checkpoint_09\v014\Courtyard_Hero.png","1384451","8699A7F8720D13D8E4234590253182740D9C30281CEAF64C349BD1A300DD7DFE"
"Art\House_Cottage_A\Renders\Checkpoint_09\v014\House_Hero.png","1378145","5B5B051563B132716BE32E8FEA93D55921822485CF9FBDF57B055FD7F39DEB75"
"Art\House_Cottage_A\Renders\Checkpoint_09\v014\House_Rear.png","1101822","A368C00A8462C8E9BDA3F20D4BDA91978A92C857C4152733832FE3C98BFFBC87"
"Art\House_Cottage_A\Renders\Checkpoint_09\v014\Roof_Detail.png","1547084","F89E6512231BA0F62733D09111B40D2C0D856A7F370D5B582E5702DFBCD41C6D"
"Art\House_Cottage_A\Renders\Checkpoint_09\v014\Roof_Material_Samples.png","758899","52D7D3DDD9664644548809DA2DAD10F988D4A818A3EE32F3E8683628AC6EF9DE"
"Art\House_Cottage_A\Renders\Checkpoint_09\v014\Roof_UV_Check.png","1500320","A91975DD1B6E4BD4414B31B06C274AF70EB8D54BD4AFE0906DE1DE67F3763566"
"Art\House_Cottage_A\Renders\Checkpoint_10\v015\Plaster_Preview.png","816766","79AAD25428DB6D7FC0D91A5AFAA5DC4A756FA894C44B18E1F9A0DD97D996CC7C"
"Art\House_Cottage_A\Renders\Checkpoint_11\v016\Courtyard_Hero.png","1413795","B6CC514297E5760421EC98DCA3F31E06B6B50ACC8A74ABAFED815192F66A5FE9"
"Art\House_Cottage_A\Renders\Checkpoint_11\v016\House_Hero.png","1418161","1E698E77CC06205886B0093505568ED6E4D81B7E4C27E69353A9DC07D6EE4220"
"Art\House_Cottage_A\Renders\Checkpoint_11\v016\House_Rear.png","1275396","D06F59EC0B36439D789F50E3A49E8E9D522EC3A041B394EBB80A909882814495"
"Art\House_Cottage_A\Renders\Checkpoint_11\v016\Plaster_UV_Check.png","1268681","11C96B558D390FF7FB5FD6EAB3753554174574912FC27ECB2BF10AC553B0A1DB"
"Art\House_Cottage_A\Renders\Checkpoint_11\v016\Preview.png","812639","E0CA4519200A84AC71F712C73D92EF2268A5B1B35CD1B05E320136F9766FB949"
"Art\House_Cottage_A\Renders\Checkpoint_11\v016\Ridge_Detail.png","1396178","664086F3F32D7DA46D442309DF30583276F9C27D491DD0EE9CDCF40C70D1F47B"
"Art\House_Cottage_A\Renders\Checkpoint_12\v017\Chimney_Detail.png","1133177","633EEA5F673E61C76C537FC1F8EF346A3AC17EC9E31AC1ADE3129E4A8EF597C6"
"Art\House_Cottage_A\Renders\Checkpoint_12\v017\Courtyard_Hero.png","1431170","87B0C8E34AC9768525E2446F87F024BD29D8A41897FC7EAFD1DB8B6909A9123C"
"Art\House_Cottage_A\Renders\Checkpoint_12\v017\Foundation_Detail.png","1177346","BF342A568BDB1924454FB378C64470ECF5B748A8785689643A42B6756CC30961"
"Art\House_Cottage_A\Renders\Checkpoint_12\v017\House_Hero.png","1737326","8CB3A23191B439F03F49E19E61659B3EABA92C5274239502A9B0F049758B21B5"
"Art\House_Cottage_A\Renders\Checkpoint_12\v017\Preview.png","825534","34A6ADCB240A7544A9C815B9A0F8C7122C7F114A8842417418F4078AB776878A"
"Art\House_Cottage_A\Renders\Checkpoint_12\v017\Preview_Chimney_Detail.png","1133177","2CB86141B466E6162BF85A2197A13D61EFE6CC49C6DA6945702BC70427844225"
"Art\House_Cottage_A\Renders\Checkpoint_12\v017\Preview_Foundation_Detail.png","1177346","5F3F160F21CAAD0FC7D24836212A7ACD5F3A9C6609CA6FAA161CD7D662637554"
"Art\House_Cottage_A\Renders\Checkpoint_13\v018\Courtyard_Hero.png","1431516","F19D495B668FBB5A6C850EE0AD8EB5BF33BE96ACDE12A3554D01EE747C7F00AE"
"Art\House_Cottage_A\Renders\Checkpoint_13\v018\Dormer_Detail.png","1890894","CC335C0EDDEA44ED68E9B000D037018A16A91E0738687793DFB476AEB5F08201"
"Art\House_Cottage_A\Renders\Checkpoint_13\v018\House_Hero.png","1307460","C7FA6EE88E4EA2B23EEA483AA7B07973E55181CE020952F7A4192DC9ED53F452"
"Art\House_Cottage_A\Renders\Checkpoint_13\v018\Preview_Dormer_Detail.png","1890894","FE91A7403EF9FFB7BCA947948BED53EC679BB8A5B7E7FE09F87F58A9E59216B9"
"Art\House_Cottage_A\Renders\Checkpoint_13\v018\Preview_House_Hero.png","1307460","EB7C892D88FD90495C72DE5B79D3CD400292AC4BADC4FA47CFC42ABCE4C8F5F7"
"Art\House_Cottage_A\Renders\Checkpoint_13\v018\Preview_Timber_Detail.png","1334810","9CBF2F22891ADCA682A5C3C301ABEE0127FAFD7F4D65E17377EAD858A7019B01"
"Art\House_Cottage_A\Renders\Checkpoint_13\v018\Timber_Detail.png","1334810","0C26B9E7FC25D27DD416CAE2C4E34E4BB186A8427B49FE0732DB3550CC6B8652"
"Art\House_Cottage_A\Renders\Checkpoint_14\v019\Courtyard_Hero.png","1444851","7ADEA7A93A1773B013EA8CC656DF4EAAFC568F98DFA7AEFB4CF083D29A447CA2"
"Art\House_Cottage_A\Renders\Checkpoint_14\v019\Preview_Logs.png","973119","C562DA8B1B25E11D78294C4010514CA26A13D2DEAC0F5E4ECFFE1787BCFEA30A"
"Art\House_Cottage_A\Renders\Checkpoint_14\v019\Preview_Woodshed.png","1226749","2FA8A61F93CC231F35D062F3B9F22386E22886A0AD5A2101AAAF6A60F881A088"
"Art\House_Cottage_A\Renders\Checkpoint_14\v019\SM_LogStack_A.png","971804","4887600BD2A9F67E3460F31396D446CB712D81A71777E01F85C9B9F134007F07"
"Art\House_Cottage_A\Renders\Checkpoint_14\v019\SM_Woodshed_A.png","1228114","B540D3A04D074999AFD820096A7ED828459D7DAC41A8237C8164970A4D75C034"
"Art\House_Cottage_A\Renders\Checkpoint_14\v019\Yard_Gallery.png","1095374","22258F2000C219B7E33EFB50CD8720A33D0CF09CB8EFDA7574FB0DB170B5F16D"
"Art\House_Cottage_A\Renders\Checkpoint_15\v020\Courtyard_Hero.png","1460576","9AA7B466486374719495647AE044B734F826196FA8BC09F5D073466E1852F34D"
"Art\House_Cottage_A\Renders\Checkpoint_15\v020\Preview_SM_Bucket_A.png","893294","AFBA6836F7ADE769BAC4E86C8DC32B7BAF4BC476BA9F7B3724D8B5DB713C2537"
"Art\House_Cottage_A\Renders\Checkpoint_15\v020\Preview_SM_Well_A.png","1054706","E6D32E728F0BAF66FBA1EE6B4B49AD45BE24BECB5F4B8E53E9296A725BABC67F"
"Art\House_Cottage_A\Renders\Checkpoint_15\v020\SM_Bucket_A.png","903021","4F872C717F0E7A022EB7AA2F75A5E4A55846340B0CDD10EDBC40466D7F0D646B"
"Art\House_Cottage_A\Renders\Checkpoint_15\v020\SM_Well_A.png","1054706","6F753D0401A9277463691F0FDC71EA61B2D48F1F2E9809FF6826F5AF2A3FBD10"
"Art\House_Cottage_A\Renders\Checkpoint_15\v020\Yard_Gallery.png","1110811","E2801E6A8562EA7967DC781FFC960DAD4BD422DDD23A4F01FD2687382B275E9E"
"Art\House_Cottage_A\Renders\Openings\v001\SM_Door_Entrance_A.png","320361","B97C15B11AAF692C419D90469F40C2B56831058C9A4C1898B30C6BFE11B10802"
"Art\House_Cottage_A\Renders\Openings\v001\SM_Window_Closed_A.png","318986","DCD5C10D8A7263E43C5A5DDCA22B2EA3EF19A60C1DFF3B2E0994AFD0D8A891A8"
"Art\House_Cottage_A\Renders\Openings\v001\SM_Window_Open_A.png","315990","0647CE3936A9F3040FACA22EF5125DBE64AAA4232945D17D95C53295FBACCACC"
"Art\House_Cottage_A\Renders\Openings\v001\SM_Window_Small_A.png","303599","7A1EEA1F8C7A1DC3CFBA6420625E7DADDB7D70F8055A374892E63FFCDA100545"
"Art\House_Cottage_A\Renders\Openings\v002\SM_Door_Entrance_A.png","342684","05648276C155A19EC5752A91B5FDD040F37309378D402254AA97715939B6CFDF"
"Art\House_Cottage_A\Renders\Openings\v002\SM_Window_Closed_A.png","318986","5CFAF1A7BCAE22AAC3A27E8A001275CA854DD5F933B0779C3947F4EF5EF906D4"
"Art\House_Cottage_A\Renders\Openings\v002\SM_Window_Open_A.png","315990","7712F8D931AEF601EF796C74B0EF99816179F92471834DA97261B9508EAD8F37"
"Art\House_Cottage_A\Renders\Openings\v002\SM_Window_Small_A.png","303599","D31480ED715D0FD77C5340DCE439997EA271FB1468AC92CE60FFD56B3252931F"
"Art\House_Cottage_A\Renders\Yard\v001\Contact_Sheet.jpg","164959","DBE3BE3829EDFE9ABF9E5FB931A1650D398B94245B00F109EF21F1A25D2B3CAE"
"Art\House_Cottage_A\Renders\Yard\v001\SM_Barrel_A.png","277181","A11C7A271B4C785F7596168C7907CB903BD8CA7B3A440166787305732A9FD6F8"
"Art\House_Cottage_A\Renders\Yard\v001\SM_Birdhouse_A.png","271739","1F68E5C3B30461D587F42AA217E2CA49EB1D268BA72073E6F91B1569DD8308CC"
"Art\House_Cottage_A\Renders\Yard\v001\SM_Bucket_A.png","267177","0D3BF6AC569C390E682206B6739084B9F8103E5170B11438F224D2090A29DAB4"
"Art\House_Cottage_A\Renders\Yard\v001\SM_Crate_A.png","300577","7DC1D5544CDCF9A9C992F1831547ACA638BD94A31746E897803E999728A72B43"
"Art\House_Cottage_A\Renders\Yard\v001\SM_FenceBay_A.png","250681","77851B6FA3602E40EB05EF9DA86DF1B4A8BC513A5D78DC127D87513E8ABA2F2E"
"Art\House_Cottage_A\Renders\Yard\v001\SM_FlowerBox_A.png","274790","3D7171F6D7ADC54FF9B411BE64E62508386AF0814D1C97BA03D73BF5F3942E8F"
"Art\House_Cottage_A\Renders\Yard\v001\SM_Gate_A.png","269762","DAC55E4FE4949ECDEA7B533A975A1149FB38FEA27F66C04BD34C925DA84CAB71"
"Art\House_Cottage_A\Renders\Yard\v001\SM_LogStack_A.png","277936","1933656189A61B952069A194EDCBD0AE9C56F26B0AD7D5C1491D590684DEF832"
"Art\House_Cottage_A\Renders\Yard\v001\SM_Pot_A.png","266564","56646F78D433B2F1405A571338E9874A192965429F48214793FB887723C027F1"
"Art\House_Cottage_A\Renders\Yard\v001\SM_Signpost_A.png","242563","001B69577A68CCD6E44CE4C06A79547C2C67595A936947A3C9110CC010ED5E29"
"Art\House_Cottage_A\Renders\Yard\v001\SM_StoneWall_A.png","264039","C251F80313AF8A7E14991A46E0A23E69D3363E505022433ACC524B26EED1EA75"
"Art\House_Cottage_A\Renders\Yard\v001\SM_Stump_Axe_A.png","250055","1CA167C1EA243972D61FE51DC2581C2CED0C04464F69B9C0666F178FBE804698"
"Art\House_Cottage_A\Renders\Yard\v001\SM_Well_A.png","296231","D18B397A88FAB1B9657508A51B382EDD6E9137E2360F90BBEC0D4483BA825D72"
"Art\House_Cottage_A\Renders\Yard\v001\SM_Wheelbarrow_A.png","259152","A157FC3BD5E7276FCB9C8924CD50197DCE31ABA72D2630C806F496987B4C40E2"
"Art\House_Cottage_A\Renders\Yard\v001\SM_WoodBench_A.png","254943","82D48DD2F76D848DF88BED635F4A03726C3F9FA6368C122D70C7198BBF520866"
"Art\House_Cottage_A\Renders\Yard\v001\SM_Woodshed_A.png","326932","D282E67F44AB5209F6DCA2FB826217E4525401F8CF206E38157FFB6E81980E01"
"Art\House_Cottage_A\Renders\Yard\v001\SM_WoodTable_A.png","269049","D8ACF0441C39126A8FD7B25DC68E98514EBA38F749DE3385D0F1B70D355069D7"
"Art\House_Cottage_A\Renders\Yard\v002\Contact_Sheet.jpg","163390","A133FE16970FD68B5B045D093245B0682BEF984C5174D8710197F6D0377AA51C"
"Art\House_Cottage_A\Renders\Yard\v002\SM_Barrel_A.png","275427","9610D88D775C075D349DC8F21CCB74A4DBD33388A02DF47E171489A3D7F06C99"
"Art\House_Cottage_A\Renders\Yard\v002\SM_Birdhouse_A.png","268740","97A7BEA52B77DDEE2D1B2CCE8B7732DB17CC270C7E662A719DC96270582FCF80"
"Art\House_Cottage_A\Renders\Yard\v002\SM_Bucket_A.png","263333","F8FCFC8E693BB6A468CD237A06580F6D04EF4E2366EB8760053C9D82BFA84668"
"Art\House_Cottage_A\Renders\Yard\v002\SM_Crate_A.png","298303","565B97834B85A452275D343E06EF398BB612C9A76A7F3D47DFD05BB6CDD9DA53"
"Art\House_Cottage_A\Renders\Yard\v002\SM_FenceBay_A.png","251196","3ED52BB78C2398203007D507E5946F44433547A37AC2D4897B979FC94DAEF648"
"Art\House_Cottage_A\Renders\Yard\v002\SM_FlowerBox_A.png","272745","DFE80938F481F8CA19C7A817BE2ABFC3630268079DE1991DBA92B1AC6F11E830"
"Art\House_Cottage_A\Renders\Yard\v002\SM_Gate_A.png","269908","18B805A021F44DE678B367A76FB60676B49FFC1CAF07F12418019DD4CB79B7C8"
"Art\House_Cottage_A\Renders\Yard\v002\SM_LogStack_A.png","277019","81D36BFB2646B7568487D7ADBA032A2D9B7FFB578480803E66CB8AEA9BAC7084"
"Art\House_Cottage_A\Renders\Yard\v002\SM_Pot_A.png","265450","CAF40C6D15E1EA73667EE9464C736A66733936F8A38CEEAB8B61E264A04282DB"
"Art\House_Cottage_A\Renders\Yard\v002\SM_Signpost_A.png","242162","A03C5520CC24F5E49ADDF857CF2D50BE4D2F40D251042C54704434AC915F06FD"
"Art\House_Cottage_A\Renders\Yard\v002\SM_StoneWall_A.png","261998","8987C683212AFDD2FA56152744E91907A480241D23C7E467D4440141A0D95D27"
"Art\House_Cottage_A\Renders\Yard\v002\SM_Stump_Axe_A.png","249144","00A62F89348B42CE1016B10B0B0EEC07B9A2DA0821DF64E0B19C4C7B4CE940D2"
"Art\House_Cottage_A\Renders\Yard\v002\SM_Well_A.png","295070","35644892BA656691627150FD6B81E495E4DF911D16D4C7061F06ED92FA81A8B3"
"Art\House_Cottage_A\Renders\Yard\v002\SM_Wheelbarrow_A.png","258655","A1088EDBE536AE80EF8FE4F1A3292B2E95F028729CFBB71A038E89C1332B64F6"
"Art\House_Cottage_A\Renders\Yard\v002\SM_WoodBench_A.png","256060","E63C8BAEDF6CCC8809743E90D3F200AB7D56D82130CADE4C03D3AEA2EC317C0C"
"Art\House_Cottage_A\Renders\Yard\v002\SM_Woodshed_A.png","325467","2A69D54C3C240F9F7617105A65915E25C2C2353FA5A2CEE895D8650B78F6DDB6"
"Art\House_Cottage_A\Renders\Yard\v002\SM_WoodTable_A.png","268527","7EB7DDB284256CF75653B05C564A8A06916DAEF34EFA61C4D42E8F3AE555BF74"
"Art\House_Cottage_A\Scripts\__pycache__\geometry.cpython-311.pyc","15284","07C930308892963B2386D98FBD30A70EF0FE68D1F70DCEA094AF93D84D13C969"
"Art\House_Cottage_A\Scripts\__pycache__\kit_geometry.cpython-311.pyc","11181","0DDC5FE154992B74A6598CB2BB9A809DBBBB9B80518A17C8F33ED51520827F45"
"Art\House_Cottage_A\Scripts\01_build_modules.py","1968","A21A0A035DA7EE9A5BE4EB779C9901507003E5EE4A443C77C9F80A025C5CF3B4"
"Art\House_Cottage_A\Scripts\02_build_blockout.py","15207","B4137D25FDEE84109CA45D0627146239BD4C0BC4AED31D5A69012E79459B622C"
"Art\House_Cottage_A\Scripts\03_review_checkpoint.py","3866","A93B638C74645D2AEEF1DF91E3C0349EEAAFAB673F38FBC0ABBA488C826A2FFE"
"Art\House_Cottage_A\Scripts\04_contact_sheet.py","838","43400BAB45C5BF70071FFD80BDA24036993F2BA4D430941EAD6888303DCB43A1"
"Art\House_Cottage_A\Scripts\05_refine_junctions.py","9939","1AB8274FBDF5B88DEDF0693999899E3A71484DF78FAC320CCAD359D2DD6942D7"
"Art\House_Cottage_A\Scripts\06_validate_refinement.py","1420","89A01193A3CB760153BB26A394E5EABF1596A52AD18C6FADCB059CFE723A8C62"
"Art\House_Cottage_A\Scripts\07_build_roof_tiles.py","9075","F7686791362DA00B77BED4E35A932B7A7A04FCA4B113D0E4545B518F8B31F620"
"Art\House_Cottage_A\Scripts\08_finish_openings.py","5114","C69E979D1B41456037972807B2277625C8A385D33F06CF654E2DC285A90FBAD0"
"Art\House_Cottage_A\Scripts\09_build_yard_kit.py","15180","03008C5FC1D9952963DB6B38E6EDC29CC5659D347684B6D1735A0A84A3818BB5"
"Art\House_Cottage_A\Scripts\10_yard_contact_sheet.py","739","75B66348EDB86A32D0BEE17DF1696933979AA7F817A546394174DD9E1E2235D3"
"Art\House_Cottage_A\Scripts\11_assemble_courtyard.py","4956","20B26E3893F54F6464DBD65EBDD05E168D75A6C46A78701BDD9AF9D867E72761"
"Art\House_Cottage_A\Scripts\12_package_openings_validate.py","4620","F4918D33274F901CFB1ACCACC4FE6B10635C60888FE0C1B5FE9E991344D858F8"
"Art\House_Cottage_A\Scripts\13_write_kit_documentation.py","13930","71E28BBEC12A07CEB3D56EB7D9D543641FC2B7371CCD452AE3B4A997D83D47B3"
"Art\House_Cottage_A\Scripts\14_openings_materials.py","15317","3D09DA11F08DFB142E21E99272C452EC38F17A7B7FF15ADACA784C4B16DEC5D1"
"Art\House_Cottage_A\Scripts\15_document_material_stage.py","9067","EB757B52113752F4E735602293F1F421ACB178774EFE9D680675DCC4059EAC69"
"Art\House_Cottage_A\Scripts\16_timber_materials.py","9576","1AA2CDC60407B1434D14711E0FABAA01DDA76A40ECE965D6682CD6AF05F77057"
"Art\House_Cottage_A\Scripts\17_timber_verge_finish.py","5465","0975C4EF7EC1DB610F1FF2EAB99B72D603DA3A7D8B10F8C9A374CF44BE5C1B12"
"Art\House_Cottage_A\Scripts\18_document_timber_stage.py","8286","35696D84EDFB7465F3170F2B012BF731D7A0D0E40CE44642C63F2A18AB37AEB2"
"Art\House_Cottage_A\Scripts\19_roof_solids.py","7253","6E6DDFF0FD80BD80242DD1BCE982F0B97568956391583A3CD7672E04107CEEB2"
"Art\House_Cottage_A\Scripts\20_check_roof_bake.py","1581","1726FBC7ED28DDEA089F9B2A2AAD4160E71A49F0DEF6EB2A74CBDDB89C91DB99"
"Art\House_Cottage_A\Scripts\21_document_roof_solids.py","4872","670620AC2178C01071ED2DBF304D651ADDA1B6432C6E02230A9ADAC41895E284"
"Art\House_Cottage_A\Scripts\22_roof_materials.py","13434","8E5F7C6E68B4E9661922ED672CED127EC891BC302821AB98A8D8BD693AE381B0"
"Art\House_Cottage_A\Scripts\23_document_roof_materials.py","5528","920CFFB6AC5A8BDD4179DB3574F09230C1A58CBBC93B71E678CA5B4DAF37B172"
"Art\House_Cottage_A\Scripts\24_plaster_materials.py","7232","317E6FB09444994E95A60C831D0A40AC4D80C9D6ABB1F4987CDAA5A34CAE6830"
"Art\House_Cottage_A\Scripts\25_seat_ridge_plaster.py","9039","6EAC2CD20619093F02D3E91DD31B9F0972FF3FD5B906174927C961151E7E4373"
"Art\House_Cottage_A\Scripts\26_document_ridge_plaster.py","6791","AF91BC5F742AD6CA36DF5FDBC49D8C540F7949D09D109F47D1061AFA17CD0476"
"Art\House_Cottage_A\Scripts\27_masonry_materials.py","9766","1A6546C78213498693288551308C1B59588280A53265509402A6D520F1552D1E"
"Art\House_Cottage_A\Scripts\28_document_masonry.py","6482","CC2129394495C22395A2AB88339A85FEAB484AD8C9C121A75C54131C5EA2A529"
"Art\House_Cottage_A\Scripts\29_fix_post_dormer_junctions.py","10775","BCA4E8F3FDFEBB1E9C1EC6D1423A117E12552545C76A4B9AF43BA56B8CB146B9"
"Art\House_Cottage_A\Scripts\30_document_junction_fix.py","6684","86E9B03399DD42BF990E4CE22AA54658E8C7294F5EFB301AD89900980202B0C6"
"Art\House_Cottage_A\Scripts\31_yard_materials_batch1.py","15117","08EE52A4205DB64417FEC7C56E4D6715B89444449EB4B7B2CA6B2C24F0D345A4"
"Art\House_Cottage_A\Scripts\32_document_yard_batch1.py","7992","657758E7F6C7B760E7F6C7865AD7F9158BE5F17D67DC0F1665641014566D650C"
"Art\House_Cottage_A\Scripts\33_well_bucket_materials.py","10513","70F4736F3B5E3E085176A65031116C175F89DE09FA7B9B79D921490001E12C10"
"Art\House_Cottage_A\Scripts\34_document_well_bucket.py","7835","9550BA902814B6972551760F8D6A5086709036867D6EF246A295FA82E7D12E39"
"Art\House_Cottage_A\Scripts\geometry.py","5780","8A0BC91EDDA83D33CDFF658EDC754E92CA2D0A1DAFFBD48E2F40D29B62E55D0F"
"Art\House_Cottage_A\Scripts\inventory_materials.py","1479","B41D0407D40330EF7711294D40ADBDE48EAE64B071C65650E6290722F5F435D8"
"Art\House_Cottage_A\Scripts\kit_geometry.py","3138","80A89E5AFA574527BA3E95D60AE98A7E54452D0D604F8420CF275F4F718A8793"
"Art\House_Cottage_A\Source\Assembly\v008\11_assemble_courtyard.py","4956","20B26E3893F54F6464DBD65EBDD05E168D75A6C46A78701BDD9AF9D867E72761"
"Art\House_Cottage_A\Source\Assembly\v008\Cottage_Courtyard.blend","14825945","DB4ABF0D0615B7724B9BC624F6D4C690A46D183482D6B12A39D6B76CBDB2B985"
"Art\House_Cottage_A\Source\Assembly\v009\Cottage_Courtyard.blend","41055852","C92A1BC4CB4169F1B1738C961CF7F6284D65828AD0A9C5402398512F3DA97325"
"Art\House_Cottage_A\Source\Assembly\v010\Cottage_Courtyard.blend","41163287","24675E5A35947FC54B744A090D3165762A53AF469673D5F8999D86EA5177514A"
"Art\House_Cottage_A\Source\Assembly\v011\Cottage_Courtyard.blend","41362637","EC299F06F6029A7BE2A2A9FF9E2D5350121FAD7A63547C6507084C931A40D50B"
"Art\House_Cottage_A\Source\Assembly\v012\Cottage_Courtyard.blend","41640540","2A0FEF295634294EB47AFCE746127A8C1F5A1F24BBB80A64ACA367DF7C73E014"
"Art\House_Cottage_A\Source\Assembly\v014\Cottage_Courtyard.blend","51874371","C9E9CC9257E9FDD788B6967D13D282097460288A3450AFDBA00CCC664C874920"
"Art\House_Cottage_A\Source\Assembly\v016\Cottage_Courtyard.blend","61578568","C491FE3A551277876E24CD50BC9AF3EAF6D5F4E0D5914F805005B66CE065F8E9"
"Art\House_Cottage_A\Source\Assembly\v017\Cottage_Courtyard.blend","79592738","566858E1476ACC0E93C3E9C3D64AE28EBBEBFA5F38ACFC2E72829D1493B25EFA"
"Art\House_Cottage_A\Source\Assembly\v018\Cottage_Courtyard.blend","79752414","6CB28DE52389894F433A58FDD3B99EB8A5B81204C7C746FBE9D8E3B84A2A085F"
"Art\House_Cottage_A\Source\Assembly\v019\Cottage_Courtyard.blend","86164560","A0087B92B95678E0872EB8DF80ED49F12E8572475D8BCB9E648481C57EE4A80B"
"Art\House_Cottage_A\Source\Assembly\v020\Cottage_Courtyard.blend","86811657","AC5DD755E5F88284ABE81E45357DD8096801B3E79F0415F0C50170328D4B371B"
"Art\House_Cottage_A\Source\Blockout\v001\House_Cottage_A_Blockout.blend","7982941","448D0AAB68ABF142C38153CDC7AADAB31EF2E2DBB96A1AF686238BFA83B58500"
"Art\House_Cottage_A\Source\Blockout\v001\parameters.json","293","97D1C870DCAB4E3D7FA2568C455CFD8DCC56198D031F390533B4288FA2453E35"
"Art\House_Cottage_A\Source\Blockout\v002\02_build_blockout.py","14741","FEA280E578476FC8D773775F1068AF7549F23164AE26996B636FC974AFE6334D"
"Art\House_Cottage_A\Source\Blockout\v002\geometry.py","5780","8A0BC91EDDA83D33CDFF658EDC754E92CA2D0A1DAFFBD48E2F40D29B62E55D0F"
"Art\House_Cottage_A\Source\Blockout\v002\House_Cottage_A_Blockout.blend","7996505","68FB06B21F0AA6AD8C82009E1B5DCA07486401FF6694011F2DD26ACC1EE1154D"
"Art\House_Cottage_A\Source\Blockout\v002\parameters.json","291","DB71D9F28997637F11AD153DE2C70D678EEFA0F8B151347AC62905167C471D7B"
"Art\House_Cottage_A\Source\Blockout\v003\02_build_blockout.py","15116","47BD82E030EB20E553AC2A4B4495D9BB4F0F52D0C94109AA53B4D58333358CCA"
"Art\House_Cottage_A\Source\Blockout\v003\geometry.py","5780","8A0BC91EDDA83D33CDFF658EDC754E92CA2D0A1DAFFBD48E2F40D29B62E55D0F"
"Art\House_Cottage_A\Source\Blockout\v003\House_Cottage_A_Blockout.blend","7987172","5C678C50272DA56FF80EA72D34C6309F24FB5423B6E16A43394096159A931176"
"Art\House_Cottage_A\Source\Blockout\v003\parameters.json","291","DB71D9F28997637F11AD153DE2C70D678EEFA0F8B151347AC62905167C471D7B"
"Art\House_Cottage_A\Source\Blockout\v004\02_build_blockout.py","15207","B4137D25FDEE84109CA45D0627146239BD4C0BC4AED31D5A69012E79459B622C"
"Art\House_Cottage_A\Source\Blockout\v004\geometry.py","5780","8A0BC91EDDA83D33CDFF658EDC754E92CA2D0A1DAFFBD48E2F40D29B62E55D0F"
"Art\House_Cottage_A\Source\Blockout\v004\House_Cottage_A_Blockout.blend","7974694","3F7C675E1DF08E620372F990B67F0FAEEB3C63EE6B194AF882D0C5054C1EEE71"
"Art\House_Cottage_A\Source\Blockout\v004\parameters.json","291","DB71D9F28997637F11AD153DE2C70D678EEFA0F8B151347AC62905167C471D7B"
"Art\House_Cottage_A\Source\Materials\Iron_v001\Cottage_ForgedIron.blend","154528","6C675CC2D8EC747E15703D672C11CD64407F28EEDFAA3AC8AF8D4F81285712F7"
"Art\House_Cottage_A\Source\Materials\Rope_v001\Cottage_HempRope.blend","170327","0889045A6DA9BAE229980B03C8DADDFA218942756D26B7B820E08D966B37CD13"
"Art\House_Cottage_A\Source\Materials\v009\House_Cottage_A.blend","37067178","84FBFBA930A5A8C06718833F111E189EEBBEE63999CDD21181646C056C413B1C"
"Art\House_Cottage_A\Source\Materials\v010\House_Cottage_A.blend","37174613","5676AEEF1E8DE7631447EE2E850EFB7A8600476DB4F7726D7C3F5F1196CDE219"
"Art\House_Cottage_A\Source\Materials\v011\House_Cottage_A.blend","37373963","22B0B2F975F350BA0901E0A06A643A8E029C39A2EF1ACF818F6E45A7AEBA52C3"
"Art\House_Cottage_A\Source\Materials\v013\Roof_Material_Study.blend","9853026","067789F401B83068E8A2566C29D2F7735308322E88DC460D3F618B95E930AB5C"
"Art\House_Cottage_A\Source\Materials\v014\README_RU.md","666","8CF5767BA90D6D1D80F44B719DD020EF7536160AE8F0017AEB03C980986F6C37"
"Art\House_Cottage_A\Source\Materials\v014\Roof_Material_Study.blend","9853026","03F1D66823F8B53DCE974F53122EB5933BB1D0078530DE60EC805AA794E78E5D"
"Art\House_Cottage_A\Source\Materials\v014\Roof_Material_Study_v002.blend","9853026","51F86A82CAE36AB2B0E74E88755F88A7DDE2ECA6EE8401508DA3D78C7BCEEEFD"
"Art\House_Cottage_A\Source\Materials\v014\Roof_Material_Study_v003.blend","10053165","2CC7595CB1A74442A75F27688B57BA64D8CBF491CB6E3CEBF6805B3E29489A2C"
"Art\House_Cottage_A\Source\Modules\Openings_Materials_v001\SM_Door_Entrance_A\SM_Door_Entrance_A.blend","26630204","7ED49A9639C4010BECD27BB0FC97E08448A93764EDA2AE4C164C87D8FE28B76E"
"Art\House_Cottage_A\Source\Modules\Openings_Materials_v001\SM_Window_Closed_A\SM_Window_Closed_A.blend","26416046","1E31574FEB8C67E90CAD2368F2D0E405CAF560CEAC6C8B59C816796D78E2E5EC"
"Art\House_Cottage_A\Source\Modules\Openings_Materials_v001\SM_Window_Open_A\SM_Window_Open_A.blend","26464576","8D7C3E8180199336B9FF0261C3E52FAABDE7E90009EE51759AB513A8A859112B"
"Art\House_Cottage_A\Source\Modules\Openings_Materials_v001\SM_Window_Small_A\SM_Window_Small_A.blend","26287955","CC3BBF95B9A16CC3819589B3F97FEEC5A0707F93F747F9F923F611E28E293418"
"Art\House_Cottage_A\Source\Modules\Openings_Materials_v002\SM_Door_Entrance_A\README_RU.md","1238","97AD175D690B33D0020AF60D7E9D04DB1D256780F3C98128AD017BFBFF578675"
"Art\House_Cottage_A\Source\Modules\Openings_Materials_v002\SM_Door_Entrance_A\SM_Door_Entrance_A.blend","26630204","438C804C3117369C3EB80978D4573B5C8A3E297AF5569B255B2D4B132E2B7853"
"Art\House_Cottage_A\Source\Modules\Openings_Materials_v002\SM_Window_Closed_A\README_RU.md","1238","EA22305A0FC50146AA2F6DFF18B7F0B9BC311A0C098F6A23EE45D495D49274BD"
"Art\House_Cottage_A\Source\Modules\Openings_Materials_v002\SM_Window_Closed_A\SM_Window_Closed_A.blend","26416283","C5F3D4B380510BAC1D5D438A21D79AF90F38F6B3F4699661F8A96AE5440785A0"
"Art\House_Cottage_A\Source\Modules\Openings_Materials_v002\SM_Window_Open_A\README_RU.md","1232","22472D0712C435D1CC56233B41DA4460720AEF4EF39F595AB9DCB24268B0D171"
"Art\House_Cottage_A\Source\Modules\Openings_Materials_v002\SM_Window_Open_A\SM_Window_Open_A.blend","26464813","06468EDF9C6FF4ACC0663FE4F7739499FC891C12D7DD39AB0AFDC632E98776CB"
"Art\House_Cottage_A\Source\Modules\Openings_Materials_v002\SM_Window_Small_A\README_RU.md","1235","78659C27752DBD230F917CDE31874137651FBEFA0D61814CB7CA38ADC1D2E8AB"
"Art\House_Cottage_A\Source\Modules\Openings_Materials_v002\SM_Window_Small_A\SM_Window_Small_A.blend","26288192","9236317F0F2C8D71416770A9F765536968A73C529A290197F1ECBA3E23AA8A7C"
"Art\House_Cottage_A\Source\Modules\Openings_v001\SM_Door_Entrance_A\SM_Door_Entrance_A.blend","440969","E61736C8D9CC5D273CEAD5A365BD8845303FDD7CDD5788893BEF3759121F9410"
"Art\House_Cottage_A\Source\Modules\Openings_v001\SM_Window_Closed_A\SM_Window_Closed_A.blend","302545","860BA7C40A6BBBDF9456430FDC7D91FEBDE443EFE3B1D62DC2017966DDB31789"
"Art\House_Cottage_A\Source\Modules\Openings_v001\SM_Window_Open_A\SM_Window_Open_A.blend","324619","79C39C8C070DE8DC40DDC41177DF78608EFD326B57E490EE17645FDC14C64B27"
"Art\House_Cottage_A\Source\Modules\Openings_v001\SM_Window_Small_A\SM_Window_Small_A.blend","236171","74EE4F5B147B43C30B4A56B88B196C97861B75116022CFEC176276D0A233B581"
"Art\House_Cottage_A\Source\Modules\Openings_v002\SM_Door_Entrance_A\README_RU.md","2201","00313E6141071984E1F7C747819181A5C5F9C7D694F34B9D52590DA40121F409"
"Art\House_Cottage_A\Source\Modules\Openings_v002\SM_Door_Entrance_A\SM_Door_Entrance_A.blend","440969","79669C56C67F1D06D0C9B0994B36A56E49D098E08E8AF57FE60D4986564E270D"
"Art\House_Cottage_A\Source\Modules\Openings_v002\SM_Window_Closed_A\README_RU.md","2192","84E81157F6911A7A3B0225A5A3444D164113A1B800D6C20E37ECC726C517B287"
"Art\House_Cottage_A\Source\Modules\Openings_v002\SM_Window_Closed_A\SM_Window_Closed_A.blend","302545","EF6F6297371125EBC9810CBF07A49300C34008F73572A6CECDCA882730148E6C"
"Art\House_Cottage_A\Source\Modules\Openings_v002\SM_Window_Open_A\README_RU.md","2182","8D1E452A5493E039FC9E0E2D780574E5D32331D95C9CF8E677F2EB9B88B26DFF"
"Art\House_Cottage_A\Source\Modules\Openings_v002\SM_Window_Open_A\SM_Window_Open_A.blend","324619","3480354A5EAB958FB67ADBE236E1BE27C4106DD199B29760D2942B874CA8626E"
"Art\House_Cottage_A\Source\Modules\Openings_v002\SM_Window_Small_A\README_RU.md","1898","10AA7539D9FE2221FBCF0C9267B47172CDEB4CE825EA5AC576733AD31352851E"
"Art\House_Cottage_A\Source\Modules\Openings_v002\SM_Window_Small_A\SM_Window_Small_A.blend","236171","C16D99E1DB675CA95797621773FE9BC2DDF62E1009B5AB08D9D950A0C2D17AC5"
"Art\House_Cottage_A\Source\Modules\Timber_v001\README_RU.md","1053","EF7AD9CC6AB92754B14496DEF08AB3F14509061CDC23D3F142D985B893185859"
"Art\House_Cottage_A\Source\Modules\Timber_v001\SM_Cottage_TimberFrame_A.blend","8226634","C1333676528FD5D699866BF59657B55F74AACCC2799158CCA6FB25EA2E63629B"
"Art\House_Cottage_A\Source\Modules\Timber_v002\README_RU.md","866","3E8ECD4C950F55B8F8A8B04ACC12A9882AC496EDE5B1CE6B2E868A74817492B0"
"Art\House_Cottage_A\Source\Modules\Timber_v002\SM_Cottage_TimberFrame_A.blend","8432775","4F2242412170C9B019527BF16205A3280ABCA5186B7006DE548F358C7AE90B66"
"Art\House_Cottage_A\Source\Modules\v001\Cottage_A_Primitives.blend","415124","FB6EB8380C1C16F5546DB4F68B49685C759665D2A59A9FBB6FFC67B546FA2FC2"
"Art\House_Cottage_A\Source\Modules\v002\01_build_modules.py","1968","A21A0A035DA7EE9A5BE4EB779C9901507003E5EE4A443C77C9F80A025C5CF3B4"
"Art\House_Cottage_A\Source\Modules\v002\Cottage_A_Primitives.blend","415124","9636C7459E7DD269612C9761306358EEB4D18EC5F45DFC6710D45736EDCCF6DA"
"Art\House_Cottage_A\Source\Modules\v002\Cottage_A_Primitives_Preview.blend","435629","13B25A08F6D057468A66BA513B603F7CD4D97539BC872FC8BE7194C27C3CA749"
"Art\House_Cottage_A\Source\Modules\v002\geometry.py","5780","8A0BC91EDDA83D33CDFF658EDC754E92CA2D0A1DAFFBD48E2F40D29B62E55D0F"
"Art\House_Cottage_A\Source\Modules\v003\Foundation_Stones.blend","174175","7B585866651F3DD79F0BD9A4596B34EA27FC90551018B87FAEE2E3444E124A11"
"Art\House_Cottage_A\Source\Openings\v007\08_finish_openings.py","5114","C69E979D1B41456037972807B2277625C8A385D33F06CF654E2DC285A90FBAD0"
"Art\House_Cottage_A\Source\Openings\v007\House_Cottage_A.blend","10886367","8E7EABD6F57D9DC3DABD7DAF9832996C8B85EC1D67D8B870824444B7F12B8556"
"Art\House_Cottage_A\Source\Refinement\v005\05_refine_junctions.py","9939","1AB8274FBDF5B88DEDF0693999899E3A71484DF78FAC320CCAD359D2DD6942D7"
"Art\House_Cottage_A\Source\Refinement\v005\House_Cottage_A.blend","8210315","BA0A8441FD40221A5AB8E7F102E772EA1E4FA7AAD07C404B718CAB07E289A1C5"
"Art\House_Cottage_A\Source\Roof\v006\07_build_roof_tiles.py","8552","7831D0EC1D28867D569F3A226218353FB1615C01BD6ED5BB5FD5346C7DA41CB2"
"Art\House_Cottage_A\Source\Roof\v006\House_Cottage_A.blend","10236199","101EA0273A4A9FC0BEF197E1489DB0B932DADEBD8015B1EBB768BB753E2C0E66"
"Art\House_Cottage_A\Source\Roof\v012\House_Cottage_A.blend","37651866","802C93ECCDFA68C36DD4CDCA88AEC33A7C4A8D3769C76DC785148812657A33D2"
"Art\House_Cottage_A\Source\Roof\v013\House_Cottage_A.blend","47885697","BC64E97BC5E14B79E1829EE0DD5D2357CC9D6DF582F88BC3F360229F226C1C0A"
"Art\House_Cottage_A\Source\Roof\v014\House_Cottage_A.blend","47885697","781FE225D0CF5C252A330D9B42120B1552D637E2E60DD62E3C695A645118D56D"
"Art\House_Cottage_A\Source\Roof\v016\House_Cottage_A.blend","57589894","E7DFF0A367CC00DA81029190BBB7A1BA0C5F19AD71566982008288300C927ABF"
"Art\House_Cottage_A\Source\Roof\v017\House_Cottage_A.blend","75604064","D074A81733210DAB8B5227BF10E0CCBE2F3CB2DD1F23A78F76619C5ECA8FA101"
"Art\House_Cottage_A\Source\Roof\v018\House_Cottage_A.blend","75763740","7DE148708AC2E250FF36D395CEE8F4E207AF6C5C9C0A4F4DAEDB56DF7E51714D"
"Art\House_Cottage_A\Source\Yard\v001\09_build_yard_kit.py","14730","D9D21CD24D476E64D9575591883345720CD32C46E72C77757A019EFFA4F0A4FB"
"Art\House_Cottage_A\Source\Yard\v001\Cottage_Yard_Kit.blend","4356604","10625A7C89F8C3C670F53199A05E8D1BF6DD1E15AFFFFDCBBBD87578327F3DD9"
"Art\House_Cottage_A\Source\Yard\v001\Modules\SM_Barrel_A\SM_Barrel_A.blend","360998","BDF655008AFB0596BEC3A992A3C8FC0CD405B274BF56D49E441881D1C4C19347"
"Art\House_Cottage_A\Source\Yard\v001\Modules\SM_Birdhouse_A\SM_Birdhouse_A.blend","632955","77D38DBD93685AE9361938061207E4E264A2F445E9740AEF3DC92D53D9848C65"
"Art\House_Cottage_A\Source\Yard\v001\Modules\SM_Bucket_A\SM_Bucket_A.blend","333965","B5B0955BE0CE628633D2BB453BCE51C87FB46FEDAEE5CE861F7161578215AE22"
"Art\House_Cottage_A\Source\Yard\v001\Modules\SM_Crate_A\SM_Crate_A.blend","353546","00674EB40931698832138BDA7D7F8C2E1E6B597BB6B32BAA693952119EC0A5D2"
"Art\House_Cottage_A\Source\Yard\v001\Modules\SM_FenceBay_A\SM_FenceBay_A.blend","268167","A2E01C9D966590C80A0059D23EDC432E4D044B431F4DC4E204FC8F5845E42A9F"
"Art\House_Cottage_A\Source\Yard\v001\Modules\SM_FlowerBox_A\SM_FlowerBox_A.blend","474207","0CAF285B8D20FF05D68BD780249354D61825A2ADF236895BB0EC88F497253895"
"Art\House_Cottage_A\Source\Yard\v001\Modules\SM_Gate_A\SM_Gate_A.blend","321743","5AD56407F3F46EF0305C86547066A654A4B097547896E35C61B9ADB659A0EDE9"
"Art\House_Cottage_A\Source\Yard\v001\Modules\SM_LogStack_A\SM_LogStack_A.blend","508371","7D6C460F79FD7215D667273DFEE7E207E0D4DD9F25D996CB63EFE337171A84E5"
"Art\House_Cottage_A\Source\Yard\v001\Modules\SM_Pot_A\SM_Pot_A.blend","243330","36BBA71E4EC31F4A61C4D41AFEB6CB0B04BF1934DC6D9AFAA41CE8EAAA64F803"
"Art\House_Cottage_A\Source\Yard\v001\Modules\SM_Signpost_A\SM_Signpost_A.blend","264594","E5C84FF7F13A846B0F005774C1900E46E4C56359298B554C663B57AEF3429C36"
"Art\House_Cottage_A\Source\Yard\v001\Modules\SM_StoneWall_A\SM_StoneWall_A.blend","317046","EBD688C4E2F1ECD5CF54F57482CEFE7990A3992946EF5A0C4098E16B732FB028"
"Art\House_Cottage_A\Source\Yard\v001\Modules\SM_Stump_Axe_A\SM_Stump_Axe_A.blend","269887","58E2B45D1D3E4D34E5CF36995FF2FDBFA1EE6647A4B83747F78400BB838E5F9D"
"Art\House_Cottage_A\Source\Yard\v001\Modules\SM_Well_A\SM_Well_A.blend","751024","9FFAC297F15B60DBD81DBDC226658283AB899AF9B74B8F93E73EA78F878B1A2A"
"Art\House_Cottage_A\Source\Yard\v001\Modules\SM_Wheelbarrow_A\SM_Wheelbarrow_A.blend","375080","BD1B947E7E10A30D544971BFA2418E8BADB6F2F9619D1025F7C50E5057F46769"
"Art\House_Cottage_A\Source\Yard\v001\Modules\SM_WoodBench_A\SM_WoodBench_A.blend","269974","6BAEAE2BD0B437133A10229970BEAA01B253957080E713BE1801E5AC56D73AF0"
"Art\House_Cottage_A\Source\Yard\v001\Modules\SM_Woodshed_A\SM_Woodshed_A.blend","1187383","2CF17F84057B598B39668E7863AF8788B6EFA83C7769A8FCBA3989E6273F09B9"
"Art\House_Cottage_A\Source\Yard\v001\Modules\SM_WoodTable_A\SM_WoodTable_A.blend","284296","8EBF707B855B4DED879193E01B0796A3B21DD5E1600D12C1ECC0DF9B1E7D51F5"
"Art\House_Cottage_A\Source\Yard\v002\09_build_yard_kit.py","15180","03008C5FC1D9952963DB6B38E6EDC29CC5659D347684B6D1735A0A84A3818BB5"
"Art\House_Cottage_A\Source\Yard\v002\Cottage_Yard_Kit.blend","4332368","7B7D8D9A9D07B722EACF87BCA0DFFF62B17C522FCC733DAD533E6C46BF0D0B2B"
"Art\House_Cottage_A\Source\Yard\v002\Modules\SM_Barrel_A\README_RU.md","1848","05E5D463077339569EE0ABAF533A1044B0ACD740442C38C7CBC4A5FB0BD3FF40"
"Art\House_Cottage_A\Source\Yard\v002\Modules\SM_Barrel_A\SM_Barrel_A.blend","360998","49122A2E28254AAFE498189CA9062784061E20E00A218249DA138C9D1DB0D1F9"
"Art\House_Cottage_A\Source\Yard\v002\Modules\SM_Birdhouse_A\README_RU.md","2137","E5817AD3E26D514D54DC1A917B13BCE3ED626789C6CF6F1D97A3F9FFD0553171"
"Art\House_Cottage_A\Source\Yard\v002\Modules\SM_Birdhouse_A\SM_Birdhouse_A.blend","608719","9B1749BF8700332DA9A118A95A026AC5FEF9413AACCE26632247EFFA830219DB"
"Art\House_Cottage_A\Source\Yard\v002\Modules\SM_Bucket_A\README_RU.md","1848","C0B58B11899103C0FD303E938E117C0CBC71D323179E4728A2CEE53A2BBACF72"
"Art\House_Cottage_A\Source\Yard\v002\Modules\SM_Bucket_A\SM_Bucket_A.blend","333965","2170A9BBF29ADC4E509D8D3E25B239A2DBBECB227665382479449C083E71D879"
"Art\House_Cottage_A\Source\Yard\v002\Modules\SM_Crate_A\README_RU.md","1841","D74549D37FAC7C615FA986D9F4C74F5FFB425602B8F9E360D163D405837F4FFD"
"Art\House_Cottage_A\Source\Yard\v002\Modules\SM_Crate_A\SM_Crate_A.blend","353546","213D27ED0E1506F869271A5922D5E7E5EA892F77C654F8E72C245643A4C30CDA"
"Art\House_Cottage_A\Source\Yard\v002\Modules\SM_FenceBay_A\README_RU.md","1895","1CE6CA65B099FA630A62C2551AD6A0361921D72F42842AB5CBD1CA3F6ECCB4D8"
"Art\House_Cottage_A\Source\Yard\v002\Modules\SM_FenceBay_A\SM_FenceBay_A.blend","268167","7622B9C8272B2D215D6792A326839C12A01163F18316DBF5F91F20A2E2C7565E"
"Art\House_Cottage_A\Source\Yard\v002\Modules\SM_FlowerBox_A\README_RU.md","2064","00E2909C07FDE7C82817A3809500EB121112F8D5EE9541F729463D9D8193950F"
"Art\House_Cottage_A\Source\Yard\v002\Modules\SM_FlowerBox_A\SM_FlowerBox_A.blend","474207","1A35A9C237CEFCF83F4B847339FE8F4FBFD5C55F0C22C672F0B691964BFCE4BC"
"Art\House_Cottage_A\Source\Yard\v002\Modules\SM_Gate_A\README_RU.md","2110","B5CE73FA27143AAD28710D5AEA6E3810D728B2ACC5E088FCA3D90E3D4D8D7E46"
"Art\House_Cottage_A\Source\Yard\v002\Modules\SM_Gate_A\SM_Gate_A.blend","321743","37F8F3C9D069FC765794BEA41F6B78857FD97BCDAE1FC0F37C92923C2E11A202"
"Art\House_Cottage_A\Source\Yard\v002\Modules\SM_LogStack_A\README_RU.md","1872","893CF4D6574B92572AAC261F9E80408AF9DE9E39F7762D0D24AEF50770724014"
"Art\House_Cottage_A\Source\Yard\v002\Modules\SM_LogStack_A\SM_LogStack_A.blend","508371","32A4D1F1A060EBA1001341B5C08C0CB9804C8FB77CE8209D441C5EB771304969"
"Art\House_Cottage_A\Source\Yard\v002\Modules\SM_Pot_A\README_RU.md","1834","2C6E70828D59A005439A85FC7AACD2CF5E100CEBC73E1CC197DE5DDAAE7204C7"
"Art\House_Cottage_A\Source\Yard\v002\Modules\SM_Pot_A\SM_Pot_A.blend","243330","DE0DDAD4FE907E91DA11BFF519AD209454834F15A2B7EBF2A7D06E7CD9E3C893"
"Art\House_Cottage_A\Source\Yard\v002\Modules\SM_Signpost_A\README_RU.md","1863","C9317A23E3D23610981CCB59E16560DC6EF36FB0F81891A2C9FD87040542B5BF"
"Art\House_Cottage_A\Source\Yard\v002\Modules\SM_Signpost_A\SM_Signpost_A.blend","264594","D4014259FA504718A0548DB6FB5E3B330C8DA80C73DDCAA6FB3E8D38391873A9"
"Art\House_Cottage_A\Source\Yard\v002\Modules\SM_StoneWall_A\README_RU.md","1882","1890C42C7BAA99C378C93274BFFC832F177597EB7BD95D8E5E75275ECB57546D"
"Art\House_Cottage_A\Source\Yard\v002\Modules\SM_StoneWall_A\SM_StoneWall_A.blend","317046","BADC257B72815EF661130330FD00F86CC33653B1BA2BA1F400DE5510938623B4"
"Art\House_Cottage_A\Source\Yard\v002\Modules\SM_Stump_Axe_A\README_RU.md","1876","94B79995C9498F6D2E595661640563C0889066004A9FD9920FEBEBA4018EC1F5"
"Art\House_Cottage_A\Source\Yard\v002\Modules\SM_Stump_Axe_A\SM_Stump_Axe_A.blend","269887","917C76232F087B8C84CDFE1D5905B11D3E1B0670FCF97D3760F3DF6394CCAA5B"
"Art\House_Cottage_A\Source\Yard\v002\Modules\SM_Well_A\README_RU.md","1844","F0BF42E1836E41BE55F70770FDCF5B176C9BCC265B24C3AB4FFB866F4B731F89"
"Art\House_Cottage_A\Source\Yard\v002\Modules\SM_Well_A\SM_Well_A.blend","751024","50FDC9EDE33AEC3CB0D65AD88395784BCC5D869A4D399203333FC54E38B1C278"
"Art\House_Cottage_A\Source\Yard\v002\Modules\SM_Wheelbarrow_A\README_RU.md","1873","96D3DD845A900EBD05C4D07844043C1BC566B96ABB29B571901692021E715D31"
"Art\House_Cottage_A\Source\Yard\v002\Modules\SM_Wheelbarrow_A\SM_Wheelbarrow_A.blend","375080","938925A8051C2AC9308A03DE17C0E055C83163706B123135F139D5F9BB244F04"
"Art\House_Cottage_A\Source\Yard\v002\Modules\SM_WoodBench_A\README_RU.md","1868","66D8A3CBD6A7D6272BFD79DF1347DD876167C5E4080A07D695184963C6490FB2"
"Art\House_Cottage_A\Source\Yard\v002\Modules\SM_WoodBench_A\SM_WoodBench_A.blend","269974","DD072EF0D7BC075ED28D61CE6E5770FAA836E49C202DA42A880B6D022D8B61DC"
"Art\House_Cottage_A\Source\Yard\v002\Modules\SM_Woodshed_A\README_RU.md","1864","2B1C6D0EA96F5BA835C29740DCD4E8665237C0E314C83654590CD53CE5140359"
"Art\House_Cottage_A\Source\Yard\v002\Modules\SM_Woodshed_A\SM_Woodshed_A.blend","1187383","1BF99032D3AB56E5F65D6A9FF74F193E46D15CBA0CAE014852DC849DC270F17C"
"Art\House_Cottage_A\Source\Yard\v002\Modules\SM_WoodTable_A\README_RU.md","1861","F60B0EF466E2C177EAC3A87CE3C27A13FCAF7068AC2C5520A73DCE335DE26700"
"Art\House_Cottage_A\Source\Yard\v002\Modules\SM_WoodTable_A\SM_WoodTable_A.blend","284296","0CC33809FC7B08E627AF2A0E852AE41FDC443108B18178B824D42CD8B07A75C7"
"Art\House_Cottage_A\Source\Yard\v003\Cottage_Yard_Kit.blend","37090098","5E69BFDEE0DA11C55B512699ACEE8C002108CD317D920F2DBA10909E5A398FE3"
"Art\House_Cottage_A\Source\Yard\v003\Modules\SM_LogStack_A\README_RU.md","1249","F12F1A708E90A878D5271D93D7273E0DC4B7CFE1D74EDBA6C254FFE287E2BB3D"
"Art\House_Cottage_A\Source\Yard\v003\Modules\SM_LogStack_A\SM_LogStack_A.blend","6203122","CD1FD4E26E52DE079FB7CB2751564158EC79A4FEEA25228C7E88A1E1CFBBAA17"
"Art\House_Cottage_A\Source\Yard\v003\Modules\SM_Woodshed_A\README_RU.md","1255","9383575276C57FFF6B6C9126A5C10666B153E62BDA91591B2AF7E99D30078A36"
"Art\House_Cottage_A\Source\Yard\v003\Modules\SM_Woodshed_A\SM_Woodshed_A.blend","34195111","188BFD7CD0D408DC602C486D96B9F96118DBBA5C3DDC37C752CD4A387EEA9451"
"Art\House_Cottage_A\Source\Yard\v004\Cottage_Yard_Kit.blend","37848564","9F1BE1E8C214F1518258B2E586ABF36F7AF9D589F28F4EB851FB8D5D29B268BD"
"Art\House_Cottage_A\Source\Yard\v004\Modules\SM_Bucket_A\README_RU.md","845","C6810BC425794477804A07BB409E80AE01765ED99F6E79A98427D1A114A07108"
"Art\House_Cottage_A\Source\Yard\v004\Modules\SM_Bucket_A\SM_Bucket_A.blend","8340768","8A7EB3BA89AD9DAE9C41689A297C5D2188D4621EBD78F0BDF51380ED007CA999"
"Art\House_Cottage_A\Source\Yard\v004\Modules\SM_Well_A\README_RU.md","841","E8962C15BA61CAD84AE1A3E59731BAA4CE7244A44A64ADF1CB499C572BE448AB"
"Art\House_Cottage_A\Source\Yard\v004\Modules\SM_Well_A\SM_Well_A.blend","27998534","4E039455679E9D9ADE570534ACF62A1A6D2A51EB5DD3F23F24439065DD7B5916"
"Art\Props\Birdhouse_01.blend","895701","F1BC349DD39B3C06A547A4022294F675A9E3092DAEFBF6843E63B2DAE990503F"
"Art\Props\Birdhouse_01.blend1","895701","214AFD1F5D36079BDA5B32F428FB21543B871B3FC9697639649843A7FAD4046E"
"Art\Props\Birdhouse_01.fbx","161004","E2BE9956EFF4BD0C05EC5B4AA3754803869DFCD4E4017C3D7406155184AC54C9"
"Art\Props\Birdhouse_01_preview.png","818213","9BF4F7664F7CE569FE8B6330AFD5B74692D05FA3FA87FE0FEB0E1E2F36F51391"
"Art\Props\build_props.py","6804","B07961C762FBE2A7D97D63BE52A43E7DC80834EF90EAE1C461C2C175C93E1961"
"Art\Props\Lantern_01.blend","680470","543DD17C8513D5978E3BF1A048BA52559AC60EDE5F7DC9524E9A7FD3ED4F3EDA"
"Art\Props\Lantern_01.blend1","680470","E111BF5CD7CBFFEB57B685053DC6A1D1355EC28584C55EDB70BD019F0518FB76"
"Art\Props\Lantern_01.fbx","67372","55D508A787CFEDFF3BBCD2D0733FB249B3BFFB24F3A400FCAF3FB69B1D751457"
"Art\Props\Lantern_01_preview.png","718881","233E4C71AFDCB113E9819D1875CDF35CF02E43DE2D68C0E023E61122A8BF763A"
"Art\Props\README.md","1071","EED4578DF57359A0292AD9125637F72E89D95234F944ED934A0B093B350F28F2"
"Art\Vegetation\Oak_Kit\build_oak_kit.py","38677","A501755C358DB5211BE0FB85F219AC9B21706905F8723FD6CB1C0F9277287060"
"Art\Vegetation\Oak_Kit\Cozy_Oak_Kit.blend","12979592","79929B1AAED57D8DCC26500D75B03C35DCD36CF9CF173567578B16930293DACF"
"Art\Vegetation\Oak_Kit\Cozy_Oak_Kit.blend1","12979592","D5502546015CE2A32F11893BCC8FD700FD2B473D482E507EA962A4B5D749EBFC"
"Art\Vegetation\Oak_Kit\Exports\SM_Branch_Curved_A.fbx","37148","88EEE3DC58FBE1434B05F9FEC8C56DEA0C4617909E6D33B11D946AE84D536EB8"
"Art\Vegetation\Oak_Kit\Exports\SM_Branch_Fork_A.fbx","69004","E8CE5B81B63325BF900D3D9B160C06A44EC017A77A4B8C1D406BC69540D1FC07"
"Art\Vegetation\Oak_Kit\Exports\SM_Branch_Large_A.fbx","33084","25B20AC6A2F7AD8BAB8B88ED4E9A0292E0F375ABD4A02E3AD9D6FCFD7DFB7818"
"Art\Vegetation\Oak_Kit\Exports\SM_Branch_Medium_A.fbx","33148","2A3034A5760613F3A0A5C5BCEA3EBC56780D60139E6383CD514041FA05CE2935"
"Art\Vegetation\Oak_Kit\Exports\SM_Branch_Small_A.fbx","29052","93868DD1B891911CCF126409A176C97E3C8E3DE30592580F4906BAED380E9A75"
"Art\Vegetation\Oak_Kit\Exports\SM_FlowerCluster_A.fbx","33708","8FE476683F0814CCAD36F3AA875C1CAB8E76DA794C6D97154A0DD3E5E15D7CBA"
"Art\Vegetation\Oak_Kit\Exports\SM_FlowerCluster_B.fbx","50124","A9906F3409902B9DB5B7B6C30DBEED76D01B8E8F4E406DDABCBB2C72988B15DC"
"Art\Vegetation\Oak_Kit\Exports\SM_Grass_Flowers_A.fbx","37692","9913EF405A9B0ADFC363EAD244BC2E8CABE6C978437D3C34AD95998BCE6C9E80"
"Art\Vegetation\Oak_Kit\Exports\SM_Grass_Short_A.fbx","22716","60A7C654E15F72E5D28EB0997FEB1194CDC80433F1EB70CDDA8FB73D928D2EDF"
"Art\Vegetation\Oak_Kit\Exports\SM_Grass_Short_B.fbx","22684","E74649B1B6B1E9A9DE7F6D726A005BB7279B5EF857FB461787BEF4D9DC4A1C89"
"Art\Vegetation\Oak_Kit\Exports\SM_Grass_Tall_A.fbx","23228","12F1EE9081E13D92957744E84D4921C584972964E797B87481EF70633C2F13FE"
"Art\Vegetation\Oak_Kit\Exports\SM_GroundLeaves_A.fbx","22172","82058367C5809786679E4A0E3735C3123B55F9356FA80B65E0392427A5474E83"
"Art\Vegetation\Oak_Kit\Exports\SM_GroundPatch_A.fbx","58636","EFCC36504265D3B4FBE60D594CE381AADC1B06AEAFA6B288A8A567614DC7199A"
"Art\Vegetation\Oak_Kit\Exports\SM_GroundPatch_Flowers_A.fbx","94220","09E14E0C1DD5E9B126518502CA7AE1DF8708065859BEBE1E26EDAD2C0304E1A8"
"Art\Vegetation\Oak_Kit\Exports\SM_GroundPlant_A.fbx","23084","ACBC992C801D94AFBD3424A3372D35195BC893376E341813CB219F63BF754FC3"
"Art\Vegetation\Oak_Kit\Exports\SM_GroundPlant_B.fbx","23100","BF0C075158A2D15A09D85C2215AB569BF71F5347BD6DBE2D4004E25E59B750A2"
"Art\Vegetation\Oak_Kit\Exports\SM_LeafCluster_Large_A.fbx","31900","0148502A6D0E0E06EEA13F11D02127266D2FBAF9CCFB6FF27903AA2E553F64DE"
"Art\Vegetation\Oak_Kit\Exports\SM_LeafCluster_Large_B.fbx","31884","D08C1A1429488174705F4AD6D7CADF1401792787810B7D4DFEEEAD3D7E32EF60"
"Art\Vegetation\Oak_Kit\Exports\SM_LeafCluster_Medium_A.fbx","28092","B6433623113A23D4E7B710B9DAAD445E376ADA24A69B098242FE085B5316CFEE"
"Art\Vegetation\Oak_Kit\Exports\SM_LeafCluster_Medium_B.fbx","28076","3779BD237517F5ED2A9CFDE5364DBDC416E3A8D4CE7159EF206301C4048B00B5"
"Art\Vegetation\Oak_Kit\Exports\SM_LeafCluster_Small_A.fbx","25212","04D7396A63354014DF410723846E538C4DC91D37730E68EFCEBBB783E7550666"
"Art\Vegetation\Oak_Kit\Exports\SM_Stone_Large_A.fbx","24828","7FB91DD43DE80B4220FA5A9E136F5A370BD188CD93E90E1CFBB57E554BA8373C"
"Art\Vegetation\Oak_Kit\Exports\SM_Stone_Medium_A.fbx","25228","2BB19B8828B0F86AD510BBC0274E65CC94E157FE42738A95B0C39C9CAC59359D"
"Art\Vegetation\Oak_Kit\Exports\SM_Stone_Medium_B.fbx","25244","937ABA9D08AEDBC187D2C89BF0FF8FD55EBD84D085864D917DF7867A081F6353"
"Art\Vegetation\Oak_Kit\Exports\SM_Stone_Mossy_A.fbx","24172","AB6A78DE1545DD60D98F6303DB8B548993E2018C426FD22D0E62AEFA8DE71A43"
"Art\Vegetation\Oak_Kit\Exports\SM_Stone_Small_A.fbx","25276","DD336276F4AD738FB6220C1536FAEFDB91D000CB86F6D43A84EBB133B1E41B04"
"Art\Vegetation\Oak_Kit\Exports\SM_Stone_Small_B.fbx","25388","4EAA2EC9E79EB47D67DF96C979858F9B5BCC372CA30F6893DA8DA8033D054627"
"Art\Vegetation\Oak_Kit\Exports\SM_Tree_Oak_A.fbx","522300","A2A9EC3FCFA73A15E6290A70895E9B87BC1E4C83CD34927F972511F5903396CA"
"Art\Vegetation\Oak_Kit\Exports\SM_Tree_Oak_A_LOD1.fbx","316268","5771945580230FA2C01388402EEA760D66F2F17E482203991A66883D4E1B8E61"
"Art\Vegetation\Oak_Kit\Exports\SM_Tree_Oak_A_LOD2.fbx","174332","8A955A6FB28CE7AEF7B2F37FB247010697DADF92CE5E4E4A6E8AB156B5D2F3FD"
"Art\Vegetation\Oak_Kit\Exports\SM_TreeRoot_A.fbx","33132","BDE72931B5C070AE7C565A7510F9C15E6171E3DCA8FDFD396651D9D660080E5C"
"Art\Vegetation\Oak_Kit\Oak_Canopy.blend","2193741","AE4BBC5CD1C13C03D2E3B18E790F580F038086E062D243A2426B091823DCA983"
"Art\Vegetation\Oak_Kit\Oak_Structure.blend","1946683","9F4260DDBED75B5759AE75410AA07A67B6F1F9D0860E714CEA83BB9B4FD7183D"
"Art\Vegetation\Oak_Kit\Oak_Structure.blend1","1924835","4EDDF794D4508C3349F0C25E883B848558168AD6367BBE24A16FDEE45465BB1D"
"Art\Vegetation\Oak_Kit\QA\asset_manifest.json","9860","78F04D5FBEA64B686C2807DB90159B9C6BEBEF444166094F73EB4704940FA5A3"
"Art\Vegetation\Oak_Kit\QA\before_canopy_enlargement.png","2842917","2E34E95444DFBABA53A0050831E352FF12649E8F15E9188F75F182524F51544A"
"Art\Vegetation\Oak_Kit\QA\canopy_build.log","27737","40CCAE78DA9EB608FC87CD4287B5CFBBD4FB88FCDBD37FA6ED38141B7F42374B"
"Art\Vegetation\Oak_Kit\QA\export_validation.json","8514","29C742FADE320CE2DC4C82606F66E93AB0D9F73C17162921146DC35FDDDC28E6"
"Art\Vegetation\Oak_Kit\QA\final_build.log","5867","59C59B9B368A4F4E3F9019920B3FB0A55F7A15FC4F6524C755CE7E56CEEC0499"
"Art\Vegetation\Oak_Kit\QA\material_spec.json","3263","E3F303EE56FA98517E3F6654FF1333E6C2203CAA3A3A36EC78946C6A6C304972"
"Art\Vegetation\Oak_Kit\QA\structure_validation.json","170","5743C275A3EBA5131F5028F3FD3426455BDA097640343AA5837A4BE8F3212E0D"
"Art\Vegetation\Oak_Kit\QA\unreal_import.log","91014","D11BE2B18E4FD3ED0E2E72D22CF1513D2CE893AFDD3A4F0E28E7CAAFFCE585B4"
"Art\Vegetation\Oak_Kit\QA\validation.log","159901","A9B3DB922E757CC7F3A51FC1D3D5D41086FE167C4D412D2A3128E4D5CB4D1EEE"
"Art\Vegetation\Oak_Kit\QA\wood_build.log","13373","ACF6414D5EEF4E43B3B2A3433322C3B0A84FFCF2F946A877B563CD0BE80A088F"
"Art\Vegetation\Oak_Kit\README.md","8412","ACB5602F2D6B81C1CC746B80990540458D6244E95B5406FCA120A0E56EE48014"
"Art\Vegetation\Oak_Kit\Renders\01_wood_gameplay.png","1201488","A7A25746DDE36CAE8AC02714ADCF87E3D7656C0ECF98B43C3EFC6F1C7361F5DC"
"Art\Vegetation\Oak_Kit\Renders\01_wood_roots.png","1461789","B15E7A0CA670AD93737B1789481E3467E7322423AD4ACC99D1900B1C37E9D6BF"
"Art\Vegetation\Oak_Kit\Renders\02_canopy_front.png","1420817","19EAE225E6377E0DF2CA9A17266E7F923C18E97CFCA40F86EABB6A5B8AF79F87"
"Art\Vegetation\Oak_Kit\Renders\02_canopy_gameplay.png","1386046","94403C11E11FA25938297BD246B2AEDD1EF353965452A499C39E3351047DC01A"
"Art\Vegetation\Oak_Kit\Renders\02_canopy_top.png","1465329","0A512915E784BE39829E103B4FDC00C333B568D889CD5CE383B504382FE7A6E0"
"Art\Vegetation\Oak_Kit\Renders\03_back.png","1513481","68EC81CE2F9CA65EFB7DC16D585341A159A8C6BD7FB6BBE88E5754A852BFBB42"
"Art\Vegetation\Oak_Kit\Renders\03_front.png","1528153","6EF67933B7AC74E3E0231AD1E10FD57E40EFDBD2694851E7BCC5F2AD181EF205"
"Art\Vegetation\Oak_Kit\Renders\03_gameplay.png","2094663","4B87C1B69CD5421085E4B4BCD0254D3C2B704861073535366657C4B963704BC9"
"Art\Vegetation\Oak_Kit\Renders\03_hero.png","2834198","81378D1575C20127AFB0B8F2C3C9499675C3DF943F9D27DB3753B1FDFBAEA588"
"Art\Vegetation\Oak_Kit\Renders\03_left.png","1414414","CEDD72277FE85EE9C120553D178BF92623D56CE85568A41D4D99E55F168723F2"
"Art\Vegetation\Oak_Kit\Renders\03_right.png","1442545","34141EE05AF6CABCDF9F0071C28803F715D04A2426B596C1FE450E85897BAD85"
"Art\Vegetation\Oak_Kit\Renders\03_top.png","1534389","249D53305F9F60A28B794D7A35D2EF5DA82E78275D7833A13B7D645ECDB54A1D"
"Art\Vegetation\Oak_Kit\Renders\03_trunk_detail.png","2152117","A111AB671FA11EC397735437D382954F98A9CEC2638E49A87EC405DAD9A485B7"
"Art\Vegetation\Oak_Kit\Renders\04_LOD0_gameplay.png","1446790","22D57507E870A511193BDE58D663C36DF16AFB3BA48DB324DB577C3C3BD2E296"
"Art\Vegetation\Oak_Kit\Renders\04_LOD1_gameplay.png","1445969","01A0F5C868D6B1D9B90F6C3378CA87D576C10C9EBDBA86937883EE44BACB039F"
"Art\Vegetation\Oak_Kit\Renders\04_LOD2_gameplay.png","1440132","EB96C6E508241DCDB8041FAA6EBAA87028CF94B78F4DE00EAED5808B4D30D9B7"
"Art\Vegetation\Oak_Kit\Renders\05_modules.png","5100344","6C0BD1DB3C79F4A568BF84D32B758B98335E81FE5897DCFEDA8EE4874359C7AF"
"Art\Vegetation\Oak_Kit\Renders\Modules\SM_Branch_Curved_A.png","175541","AE233B46AF8EE298BD69CE756667805D194E04547D6346B12FB2D73883D44313"
"Art\Vegetation\Oak_Kit\Renders\Modules\SM_Branch_Fork_A.png","182028","0CC41A8EFB6F95A6E93380399017EF1671A98A3369D68A8D636A092EC3797553"
"Art\Vegetation\Oak_Kit\Renders\Modules\SM_Branch_Large_A.png","175546","A32D9C670C081BD2F732C65E9E9138084027CB9AF334F64B9B8030CC23DAAFED"
"Art\Vegetation\Oak_Kit\Renders\Modules\SM_Branch_Medium_A.png","172163","D248AD94AC7381797DC91C30CC5EAA475C253CD050202DE2A97F11B2A9F0CF64"
"Art\Vegetation\Oak_Kit\Renders\Modules\SM_Branch_Small_A.png","170042","2F6A9F03E9A19DC92BD5B5FBB08885F91FFB21009E8EDBCEC62BC293D9BB8A84"
"Art\Vegetation\Oak_Kit\Renders\Modules\SM_FlowerCluster_A.png","187068","8C425B335826D529DFF39D3508E5826C0C04D95A6ACED59881A4685194D377F1"
"Art\Vegetation\Oak_Kit\Renders\Modules\SM_FlowerCluster_B.png","205454","CDCD00CAC3FAF0AA06F8C3FDE790FC2BF6B240096DCC05AF566B62A13EEEAB6D"
"Art\Vegetation\Oak_Kit\Renders\Modules\SM_Grass_Flowers_A.png","202608","1E9C13ED56B6BC5A990FA8F82EEA419CF12F0E6023B34502603D864E27B50405"
"Art\Vegetation\Oak_Kit\Renders\Modules\SM_Grass_Short_A.png","180956","82CBFDD86260EEEF0BC49C8D725BBA01DFAA9B3228EA75DAC4C26D931FD6FD55"
"Art\Vegetation\Oak_Kit\Renders\Modules\SM_Grass_Short_B.png","181512","082B4CC3E105DC71F1741EA59FF659A2C4A85245DA5C5EBFAE26D2FA6E359A25"
"Art\Vegetation\Oak_Kit\Renders\Modules\SM_Grass_Tall_A.png","181526","ADE2408553CBD0F76796F814C6CA27D35002961E64017B684BBA89218B933A0E"
"Art\Vegetation\Oak_Kit\Renders\Modules\SM_GroundLeaves_A.png","165722","96463BEC4B53EE2DD92A900561F3A9F817C9313AE9E4CE0568A366537827F921"
"Art\Vegetation\Oak_Kit\Renders\Modules\SM_GroundPatch_A.png","175217","02DE374C2FD05E409D0402D21E82C4649A7622E6AAD6ABD3A6574EB4691C904D"
"Art\Vegetation\Oak_Kit\Renders\Modules\SM_GroundPatch_Flowers_A.png","176561","14CF543CAF43119D64D52A3D5B26BB8B957FA90381C5731E3A890F37E5DE3EF6"
"Art\Vegetation\Oak_Kit\Renders\Modules\SM_GroundPlant_A.png","176547","311D250BDACFBD8264013085887CD488C4ADBDB27A7693554BFBF047342DC761"
"Art\Vegetation\Oak_Kit\Renders\Modules\SM_GroundPlant_B.png","178123","A233D5BDF5AF917CDD927B81528A0FD0A8A11B796C923756AC80C99E76A059EE"
"Art\Vegetation\Oak_Kit\Renders\Modules\SM_LeafCluster_Large_A.png","225539","CC3461378B5F9DFBFC4B7D338C590EA5112E73915E9632A64EA48D830311A8F6"
"Art\Vegetation\Oak_Kit\Renders\Modules\SM_LeafCluster_Large_B.png","225139","69BB096FB5B862DFD5068C03A5FECC31169794C7B68B0B24502311B78B0216F0"
"Art\Vegetation\Oak_Kit\Renders\Modules\SM_LeafCluster_Medium_A.png","221887","228A04E4A5C4C3FE9EF567FDB7BB0CC12BDD6F741494B3EA1F6B5223F12ED214"
"Art\Vegetation\Oak_Kit\Renders\Modules\SM_LeafCluster_Medium_B.png","218880","32ACB7D3CF042086119D9C6386BA0F3B0AD0691D05B79B8F69B35259907AA90F"
"Art\Vegetation\Oak_Kit\Renders\Modules\SM_LeafCluster_Small_A.png","220269","55FA71F375D04081CB4D8AF4C83B0BEFBA6EDF34BD4FB12A180D297A2D05E5E7"
"Art\Vegetation\Oak_Kit\Renders\Modules\SM_Stone_Large_A.png","165651","7FE14F85651074EC6A95EEB6AC07D42185E2CBFD2A777A10DBBF2FE506A669B4"
"Art\Vegetation\Oak_Kit\Renders\Modules\SM_Stone_Medium_A.png","165166","7277E9BFCD3B2EB30409CCEFEA802A996C002413E82AD8FA5E93D373EF82C329"
"Art\Vegetation\Oak_Kit\Renders\Modules\SM_Stone_Medium_B.png","165121","CAF2D2C588C2127DB2F4F3F1425AF54E3C756220BBBB6CA04D08652FC5B2B5CE"
"Art\Vegetation\Oak_Kit\Renders\Modules\SM_Stone_Mossy_A.png","167996","CAC8FA636431339CFF59FB94A26A25580D8FFAA425A6FDFE08D98F9794F6A860"
"Art\Vegetation\Oak_Kit\Renders\Modules\SM_Stone_Small_A.png","166435","5D4977E7CD62CBB1EA6148E5E46818F5CE1EB11BE8C1F4C2E4C4B6006FE7BD17"
"Art\Vegetation\Oak_Kit\Renders\Modules\SM_Stone_Small_B.png","162620","6CD327ED2F7C4C350CE14542B89E6BA6685D789E4F0FCE5A61C652E10BA87DDB"
"Art\Vegetation\Oak_Kit\Renders\Modules\SM_TreeRoot_A.png","174041","E2C95505B249360A5179CEBEF3852C5198FF76205032CFCF5416BF2815DB7944"
"Art\Vegetation\Oak_Kit\Textures\T_Oak_Bark_A_AO.png","49671","8A30915BF3D594523BDCA31F83C6E5E1E0811A3D8ACE42A48F9B7879D87804B4"
"Art\Vegetation\Oak_Kit\Textures\T_Oak_Bark_A_BaseColor.png","81073","DE5BECFCC09D71297FFBE60F80E995BF803A51551B387A9846D74E85219D5F20"
"Art\Vegetation\Oak_Kit\Textures\T_Oak_Bark_A_Height.png","89255","45FBDA2391D144E534B9D3EA8F019548D86B6D1A682D6C601B7B5BEF66AE4129"
"Art\Vegetation\Oak_Kit\Textures\T_Oak_Bark_A_Normal.png","68948","DD9AC2A8DF14E927D27347264DA70733F48B519FE23BC1B8A50804714078AF52"
"Art\Vegetation\Oak_Kit\Textures\T_Oak_Bark_A_Roughness.png","41189","AA6013AEAA7AC31FC4A29ED1C7F7DCB4EC887677DD5ACDDF9BEA0B51D57363FA"
"Art\Vegetation\Oak_Kit\Textures\T_Oak_Kit_Palette.png","435","323E3E1435741A35E7957E16134F969B214E3B89B747000BDE9EBB050E873E2E"
"Art\Vegetation\Oak_Kit\validate_exports.py","4751","356B8A346439E899924CDF35B099F43578C2757D99CC61319EA7D5962F1A4B26"
"Art\Vegetation\QUALITY_PLAN.md","1545","374F31B2030BF461D6E6D643F9E66BCC093CF8C8C594EDF846F1A337482AB7F1"
"Art\Vegetation\Tree_01\apply_stylized_bark.py","2652","0B3165B88FDE55840897DDE63182A920552B951ACDD5F6689F77C891E16D1633"
"Art\Vegetation\Tree_01\build_reference_tree.py","7951","665B35653006CFA60CF7EE64722657CF7D1815C658BAF4ABA1BB6EF951BE001D"
"Art\Vegetation\Tree_01\build_tree.py","7312","27B023AF8150E19CAD0F3F6F9B8FA37384C625D46937EAD375F0B14B28CF51E1"
"Art\Vegetation\Tree_01\build_tree_02.py","14070","CB392DB35E4D8D69C0FBA31D85E38EA5C34D74EF4DBFCFF12B1E8683445FCEAE"
"Art\Vegetation\Tree_01\finish_tree_03.py","11901","4C76C4499F082DAE243AEA2CDB19CCE9A7A933B064F76A590C6DD6F1ADE7A08A"
"Art\Vegetation\Tree_01\package_tree_04.py","9664","453C9822D75B30B4737F585EE3BACC561AE9F01AAD2F08CCE0E539B7320B3401"
"Art\Vegetation\Tree_01\README.md","1354","25F34649C35FF132E9DDF34B9CDA9CAE4B574E65348589948828E5333649E2DB"
"Art\Vegetation\Tree_01\REFERENCE_02_NOTES.md","1067","0535BB3328A9617ABB24EF472891F5CDE6F9D4131DCF85F061E338812381D80D"
"Art\Vegetation\Tree_01\refine_bark.py","2843","54510CE27BE45621364216D29A59A9AF0F4C109D73B93B6D63D996DFEE92D62D"
"Art\Vegetation\Tree_01\rework_tree_04.py","19669","73BE9A322B88C113F3A5C0F3F9DE7CA27FE1C707E6C11CE33ECD5E0F76CA5FB2"
"Art\Vegetation\Tree_01\Tree_01.blend","10142750","CFBD6C0843FAD4F8D8BC7B973FA2F9520B815928AAF0095BE0ECC7D542FFD41A"
"Art\Vegetation\Tree_01\Tree_01.blend1","9806420","F3C7A78EBAF4BC932774871C9E52CEEC0A66E2AC34BC45DEAE8432323658B881"
"Art\Vegetation\Tree_01\Tree_01.fbx","4872684","CA9BAECA622C27E0F1FB2B41CCBEA95B2437505261F9DE14B6AFCC0D15C72571"
"Art\Vegetation\Tree_01\Tree_01_bark_close.png","1886559","367B26C7D1D0108A29D9AC40F06029C637C52326042C65845BCAE16A267A7BB8"
"Art\Vegetation\Tree_01\Tree_01_bark_full.png","1848959","7BC7334769CBCA6544387EFE159C9866E9D4AEE9AEA56FA852500F24270F1EA3"
"Art\Vegetation\Tree_01\Tree_01_bark_v2.blend","13221041","1F72DA990C35A361FFF1701612697C7626C00A15C4F6A5B803C5ACF17919727E"
"Art\Vegetation\Tree_01\Tree_01_hero.png","1819893","5D189817430B6A3405173C4E542F344D7FEA3BCD2BEC4DAFE6C5AB468C8BD84E"
"Art\Vegetation\Tree_01\Tree_01_reverse.png","1807075","C862791629A9D90A1E136EA9EA0B08CD605B70A6490B3B1D953B9D880E2D14A8"
"Art\Vegetation\Tree_01\Tree_02_detail.png","2859166","D9A26A0A995E22B0AC0A8971769F3F6CFF1AEBABB37CB411CB6BB103DA34711A"
"Art\Vegetation\Tree_01\Tree_02_hero.png","2617679","37572C71B263B9653B8E21045375EF413A9234C0349E6C9E4EC22CA9005F9305"
"Art\Vegetation\Tree_01\Tree_02_LOD0.fbx","2937852","C156C7A6695A4EE714FAD5257922A434DF59732116B6AC6650AC53FF9DE2BE43"
"Art\Vegetation\Tree_01\Tree_02_LOD1.fbx","1812412","AE0896FEF206B8F5BAAB758329A192334618F5C551683E1A9FD02CE131308A56"
"Art\Vegetation\Tree_01\Tree_02_LOD2.fbx","958220","24F77DEF390267A5006C6ABBCB4F5FE22BADF4F681745D67076E0724C55AD1E2"
"Art\Vegetation\Tree_01\Tree_02_Master.blend","12534496","5380A90953F0CF1A4915CC4A5FEAD96DACB0E49F8002054690B8DD3CA76B2BBC"
"Art\Vegetation\Tree_01\Tree_02_reverse.png","2534313","6F6B172307BD8F96EDC6D463EF3F1008F1AA6F6D6AEAF6C2F9A7B0A95F4EE909"
"Art\Vegetation\Tree_01\Tree_03\export_validation.json","1017","DC89797AA20C0360F458E62AD126D1052AAF83DED043FCAC0423066A8B7817F9"
"Art\Vegetation\Tree_01\Tree_03\mesh_statistics.json","258","7E61658EFDA845DF3CE8A3BF202024E01D11670E29A493A856A76DA177EE7699"
"Art\Vegetation\Tree_01\Tree_03\README.md","1868","715D3D1E5AE37AAFED4CE4108B124C61FBF5685064B99ABECEBF3BF874F0B02A"
"Art\Vegetation\Tree_01\Tree_03\Tree_03_detail.png","3107939","C0880001DD1C10D11C386131B382EF7E733EB3637CDD9F9527B26D8B1E618CA0"
"Art\Vegetation\Tree_01\Tree_03\Tree_03_hero.png","3042110","7024D0D29284CA86F3C379915CD9648AEA5C710D0F21D8AA6C04E65398E5780E"
"Art\Vegetation\Tree_01\Tree_03\Tree_03_LOD0.fbx","11302412","43E5F7BF9D741ECC03200EED7D4B6CB8CA9A44D0F37EFD5D00512CB656298ED8"
"Art\Vegetation\Tree_01\Tree_03\Tree_03_LOD1.fbx","9241148","EAC6E663D63DA11AEE909F77891BAC1982983CE914A0193CB737353E6E136E69"
"Art\Vegetation\Tree_01\Tree_03\Tree_03_LOD2.fbx","8063292","815F673F9ACEFDD4699EBF21996488A5759175282A627F60C90E9129F63CEE87"
"Art\Vegetation\Tree_01\Tree_03\Tree_03_LOD2_check.png","1169953","444FAC063C399CB8CBB11D829E92E27B8FFFF46FBBB6C4AE06881E20C05099F6"
"Art\Vegetation\Tree_01\Tree_03\Tree_03_Master.blend","26769553","0CA37DE4153356C71DF2830E397457B00CF72BA1FDF5C20282F99EB17417FC04"
"Art\Vegetation\Tree_01\Tree_03\Tree_03_Master.blend1","29403789","EB0206513E1C63B998AF17528F426EF1F14E43F013D60F385B565CC4DF96DD9F"
"Art\Vegetation\Tree_01\Tree_03\Tree_03_reverse.png","2996094","5427D135AF7127D21DEA0F16D5D9CA98A2E9F12AA85FA2BED065F2ED0CC94659"
"Art\Vegetation\Tree_01\Tree_03\Tree03_Birdhouse_01.fbx","3311516","FA8C6304D89C78F994356F7BBA5479531F4BB8BA7CF28EE22837C4C0D17E0499"
"Art\Vegetation\Tree_01\Tree_03\Tree03_Lantern_01.fbx","67004","5F3790A2905AF39AD6411EF0F8C7018D3E8668E012493E64ADB6F7659EB5282B"
"Art\Vegetation\Tree_01\Tree_04\game_manifest.json","2484","C30E89B28EF685371C821E8839F667E383678E9EE500C1D9E9D3301FE7EDB5A2"
"Art\Vegetation\Tree_01\Tree_04\growth_audit.json","229980","4B460A268BA817AAE06899491C0B8F0C247AAE7FDC38316CF7CE1572173C6544"
"Art\Vegetation\Tree_01\Tree_04\Textures\T_Foliage_BaseColor.png","1867186","204B80E1779330AE290A94D3A8C9E50923AA84683238FCFF28848A8FAF9EBFB9"
"Art\Vegetation\Tree_01\Tree_04\Textures\T_Tree04_Bark_AO.png","2608388","4B2FF23F3322AF9CD0E2CEE1683E979B23D6A33233F951B8B2CA6EE7A4055DB0"
"Art\Vegetation\Tree_01\Tree_04\Textures\T_Tree04_Bark_BaseColor.png","3503538","1F1F421A3005A93D6ADD276948C2FA3C7389A527C648CD0B7B343C6E157DE48D"
"Art\Vegetation\Tree_01\Tree_04\Textures\T_Tree04_Bark_Normal.png","3104557","6953DD6E3EEF73487A086C9B82A70477AC8FD25A24E8A3C10386CA05A7A7781F"
"Art\Vegetation\Tree_01\Tree_04\Textures\T_Tree04_Bark_Roughness.png","2289598","ACC7367FAE17CA4488555FA192BA1F8123FDA4FDCE19EC0425618BBE1A9F98FF"
"Art\Vegetation\Tree_01\Tree_04\Tree_04_detail.png","2898189","87831BD92E75285107B9E42B410B5A9F4502775AB6CA9FAD076474A244ACABAB"
"Art\Vegetation\Tree_01\Tree_04\Tree_04_game.png","2575965","9FE7B53A1CC29D5FEE97449EAC8AEAB1D1FB20C5B107C09E90043D8F4DEEC967"
"Art\Vegetation\Tree_01\Tree_04\Tree_04_hero.png","3136483","6C529D8264BF7EF47DA3356FDA33D10D12BE7382CC3010DAC4C0F0D25DCFECB2"
"Art\Vegetation\Tree_01\Tree_04\Tree_04_LOD0.fbx","17755804","213D131F4DBC787BC44A3D9D839B959EA708770D1C0A9A0DE7B55D1B7200AB08"
"Art\Vegetation\Tree_01\Tree_04\Tree_04_LOD1.fbx","14191644","6FB79B509B45A090DC8B00467228FE3CDF5B785610DCA382047EBB7449A64C91"
"Art\Vegetation\Tree_01\Tree_04\Tree_04_LOD2.fbx","11383852","89E27F738DFDF19386018182DDA8A9F6E3AB916940553D6BAA074D8426B87A41"
"Art\Vegetation\Tree_01\Tree_04\Tree_04_Master.blend","55624042","DB449FF0FC896B0E2271A3AADC72B775E76E4EA8793A6577748023452767ECB8"
"Art\Vegetation\Tree_01\Tree_04\Tree_04_Master.blend1","23611128","D6FC0E3C83E971DC3C83B234F74CA2524286D38520CCB708107CBAE4621FE63D"
"Art\Vegetation\Tree_01\Tree_04\Tree_04_rear.png","3073435","A467B0C48AAEB65B3BE6923D5DD8E446CD4F5E8C6FCF8C8AD273D1F56E1D2CA0"
"Art\Vegetation\Tree_01\Tree_04\Tree04_Birdhouse_01.fbx","3311532","6C7BA4E89F4FF0FCCA0A1234D132A7D9156BCF7512B82A3FAC294231B5D2C1A3"
"Art\Vegetation\Tree_01\Tree_04\Tree04_Lantern_01.fbx","67020","AA5F952D35FA175455A332A7C78CF94345C3653752C13996961D01C1321A6045"
"Art\Vegetation\Tree_01\Tree_Reference_02.blend","27262779","20A9A7A0DE836F0D7934F99352815FE35D0C4098713A40C01B626E3ADCA37578"
"Art\Vegetation\Tree_01\Tree_Reference_02.blend1","27146979","5DD82CA9D6DC305642C4AD936FC0FA8F58E92B144EDAC34C91D691A092BBAC26"
"Art\Vegetation\Tree_01\Tree_Reference_02.fbx","23057676","2F2611E147792145BEAB8EA995C83F438BD8235F980120733AF748CA46A7491A"
"Art\Vegetation\Tree_01\Tree_Reference_02_detail.png","2022091","3E6C2D4997C8E21481A71C2FFA37E2A72D320B5235B71FD645845850DA16999E"
"Art\Vegetation\Tree_01\Tree_Reference_02_hero.png","1953765","BD3BAA95945DEE1D80FAF7C850356ACEF35B4783502F84657EF0CA6CF831CBCB"
"Art\Vegetation\Tree_01\Tree_Reference_02_rear.png","1917414","38171CC58E7EC739A1019D6F966A7CC61777730153E650A1BDFD26C288D0299F"
"Art\Vegetation\Tree_01\Tree_Reference_03_Bark.blend","37147898","71BDFA15139CCC7E4487AE21930EBF53398BC4BEFBEADC2C6E27389856D509F8"
"Art\Vegetation\Tree_01\Tree_Reference_03_Bark.fbx","12248748","5777B188E82D71C966703CDB1095D1875D1427BAA3E601FBE1ADDFA4B74FAE6F"
"Art\Vegetation\Tree_01\Tree_Reference_03_detail.png","1933239","FD450C3B2CE987C1F873BCAF942638A01C6DC50EA0AF62945A183FFB399C31F2"
"Art\Vegetation\Tree_01\Tree_Reference_03_hero.png","1952766","CE59895163B5580A009DB696FA189720F01E48163BAD5B857BBDFF8C511CBCB2"
"Art\Vegetation\Tree_01\Tree01_Bark_BaseColor.png","1343482","B7ECC331C54A884BFAA9C9F24EBC2071F9A9525BA4208B1EB9D989EB087D8F1A"
"Art\Vegetation\Tree_01\Tree01_Bark_Normal.png","1796408","27F903F08C033B0A0C04634A33E9B5532F8E965FD0416D6D7768A0DB60DE3BBA"
"Art\Vegetation\Tree_01\validate_tree_04.py","3801","16609C903044FF08F1659F4F8434DC37322B11B2C3392456C9FDF152179F2D01"
"Art\Vegetation\Tree_01\verify_tree_03.py","2453","C3EDF051E62E96C9C54333F08DCC2FC9169C61F081937FF33B04218DC72C34C5"
"Art\Vegetation\Tree02\build_blockout.py","14770","5D016FDAB6F0BA8B5C196EB0B99A6B09571B5F12196E869B09D942355C5B49E8"
"Art\Vegetation\Tree02\build_v001.log","15474","FBEEACC361DBC7E9836D7E249D2D59E693BC301ACF4A2DF54145AB459F1A3B7D"
"Art\Vegetation\Tree02\build_v002.log","63450","124BDD8E18677FD9C6CAB95736CACE7DFBDF4CFFD98C1943E4E87DA3403C9F5C"
"Art\Vegetation\Tree02\build_v003.log","34815","CA3BBFBAEE79528F2ABC571D0DBA5CC25141FDBE34095824A433C9097C69B220"
"Art\Vegetation\Tree02\build_v004.log","34969","D3F51AAEF807E5873DB123D83E4DEA8E2A1CB2D40492C42D791CDFC447B1B471"
"Art\Vegetation\Tree02\build_wood.py","16032","EE512C371D12B4C33DDCFC1887450F7FD6AF10A4D5EDF18512A2F44C992C8333"
"Art\Vegetation\Tree02\inventory.json","18901","298BF8686E872854B4E8BBF3BCA3555826CCB968FE078980E8B4F01FDE17A83F"
"Art\Vegetation\Tree02\MATERIALS_RU.md","7474","8E7A2F6765A005806F7584FD72B8001F1DD502A0C87DC4844F1849979582AFA9"
"Art\Vegetation\Tree02\QA\v001\blockout_report.json","1398","07A8331D306E9F3ABF81F9D0EABD90ECA06C7A3354916A6F420F48D472E51A27"
"Art\Vegetation\Tree02\QA\v002\blockout_report.json","1508","369986C1DDD71E3D085DF878021C26A738364B50CF92F7AA16268E9BF315AB67"
"Art\Vegetation\Tree02\QA\v002\verification.txt","471","AF002C45922210D65DFD8BFA9B84CA133427D3B3409A72453B621CCD04803D64"
"Art\Vegetation\Tree02\QA\v003\wood_report.json","937","A24D1812883EFCEA90D593C8B66A33E31FB5ADE2CBD4B9C1C7176621E57CDA1A"
"Art\Vegetation\Tree02\QA\v004\wood_report.json","1378","44853BB4B059C99C6E371E5AD0D9B8FF095132B9D74CC629D666EA963F5D4490"
"Art\Vegetation\Tree02\README_RU.md","19985","EA31DA65EE76F9834A54AE5861800C34F5BA9D365E8FD645C93D9245464D9F3B"
"Art\Vegetation\Tree02\Renders\v001\Front.png","893344","8092501E283D5077ED02A1695D423E41F2D6AE6238117BB031074878539BEC5C"
"Art\Vegetation\Tree02\Renders\v001\Perspective.png","853694","F117DE1E6F64637647A1AAF6ACB0B39481EB6FDAE13738EA1ED827B4830E80E6"
"Art\Vegetation\Tree02\Renders\v002\Back.png","892376","93207000B4CAF7E55A9B4A89CDCF7FB5ABDC75DB308D92A8B5765A9A291130D7"
"Art\Vegetation\Tree02\Renders\v002\Bottom.png","877263","D19ADBD000E97D3DF391EF09EFA5D37F2D90AE3DE54D5BFDEAC042A30A52AC67"
"Art\Vegetation\Tree02\Renders\v002\Front.png","888793","7F6F25C0B46065B6DD74043C4E510AFAF6A3158B6CEBE0D5F061F0110BBAB1BE"
"Art\Vegetation\Tree02\Renders\v002\Gameplay.png","846737","0FA8198A33900781352A7EA78C837010914381377B8FC5F1947142F94ED55406"
"Art\Vegetation\Tree02\Renders\v002\Left.png","869476","94F42443690812E88967BA0C6BD1E1975775494F0D0690BD648C2932B82E9A17"
"Art\Vegetation\Tree02\Renders\v002\Perspective.png","851779","7831CD55165015DC5AFD227DE6EF4E3BF8F336015F10196F843E0624258B46A4"
"Art\Vegetation\Tree02\Renders\v002\Right.png","862092","E42348649547CA4C8E9C1FD25608B11BC607780B7CA3D3E93233ACC1945CCDF5"
"Art\Vegetation\Tree02\Renders\v002\Stones.png","838473","0530C19D9BE59C259735C0CC2402141BB9143A356122C9C78A2CAF402AF0961F"
"Art\Vegetation\Tree02\Renders\v002\Top.png","844884","EB23D45B2381CB169BDC85CE27906425085AFAD8DA96CDF263461C2B3718599E"
"Art\Vegetation\Tree02\Renders\v002\Wood.png","845934","D869E162E2E923FF151F1A98017263D6DFE3FFE334B2608E43F2BFBD3AC7B582"
"Art\Vegetation\Tree02\Renders\v003\Perspective.png","975180","95950BAA5C29C28CA148506DA6A035C2C9C62AC7200C30C16C285BE7B0C6A131"
"Art\Vegetation\Tree02\Renders\v003\Roots.png","1258532","CBB9ECE5C1BAA83131AE244AF694B2CAEB60FE497FC075A2F81514825F3BB72D"
"Art\Vegetation\Tree02\Renders\v003\RootsClay.png","854541","615C16AB3C49AF932611BA67228EB61D9BF3096ABE743A7D3CE4763BB417D9BC"
"Art\Vegetation\Tree02\Renders\v003\UV_Check.png","954474","52E774219337912C10042A671CFFAB58C4720F6263FCB011944D45EB189A482B"
"Art\Vegetation\Tree02\Renders\v003\Wood.png","1078567","91A017FAE9091009F3D10296FCC6FF49B1E69E584931B4F9638CC5B2A43C63A5"
"Art\Vegetation\Tree02\Renders\v003\WoodClay.png","856873","E4CA1EEED1DA49EEDEC4697F58ED3DF77020E2C84DDE913A6700D6611744BC33"
"Art\Vegetation\Tree02\Renders\v004\Back.png","1029781","92A34CC458457566DE7F87102C140E870F21E2BBFC8B87A531C868F1AAABD648"
"Art\Vegetation\Tree02\Renders\v004\Bottom.png","964946","9A371CA39C9236104F283A67D49036435804FF0F6DD17642C78EBCBAA38B7956"
"Art\Vegetation\Tree02\Renders\v004\Front.png","1021006","20409152FB9E0923AD762C51DE4065E20A68DBD78B8DD5227939D1E394D50716"
"Art\Vegetation\Tree02\Renders\v004\Gameplay.png","951778","C025D2FD7BCB0EE8BBAC6A56B0BDF472C945077A1867DDA8B2A07CB56B9E2B8B"
"Art\Vegetation\Tree02\Renders\v004\Left.png","963708","0B67F4F27237E602CD36F9948C86575B2498B53D60F128F2FCE6302A7C19A353"
"Art\Vegetation\Tree02\Renders\v004\Perspective.png","975138","5C2412FF0D440641CB96B85CE21A0C9304EE264C50FC6545C8D98880CA5A2686"
"Art\Vegetation\Tree02\Renders\v004\Right.png","962580","D7B310A86F1D29E38FA7E1A23B08C037CECB1620788E9167352C133533126075"
"Art\Vegetation\Tree02\Renders\v004\Roots.png","1258509","7252DBA2ABE0A0FF8B9F9244A241024550B96A7B185971A381175B7F44C99758"
"Art\Vegetation\Tree02\Renders\v004\RootsClay.png","853481","22AA0F0AE576FE3FCECA666F4649FE4B8164C44AB60665DDB7BCCC262A9CA130"
"Art\Vegetation\Tree02\Renders\v004\Top.png","855788","8F0C500F396AD3B3B6138DE21AC263D1983459CDF48CFF736E107E24F7E700C5"
"Art\Vegetation\Tree02\Renders\v004\UV_Check.png","954309","02DB00F6B5FDBE429AA25F58E3422A9AC93317210E20279805B7D983ADA52511"
"Art\Vegetation\Tree02\Renders\v004\Wood.png","1078364","F665ACB86011F7F84F6580F6A99B269D0371F41356C9EDD8F50D8577CDD4A3FD"
"Art\Vegetation\Tree02\Renders\v004\WoodClay.png","856432","822CC8ECCDD1D63F4F782ECD32C425ABE0D72CCBE6985B7E69F9412FBB2CE437"
"Art\Vegetation\Tree02\Source\v001\Tree02_Blockout.blend","4478947","242A5E22741174DE86DA7EE1FCD9B80734E624C01DFCDEBA866A7BED4C7779E9"
"Art\Vegetation\Tree02\Source\v001\Tree02_Blockout.blend1","4478947","67140F03776E1BE10235404083DE03B1F88347889F991C1023AE2E517EA9DA3E"
"Art\Vegetation\Tree02\Source\v002\Tree02_Blockout.blend","4430893","8BA573958330D6A0F4E31B3DA5882C49820F138ED261767AEDF4378F04BDF999"
"Art\Vegetation\Tree02\Source\v003\Tree02_Wood.blend","24513622","DE01BBFFE88533288773AB47372AE430D0B1F87387C7FDDCD2CC7004800B3259"
"Art\Vegetation\Tree02\Source\v004\Tree02_Wood.blend","24824757","91454A30EED8BCB8F2DEDCE15AEBBC1193276A0F0525E9D785B39DBCA16A4A77"
"Art\Vegetation\Tree02\STAGE01_REVIEW_RU.md","7909","A3695FEE5C85799BC7867017FBB56C3D25A7C4A5D09EB02693B8226F34F66F9B"
"Art\Vegetation\Tree02\verify_v004.log","43446","3012AA4CAC7D24E879249FFC74CFA603A4F185C40B70C5A6244134FB8DE335B0"
"Art\Vegetation\Tree02\verify_wood.py","2742","B4D36A15B202E201D631F95205626080B74B857A09619E65231045A846552CCB"
"AssetsDatabase\AssetBook.json","146817","9D532A96918C5318CDC7C238FBCEA7CC884B529F8DC2B5B9514C17BB34C10D05"
"AssetsDatabase\AssetBook.md","21034","337C03A4CA9F1FF254CAD5900F225E6A89CC07CB82ACF74CE47E64A2860D27EE"
"Config\DefaultEngine.ini","826","E273717741231A1884055429C2F0E2C9815984E7DC9AEB69B05F026925F855D8"
"Config\DefaultInput.ini","9123","094A2DFAFE94971CA5D6C64FCCD30047F4E310E7DCB12FC2D746B80EBB5EA92B"
"Content\Art\Cottage\Cottage_03.uasset","2145525","C69E850797C18CAC388166BDCFD97518DCD7C241F9E470884A9423DE8FC99DC3"
"Content\Art\Cottage\Dark_iron.uasset","54555","EAD2A27AE4D6DAE1271FFFF180E21F28A5C25BBC43E447A0C64AEFF3C293ED60"
"Content\Art\Cottage\Honey_oak.uasset","54555","8C3ABC5C649893977592A7502A5EDA4A1DA8CDB582FF231E4CD32A2D5BCB4BD2"
"Content\Art\Cottage\Lantern_warm_glass.uasset","54699","2D7A7AC3E668AED9E6AC990336F2D1F25C91D4DE219D5F98214C99261CE50430"
"Content\Art\Cottage\Limestone_variation_0.uasset","54743","B94A15C758148DAF172164BE8DC4C1784F2D493A301B9AE55B1274034884FDBC"
"Content\Art\Cottage\Limestone_variation_1.uasset","54743","D078920EED3C4869FE1D83D5F37C39206F20DAB74D31402CED16C12C2BE25115"
"Content\Art\Cottage\Limestone_variation_2.uasset","54743","4D5C76C8AB0A4233330153711FDB992C624396A359C43D2ADD9C6CB2C8108335"
"Content\Art\Cottage\Limestone_variation_3.uasset","54743","3C5843B3DD96A973EAE493AA54579FE50E7BEE5D2FA9915CDB6B61E5928BFA57"
"Content\Art\Cottage\Limestone_variation_4.uasset","54743","1F57EB075C7183B6AE83F277EF5DE4741D97AB7DC75F6B3A8D4D87AE7317B9E4"
"Content\Art\Cottage\Limestone_variation_5.uasset","54743","5B9A687FF9CFD93B20D139456278B45234533421A3D450F4123ED5B715463F6F"
"Content\Art\Cottage\Muted_amber_glass.uasset","54683","426C54BB208F66E0F0D27A68E4109A861C3A2A26D8E8BD0E126628963FB1358D"
"Content\Art\Cottage\Oak_door_and_shutters.uasset","54747","F4E4BE21A05F0E6EB71C33ACA7194C34E628E8CDBDACA6CC4630885FEA45B14E"
"Content\Art\Cottage\Recess_shadow.uasset","54619","2A67E5ACC1D524D5DF4136D2B95EE8EEF794A602A82F45BBC7F79FA284C97797"
"Content\Art\Cottage\Terracotta_00.uasset","54619","1D5343DF325294D97890086D213B54196E75463917047A42F0F464B93D1320C8"
"Content\Art\Cottage\Terracotta_01.uasset","54619","E7385824E7AE6DF119E21CA48F9AF3A8C951DC16716610C94721CEE57C0FE6B7"
"Content\Art\Cottage\Terracotta_02.uasset","54619","B0FF797F42090C4B7919EB08245B7EA19030C004FFE7956E7245212770358911"
"Content\Art\Cottage\Terracotta_03.uasset","54619","859024690032BA790E54E48CD5DBA600F8E643DFB97A1003AC74FD01C959CBC5"
"Content\Art\Cottage\Terracotta_04.uasset","54619","99CAEB033B460773DE48EC89200262F3EDB999D806683868314659E042F736F7"
"Content\Art\Cottage\Warm_ivory_plaster.uasset","54699","2FD985EFF2634D94A710D3EB7B43B3735DB659EC7B2538AA484337D4F935CF89"
"Content\Art\Cottage\Warm_limestone.uasset","54635","F6288A89E272905731493F3BE5D4D98C5C68D64F06791C9C4E3274C7CAD5C314"
"Content\Maps\CottageTest.umap","21005","049DD0556902C74A9796D8529249A4CCF632525CC51498537F22D27CDBB8D561"
"CozySettlement.uproject","231","9E3B560798512C4D600655AAB4323BEBA8B01EA9A36B6710885B1D31A85219CC"
"Mat\Bark\Bark_AO.png","2200618","F3FB54913C5E5F8D9EBCF93C0A14FFA74ECB501EDBAFFDF209F067742758A112"
"Mat\Bark\Bark_BaseColor.png","2335002","5D324A1642AB920A27DC325299143B038B9C1B702D547E18304F083FE1FCA73F"
"Mat\Bark\Bark_Displacement.png","2325292","FFB43B3F2E0380BEF54FABAFE562F0ED3D84E9B2A4E5DAEFCF0D3AC03FADF824"
"Mat\Bark\Bark_Gloss.png","2115035","AABDDD689C6B8B5F54C591E97D47AB7EB15D684377DA9EDFDA1CDB68584835FD"
"Mat\Bark\Bark_Normal.png","2789003","2C52AA535637C507A204DE4EE687920DBA27A195CF96DCBC87E8D56C11F4946C"
"Mat\Bark\Bark_Roughness.png","2564900","200FB985A8CB70CB58A4B1D7810A4EE15FE12AE2D0A6522F257578B9B30F1A4B"
"Mat\DoorWood\DoorWood_A_AO.png","2771858","A844C39410D5BD2895775301ABFC79332AFE4CE3473F2B11AD0389E09868A699"
"Mat\DoorWood\DoorWood_A_BaseColor.png","3146694","7446B60538B2F178C3E6381F6569C9408C6B38A0EB048A0B8AC5BF1D0FB215FF"
"Mat\DoorWood\DoorWood_A_Gloss.png","3011707","CE975CF39783553A892C0E11ABB60B5992D88577308EFD3395B8986903D68AA7"
"Mat\DoorWood\DoorWood_A_Height.png","3262962","89259CAB9D5A771200EC84C409A0010565D0697FA893E05D4E6C70C1EDFC6071"
"Mat\DoorWood\DoorWood_A_Normal.png","2906438","69BE2C65AAEE924D5F3383514565F9CB41944924B99473CE1EE0008C666B34C2"
"Mat\DoorWood\DoorWood_A_Roughness.png","3168867","22DFB84C3403B139711E46BF00ED38DA0F388FA15D40419C4019BFA1FC89061F"
"Mat\Logs_Bark\Logs_Bark_A_AO.png","3520379","D95058E9478072E08AB39FC90195DC7C83CD6D9FA42CE8A2C04C77E5A0D69825"
"Mat\Logs_Bark\Logs_Bark_A_BaseColor.png","3536774","71D5AEB5B8BB6D24444B585E975F46A79030589A15A8B436AFD5AEFF35480A4C"
"Mat\Logs_Bark\Logs_Bark_A_Gloss.png","3178733","76043264522929D23FD51C90175B1E2889D886FC232EB6EC522C31877BCD307F"
"Mat\Logs_Bark\Logs_Bark_A_Height.png","3476903","010E2BA20BADEE01030B0F81A9191E34BF6A976802B1A09180D2B162ED4FAA1B"
"Mat\Logs_Bark\Logs_Bark_A_Normal.png","3260557","AC5F36000F76733A7A74757836DE57304D71AC07B0C61CB09478624C44C7C386"
"Mat\Logs_Bark\Logs_Bark_A_Roughness.png","3420740","96328A960E34A625FE3B6D98E77F97EA1EEB8B5ACAFF9CB13C81D5AF7D9F15EC"
"Mat\Material_terrain\Ground\DirtGround_A_PBR\DirtGround_A_AO.png","1073046","21614855F660D3A47AB943E57D9C9FD09145944A2572C20AB8EB2D7EAD7C2AA0"
"Mat\Material_terrain\Ground\DirtGround_A_PBR\DirtGround_A_BaseColor.png","2948475","B15309028955216C0A7AE7E5805D87F4B7E4CF0514365F136A450E63182F2971"
"Mat\Material_terrain\Ground\DirtGround_A_PBR\DirtGround_A_Height.png","1022156","F93784E06C02BEDA304C1E485DAAD8EAF87157D871B75CD792DFA071C6A029CF"
"Mat\Material_terrain\Ground\DirtGround_A_PBR\DirtGround_A_Normal.png","3510576","524ED651A7D6961C27F29A0E5F0A644A81AE7815F785FB2993C2096A14277F99"
"Mat\Material_terrain\Ground\DirtGround_A_PBR\DirtGround_A_Roughness.png","745555","143FD6782537100EAD8761A0826A8E4FF148D4CD8CA1DFADADA4F6F132AC7C6A"
"Mat\Material_terrain\Ground\Grass_Base_A\Grass_Base_A_AO.png","750088","D141B0D959D12F9E579E2E7528BD5B16C3A566A7CCCF39997AF27341A89364FA"
"Mat\Material_terrain\Ground\Grass_Base_A\Grass_Base_A_BaseColor.png","1895393","881C92E2D59749B8ABEF1AAAD2FCEF1ECAB100EA365672BAFADA42E548FE86BC"
"Mat\Material_terrain\Ground\Grass_Base_A\Grass_Base_A_Height.png","729977","1AC3AC0689D59F1CE2383F46AA530D8D45404EF407759AA67CC2179EDEF1A8EF"
"Mat\Material_terrain\Ground\Grass_Base_A\Grass_Base_A_Normal.png","2276608","583166EF4AB81FA814B89EEF4E460AA6CAA4D08062EDA11C8D365CE8140A1E17"
"Mat\Material_terrain\Ground\Grass_Base_A\Grass_Base_A_Roughness.png","581613","4E89CE06D66843E0A54BF3628637B5BFAC2F0384D8081B48C2D0E7FA95CA6057"
"Mat\Material_terrain\Ground\Grass_Dry_A\Grass_Dry_A_AO.png","764220","EEC7EC523D7A8E14CEC9702D59235B4231ADE588D66FE930950E58778E18BA79"
"Mat\Material_terrain\Ground\Grass_Dry_A\Grass_Dry_A_BaseColor.png","1898542","04B609C7C912EB406EEEFB9733C762747E864D717D0F4714CB095898F2C164FD"
"Mat\Material_terrain\Ground\Grass_Dry_A\Grass_Dry_A_Height.png","721275","68519A3E4800756F1CB07901CF29A036A2A5D53AAE1EC04D2A2C76D93FED40EA"
"Mat\Material_terrain\Ground\Grass_Dry_A\Grass_Dry_A_Normal.png","2279501","E5484DFBDBF23B2CE1FF2EA4DC87DC57571086D36A970347C9FD9EC5F30E170D"
"Mat\Material_terrain\Ground\Grass_Dry_A\Grass_Dry_A_Roughness.png","564681","76F6A3DCA95CFBDC099B446378E9C00BF75FEEFF579A9551D1AE1EE2175E5110"
"Mat\Material_terrain\Ground\Grass_Forest_A_PBR\Grass_Forest_A_AO.png","1195118","88588FB932D2A7D6B02392CB2111AABED085A3A1D27F0ABC6CC895FAB724A9A5"
"Mat\Material_terrain\Ground\Grass_Forest_A_PBR\Grass_Forest_A_BaseColor.png","3208682","E181180CA1261BF729FB138B2F23E6DF45B379CE153886A8272C363C36B109E9"
"Mat\Material_terrain\Ground\Grass_Forest_A_PBR\Grass_Forest_A_Height.png","1135605","A1E0C39118FE32061CF76F871B69AF6907A76074350ED69A3A23EC7E6787551B"
"Mat\Material_terrain\Ground\Grass_Forest_A_PBR\Grass_Forest_A_Normal.png","3825679","F805803BDED4DF85F5DBF4BFA21B93D5EA675E775B7D416535CA912DFE59085A"
"Mat\Material_terrain\Ground\Grass_Forest_A_PBR\Grass_Forest_A_Roughness.png","803464","FAABA9A0FA2F03B52136C17909B6B525EF0E3B4FA78685DBFFCF8F49FB5CAC09"
"Mat\Material_terrain\Roads\DirtPath_A_PBR\DirtPath_A_AO.png","1135296","5392116C6894FF3FCE25881D8ACA78E6C9FC11D361783258C5CB49592F77E629"
"Mat\Material_terrain\Roads\DirtPath_A_PBR\DirtPath_A_BaseColor.png","3290806","19FDA5D6E578D522EEC73C5EB2B624E630189A0CFA6B656DE3D90115200EBA93"
"Mat\Material_terrain\Roads\DirtPath_A_PBR\DirtPath_A_Height.png","1114199","F4E79184ED56449B0AB4A089490CCCB4C79837850EC5D03D7BB2903A2E3EE592"
"Mat\Material_terrain\Roads\DirtPath_A_PBR\DirtPath_A_Normal.png","3771487","A11782765012782EE25D5FCC23871F357CF1600CB49750364035828FB9322520"
"Mat\Material_terrain\Roads\DirtPath_A_PBR\DirtPath_A_Roughness.png","789059","6DD701D05CD333FC6A7088A79AB27B1881BFB68A0099FDF5032106AB7761209D"
"Mat\Material_terrain\Roads\DirtRoad_A\DirtRoad_A_AO.png","1072693","BB5340467FE69AA3F29EE1AC4ED1E3ABE931402D39FE5B986CA86D576DCD506E"
"Mat\Material_terrain\Roads\DirtRoad_A\DirtRoad_A_BaseColor.png","3117085","73DC766F7740FF1776C0A5856ADD91F26B0F2C96D626ABC600552C54D0CBA35E"
"Mat\Material_terrain\Roads\DirtRoad_A\DirtRoad_A_Height.png","1062846","5B762CD95D586AE7645566842D6D85FCC04032E2EF075109B8CCB5009B5C9589"
"Mat\Material_terrain\Roads\DirtRoad_A\DirtRoad_A_Normal.png","3641361","F1A78B6DC4B96FC78F68EB2A2A77B9EE335877474D883CA9971CFA5DCAFD4B46"
"Mat\Material_terrain\Roads\DirtRoad_A\DirtRoad_A_Roughness.png","846087","0E2409518B067E11945FD9CC2291C6FE204801D44E7A2E9EC7B8C4DA35D96C07"
"Mat\Material_terrain\Roads\StonePath_A_PBR\StonePath_A_AO.png","1065728","64F0878DE670A8E334799040BEB1653CD7979C0A2D2314040C62AAF86B3AEBE8"
"Mat\Material_terrain\Roads\StonePath_A_PBR\StonePath_A_BaseColor.png","2923050","0D13D2FDC3892E1C414E8A0751EC1119934D0C5247D3DCF46DB2D7446D221AB0"
"Mat\Material_terrain\Roads\StonePath_A_PBR\StonePath_A_Height.png","1046443","081A2D3A539C59DD0267977716BE1B7488096AA2218C44DCC693643DD89A26D3"
"Mat\Material_terrain\Roads\StonePath_A_PBR\StonePath_A_Normal.png","3661295","4F49859A2CB26CFBD4A07D9776147FC7B50E78F87673BF52FD7A5A83152B63EB"
"Mat\Material_terrain\Roads\StonePath_A_PBR\StonePath_A_Roughness.png","704923","1D1A8F9148C4DBC02513AC0B45BD0AD36FE026C563E201CC41778C007C871451"
"Mat\Packed\Tree02_GroundPlants_ORM.png","1787028","B85A99E0F167FAFAA827DD097DCB520BD95FFEF42919E5028162697542415077"
"Mat\Packed\Tree02_Leaves_ORM.png","1008124","0A73D86AEB40DBE51DB51F63A57FDA28EDD8F5F8A5E26A6FC81CCA320EE02EF9"
"Mat\Packed\Tree02_Moss_ORM.png","920471","9529E409A4BA52B2072C5B24B0CE78433F5BB99C129E143FE1DAD252AE585793"
"Mat\RoofTile\RoofTile_AO.png","3293635","C98EBAFEEDAC2EF1D3DA3A4902ECDFA5F30870BF8872F8BA1701307628B6F9A9"
"Mat\RoofTile\RoofTile_BaseColor.png","3282491","C53F52AA744443C6830F0505D1D640F5796456D1F29594192BD291E0AAAED0BD"
"Mat\RoofTile\RoofTile_Gloss.png","3133572","88A2F9858EBAF2B7481E222BEC4BAF99812748FEA3B66497D796B9C56717F2DD"
"Mat\RoofTile\RoofTile_Height.png","3122171","8CEA907C1F4633AD7445244418DB2724A17D78F594AA347075BAE1AD022E6D8B"
"Mat\RoofTile\RoofTile_Normal.png","3075251","0368188DFC55569D5E602865F212926C7415422AD73BFF12B99C0E9964EC8F53"
"Mat\RoofTile\RoofTile_Roughness.png","3186851","EB0BAFEC33F9CC89569A9F40B8245CA7FA2E002427071B6C4C49F95A9431A73A"
"Mat\Shutters\Shutters_A_AO.png","2608891","DEBCF64BFB8635DCC9AD6787CEDF9E8711D422CFC85CA61345BEC01DF716FB21"
"Mat\Shutters\Shutters_A_BaseColor.png","2872958","3ADBFE179F23914B883EA2350216E2B28E864EE059B3368F9FC5ED29C3F596EF"
"Mat\Shutters\Shutters_A_Gloss.png","3106315","CE45DF5434BA304FD9980D096206C77FDF9E1DD14A43FC21D127AB2206B52EB6"
"Mat\Shutters\Shutters_A_Height.png","2739846","C2F6A3894ED1AAA1E4EB154B8CBB442748E98B6EB55F16A2A9AD15BD2A29D38B"
"Mat\Shutters\Shutters_A_Normal.png","2906970","8F267B0D47BEA70BDDF5F95EF8CD1026D083F1B900F257655AB731207E5E1720"
"Mat\Shutters\Shutters_A_Roughness.png","3029143","D87E83EE52BD5390E000BE5F017953B68CC4A6071F894326818F77B6F0044A5D"
"Mat\T_ChimneyStone\T_ChimneyStone_A_AO.png","2460991","725497275F94C70DC83BD08F6888326D005EB8A2C2372517548A91FEF228E293"
"Mat\T_ChimneyStone\T_ChimneyStone_A_BaseColor.png","2590348","3C9AC08B26661CE864AFE4A33DB4857294AE6C74ECAFE600AD629AC83E4A24CD"
"Mat\T_ChimneyStone\T_ChimneyStone_A_Height.png","2515046","018E32EF34EE9BB272419E86CDF47C8253110445C9504ABE357D92F7EC7BF29F"
"Mat\T_ChimneyStone\T_ChimneyStone_A_Normal.png","2637258","E1EDC1A28BD4B7F932A221366A8FC31A4028747B354E71ECFB63FCC953A4329B"
"Mat\T_ChimneyStone\T_ChimneyStone_A_Roughness.png","3065067","CC032E61906CAB2CB36D0A7177F415D3D67B0E8E331EAC5F6F4F266E6967A604"
"Mat\T_FieldStone\T_FieldStone_A_AO.png","2325736","4176A43199371826D2F3B44B6AE9D410288E52F83DB78C0EB228EAFE17C2E729"
"Mat\T_FieldStone\T_FieldStone_A_BaseColor.png","3022473","1959A9321BA28C32F1EB877A608BE179E17A7C121A653761DF0116B355D0F409"
"Mat\T_FieldStone\T_FieldStone_A_Height.png","3157093","5169634B23D761FB40F0D0F0BF26484B3CD575F180D01A7A2194D9BCC5D47465"
"Mat\T_FieldStone\T_FieldStone_A_Normal.png","2810998","73299B5D3981F8E22D6FBEB5674B1AF17015C3FCC49DAAA539BD1206E3676CF4"
"Mat\T_FieldStone\T_FieldStone_A_Roughness.png","2928258","40837F08276F0B87BE8320A827B1F092F26CDFB796589755E8AA18C03B1C6886"
"Mat\T_Foliage\T_Foliage_AO.png","1810088","7DA622F1A1D1DB12440E9283217D38227D035B1ED173580D29DF1D076D43FA5D"
"Mat\T_Foliage\T_Foliage_BaseColor.png","1867186","204B80E1779330AE290A94D3A8C9E50923AA84683238FCFF28848A8FAF9EBFB9"
"Mat\T_Foliage\T_Foliage_Height.png","1747300","7221DE81684E3EB33E5C3CCE337DFCD35C2D539CC9679EF945E4F9BC2DC7FE40"
"Mat\T_Foliage\T_Foliage_Normal.png","2221894","074480DAF1A9A74BBC5EA47D504102B0B46C91DEAA7F4F811AE4312EF738EBCA"
"Mat\T_Foliage\T_Foliage_Opacity.png","1006023","9F8A1C8F2BA03FFB6D29E053EB2237890728CEB4139455BBFCC551EC91A78C6B"
"Mat\T_Foliage\T_Foliage_Roughness.png","1831895","E8C44165EDC78B85DBDB928F931E5EFB4D7A623F99167DD7DF9C12627ED83707"
"Mat\T_Plaster\T_Plaster_A_AO.png","3333309","1269EB10BCDDA5E9C9224310B35F3BCCE156099C7DE453E41976AEFF560AE7F6"
"Mat\T_Plaster\T_Plaster_A_BaseColor.png","2814074","3C08335B8A8FE16C9F36E8197613E8CDFA83D05753353BE736EC678C0986F24B"
"Mat\T_Plaster\T_Plaster_A_Height.png","3453289","D4A9A9F6948A5930434EBC3DDFCF473CD6D0ABD976C6CD1E2C37C503A3F78FFD"
"Mat\T_Plaster\T_Plaster_A_Normal.png","3139402","C9200AE0294218C4A82806AAA4783FFA9619A1C8C8DF846F500098527AB83A93"
"Mat\T_Plaster\T_Plaster_A_Roughness.png","3425495","24F4A814F751A45CAF87A61A8FC7A535C981DC67518016121F8083155038DC2B"
"Mat\T_Timber\T_Timber_A_AO.png","2408307","68FFB162D1D59BC2133B36C294F1C6EC1BB964FFF8AA8D9567471E6868D681B8"
"Mat\T_Timber\T_Timber_A_BaseColor.png","2503761","646DBF201039DB24B6026E88125C11C08739D8BE03F00DBB1E2BCB3E3F048EAA"
"Mat\T_Timber\T_Timber_A_Height.png","2750664","255484B3FFABECDE9C4D07A6CBF43697EAC04FBF82C74C1551A26604CBA36B09"
"Mat\T_Timber\T_Timber_A_Normal.png","2547251","7C12556FAC2B44723957EA49C2600154C6FAD8EBED6784FFD056474B49432E95"
"Mat\T_Timber\T_Timber_A_Roughness.png","2658741","36F157DFE03AB026447B43497A060EB1DBB113EB1900952E1832A306F049CE23"
"Mat\Tree02_Bark\Tree02_Bark_AO.png","2181828","8D89E730D7E7C75BE73A9A9E9C9CD934DACDA4512DC55C5052187024A05EAA93"
"Mat\Tree02_Bark\Tree02_Bark_BaseColor.png","2062818","CB5B4EBD4FA187320128514D1209EC6A280A02FE481D8431F4A61647334AB3D8"
"Mat\Tree02_Bark\Tree02_Bark_DetailNormal.png","3196466","6F18F56BF1A8990440FACC091BC08A229B498500AE1E4CFB9B6907696A67E8F7"
"Mat\Tree02_Bark\Tree02_Bark_DetailRoughness.png","3420533","5EED7D302D86CE417E3D0648AA05045B3E88465F42EE7D6A7F997E1079685CBF"
"Mat\Tree02_Bark\Tree02_Bark_Height.png","2333442","CDD6BAB9989987187657474EC97565573008494D3DCB3662FD914C1FF47AB84D"
"Mat\Tree02_Bark\Tree02_Bark_Normal.png","2550857","E0C621DA0AA38DEA2C7A653AD365DCAEB68F56D713C1CDAF1E7D094AD4229E5B"
"Mat\Tree02_Bark\Tree02_Bark_Roughness.png","2741106","B200E216692EC680C698F5F0E1BAB728C201425B5F597253A10FBA7DEB68FBC9"
"Mat\Tree02_Leaves\Tree02_Leaves_AO.png","1226277","509CC43630E9415926ED11C3698EC7B7C9736CC1CA887EF64993430753B9A8D9"
"Mat\Tree02_Leaves\Tree02_Leaves_BaseColor.png","1462103","48D6513A941E86DE28552A7F49AC9001D44FCE9DF10BE4BCE419FAFE1D997B63"
"Mat\Tree02_Leaves\Tree02_Leaves_GradientMask.png","1190837","61F7487AD99D88135F9A9D60DC128D0B08295624A9447A689C7FA5382A4E75E0"
"Mat\Tree02_Leaves\Tree02_Leaves_Normal.png","1591406","F51B544962F1FF717E0312F0A567E0B0851F12ECE0461289EA34877B5355D7B1"
"Mat\Tree02_Leaves\Tree02_Leaves_Opacity.png","808169","31071A003F887DB937A61CAD08477B56831EE6EFC3B9C9FCBBDA3AF4344EAC42"
"Mat\Tree02_Leaves\Tree02_Leaves_Roughness.png","1325445","9F5EB12CC001C3CD57AEAF2A129A8E2B997411FCE1BECBC06CB8F2B1A33DE843"
"Mat\Tree02_Leaves\Tree02_Leaves_Thickness.png","1160649","615F89457723A19EB2C292DF99F5A7677DBA7E0EEFF5A8C1310C243EB57EECB3"
"Mat\Tree02_Leaves\Tree02_Leaves_Transmission.png","1353090","41BE6F166151D778B4C17046E08C1DB48A962A82025B62F97F0C90ED02783C5E"
"Mat\Tree02_Leaves\Tree02_Leaves_WindMask.png","1209064","DC76D69904750BEDA065BF26917D701A14A7C443EF4D3E647E7984B37C189A01"
"Mat\Tree02_Moss\Tree02_Moss_AO.png","525819","E4CDCB46BCACCD969262348B3E67FD0BF805BB6891B98071A86DD56BEBBE82D2"
"Mat\Tree02_Moss\Tree02_Moss_BaseColor.png","1421307","C1C7A1B4CC397ACF389D1CA56BE7C967710DF72B4DB081BA8BB2BDD5ACD0CA68"
"Mat\Tree02_Moss\Tree02_Moss_Normal.png","1323349","2CF50D934836502D83F5547BC1D1137FA2680E64D8F3BA21AF16B1B9FCCD50DC"
"Mat\Tree02_Moss\Tree02_Moss_Opacity.png","50201","C74823E64EE5AB318EFFE909AADE0A87974FFFF5A13EC2B5AAC5D8FAF0F6C96F"
"Mat\Tree02_Moss\Tree02_Moss_Roughness.png","259890","5C917F773FF5745769587BAA2410B871921B3B737D0F0CA168B5ADCEDF968306"
"Mat\Tree02_Rocks\Tree02_GroundPlants_AO.png","2168781","73C88850539912C6D101D971E773F0F506F95C52FF519E89D416E940AB24FF83"
"Mat\Tree02_Rocks\Tree02_GroundPlants_BaseColor.png","1939928","8AB66268675A9CA0583518F6739C907A5E0DD0491A930DF87CB098F6642F94CD"
"Mat\Tree02_Rocks\Tree02_GroundPlants_Normal.png","1838729","1E26EAE4E2D478363B8DB326FAFC32775C05B173C27FBC8BACBA56BED8E09E9A"
"Mat\Tree02_Rocks\Tree02_GroundPlants_Opacity.png","1494686","08D4880CBF7C184730FC52A8E80EAE92E39DB90891227331904C6BE80AE46548"
"Mat\Tree02_Rocks\Tree02_GroundPlants_Roughness.png","1981787","D35F1A6B11664F27F793DA98668BB26E55D8C7FD2897890BCEAE84C2CB64965F"
"Mat\TZ_Tree2\tz_tree2.txt","26766","CB41D18162C4849BD49F6E378D9FB8A5B6C9FA3C9EEC399F6AAEC3FC659936B4"
"Mat\TZ_Tree2\Концепт уютного дерева для игры.png","2490941","3BABF2515131657CA6787943348B4E502254ADB2FC4C693ECCE71D9D26C5FCA6"
"Mat\TZ_Tree2\Лиственное дерево_ игровой арт-лист Varianta 2.png","2647891","E8FCCB859B2735E45A6D1A164209958BFB121A6EEAF44DE00ACE93E917AF5D96"
"Mat\TZ_Tree2\Стилизованное дерево с цветущими корнями.png","2034808","0E31761A91CAD596CDA286591DB8412FA599DF0C803FD2AD0488BD508091A85A"
"Mat\TZ_Tree2\Текстуры дерева_ полный UV-пакет.png","2580977","0699FA355A4A6F189B2E1540B29E24C09FCC5A2E585C405405264910C895B416"
"Mat\Тест\Damaged_White_Concrete_Plaster_Texture_2k\Albedo.jpg","3628784","FA5304A844E92034D8E6900D177BD0C073B1043C3077F4F25884FF95C3DC6BC2"
"Mat\Тест\Damaged_White_Concrete_Plaster_Texture_2k\AO.jpg","1439832","371405364526B236F3C4AC16843F7909BF807E8B622087E272F7B2C15EDC5117"
"Mat\Тест\Damaged_White_Concrete_Plaster_Texture_2k\Displacement.exr","17518651","D39B811C23EE4E7D47949DC074C26768FA02CD90C94E2ECEB265743D3EAED0A5"
"Mat\Тест\Damaged_White_Concrete_Plaster_Texture_2k\Displacement.jpg","548902","A8003285D9B3D5236C7E460F82D771B4EB4825546583D34CDECA65515060BEFA"
"Mat\Тест\Damaged_White_Concrete_Plaster_Texture_2k\Gloss.jpg","1095338","557994728742143667E37B680F6C8C999C644D764132CEB38F6BE0F9E3CB217C"
"Mat\Тест\Damaged_White_Concrete_Plaster_Texture_2k\Normal.jpg","4183365","6F69C37105D77BD4009E3638F5E6754EC54AC8C61928DF3C4DA7EA80E1CE000D"
"Mat\Тест\Damaged_White_Concrete_Plaster_Texture_2k\Roughness.jpg","1095334","AEB6421348D22B54DF627A6CF70650682B9C80D347D4B3194B78E5880D90D8F8"
"Mat\Тест\Realistic_Bark_Texture_01_2k\Albedo.jpg","7035931","CE0559E1B86462245EAFD592F1772139F613D052901021D65A58C622353BEA28"
"Mat\Тест\Realistic_Bark_Texture_01_2k\AO.jpg","2988998","9C0244C6B12BDDFCBE344A1EE1F6E9CB1498B198FF8F1BF2BB2CF8159D998C50"
"Mat\Тест\Realistic_Bark_Texture_01_2k\Displacement.exr","34733344","A0410F0D486E91FAE1FD9D564DACDB51ACEAA6BF2929C978CDC15DA32284E33A"
"Mat\Тест\Realistic_Bark_Texture_01_2k\Displacement.jpg","1021510","BDCD2E358C034FCB72ADB1C3394D6413E352F11A8C3748DE9E1F50DC21273B6E"
"Mat\Тест\Realistic_Bark_Texture_01_2k\Gloss.jpg","1831241","135E2FC5B629350A3C7BE8552E26C7D531CC642E8EAD0514D0051AA11A90C8AB"
"Mat\Тест\Realistic_Bark_Texture_01_2k\Normal.jpg","9630781","58D96126947623168310B83D95CE6C181471B8BBDA8D0BDCFEB061DC721581A4"
"Mat\Тест\Realistic_Bark_Texture_01_2k\Roughness.jpg","1831399","67593DDDBC1126840C53D77AB20EE2571D1BBBF1C0189B23F4B7C945AEF174C1"
"Mat\Тест\Rough_Tree_Bark_Texture_01_2k\Albedo.jpg","7518092","2FBCB1A45B37DDEB1E2EA770AD8863D055AEC062AF11EC4CB695175C50FD44E5"
"Mat\Тест\Rough_Tree_Bark_Texture_01_2k\AO.jpg","3682258","942333621B22DB8B87BC305F203A85DAC4E77440E9D37442B391C1ED34A86B7B"
"Mat\Тест\Rough_Tree_Bark_Texture_01_2k\Displacement.exr","36395293","49A829C589818BB5E8D3B81FBA22B1F3E1F26E62B6B97CE304A7A1AFB6193E24"
"Mat\Тест\Rough_Tree_Bark_Texture_01_2k\Displacement.jpg","1435892","31BDA47F874D0D04FB3DBF88BAB02FC70A3F1515CCBE065BAAE64D45ECB8A9EE"
"Mat\Тест\Rough_Tree_Bark_Texture_01_2k\Gloss.jpg","2259821","82FE71F81FE92992D0391AE34A5F249834FF7D11DF0039992FD2341F4A8AD807"
"Mat\Тест\Rough_Tree_Bark_Texture_01_2k\Normal.jpg","10734185","20F252C1FFA2A655EA8734AB80B483040B5B85EDC4AE7007317C06FE38D2C58D"
"Mat\Тест\Rough_Tree_Bark_Texture_01_2k\Roughness.jpg","2259987","24F58F9FD221FE26FE393F1AD49CB68DC4F0DD4CE972BF6EE3221289A6CF643D"
"Scripts\__pycache__\asset_book.cpython-310.pyc","19539","A8D21F621B0BBE8103AD2B9EC9D3463FBDEAFE41E7988013E01F34271809673D"
"Scripts\asset_book.py","20604","4DB437845C80588163694E5FF6236A49690C3BCB1D75C1323B0037B8A1DA5784"
"Scripts\create_source_snapshot.ps1","1428","D7F92E4CC2533AEEB73A6C95DCA9DEB27CB19DEE6836A8C2F8D49F9712CF739F"
"Scripts\setup_scene.py","2074","035A5EA13737EE31A7DEBA9ABB61DB6F6AB88CD3185DF4596DD5A93AE391224E"
"Scripts\validate_scene.py","808","7C2D3FFC0C20E16824162F529B47EC7A6B43EACE336CEBFBE0B161ECEDAAF42A"
